# Resource object code (Python 3)
# Created by: object code
# Created by: The Resource Compiler for Qt version 6.10.1
# WARNING! All changes made in this file will be lost!

from PySide6 import QtCore

qt_resource_data = b"\
\x00\x01\xa9\x8b\
\x00\
\x00\x01\x00\x06\x00\x10\x10\x00\x00\x00\x00 \x00R\x03\x00\
\x00f\x00\x00\x00  \x00\x00\x00\x00 \x00I\x09\x00\
\x00\xb8\x03\x00\x0000\x00\x00\x00\x00 \x00\x83\x11\x00\
\x00\x01\x0d\x00\x00@@\x00\x00\x00\x00 \x00\x0d\x1b\x00\
\x00\x84\x1e\x00\x00\x80\x80\x00\x00\x00\x00 \x00aQ\x00\
\x00\x919\x00\x00\x00\x00\x00\x00\x00\x00 \x00\x99\x1e\x01\
\x00\xf2\x8a\x00\x00\x89PNG\x0d\x0a\x1a\x0a\x00\x00\x00\
\x0dIHDR\x00\x00\x00\x10\x00\x00\x00\x10\x08\x06\x00\
\x00\x00\x1f\xf3\xffa\x00\x00\x03\x19IDATx\x9c\
=\x93Ml\x94U\x14\x86\x9fs\xbf;?\xf4\xab\xb5\
\xb5\x85\x96:Ni\x80(\x13\x13J\x8c\x18D4\xc4\
\xc4\xe8B\x17F4J4.\x10\xa2n\xdc\xbaq\xa3\
\x1bcBt\xe5\xbf\x09\xfeDY\x19\xea\xcf\xc6`(\
1!\x01\x91\xa6\xb6\x8ctj\xdbP;5\xb5\x99N\
\x87\x99o\x98\xbf{\xcc\xfd@\xef\xea\xde\x9c\xf3\xde\xf3\
\xbe\xe7\xbcG\xc8\xe5\x92\xe9\x8d\xd4q\x11y\x01\xd5\x10\
0F\x84F\xa3\xc9Hv\x18U\xe5\xea\xd2\x0a\xc9T\
2\xbe\x03\x0e$Ru_]O\xac\xbff\xd3\xe5\xd4\
;&\xb0\xaf\xaak#7\xa2\xb4\xdbm\xb6\x0c\xf4\xf1\
\xe2\xe1\xa7Q\xe7x\xff\xe3\x13\x94*U\x8c1\xfe\x03\
\x03\xdam\x82\xc4\xb1t\xbbO\xad\xa0/\xabk;\x01\
\xe98$\x9d\x14\xaa-\xa1\x1a9\xcc\xfaE:\x0e\xae\
\xd5\x15\x9f\x11&\x85FK\x09\x04U\xd7VQ\x8eX\
D\xac\x07\xfb\xca\x89\x00^?4\xc4\xf4\xc2\x06\xae\x03\
.\xfa\x1bTy|\x0fX\xdbEn[/o\x9d\x5c\
\xc1iLV\x101\xd6s\xf2\xca<\xb9f\x1b\x96W\
k\xec\xdd\x93\xe3\x9e\x83\x87\xc9fG|\x98\xabKK\
\x5c:\xf35\xf9\xfc\x0c\xad\xb6`\xad\xfa\x7f\xe3cc\
Q\x22DM\xb8oG\xc0Pf\x94\xa7\x8e\xbe\xcd\xd6\
\xcd}72\x80\xccP\x0f}]\xcfQ\x89N0\xb6\
m\x92\x0b\xf3\x1d\xba\x92\x82S\x8d\x0b\xc7\x0c\xacq\xec\
\xca$x\xf8\x89\xa3\x0c\x85u\x96\xa6\xbe\x03u\xb4\xa2\
\x12s\x17N\xb1c4\xc3C\x8f=O.\x93\xc0\x1a\
\x8d11\x03\x89\xbb\xee\xd8\xd2\x9b\x22;\xb2\x9d;n\
\x1f\xc4\xa5\x87\xe8\x1e\x18%?\xf1\x01N\x85\xed{\x9f\
\xc1\x86\xb7\x91\xcd4\xe3\x9c\x81\xdf\x0b\x946\x1a\x04\x81\
`L\x10\xd0\xacVy\xf0\xc0\x01\xb2w?\xc2\xcc\x1f\
\x05\x02c\xb0=#,\xac\xb6(,\x16ik\x10w\
m:\xff'\xa3c\x8f\xf2\xc0\xfe\xfbi\xd4\xaax\xac\
Qu\x98\x94e\xa6\xf0\x17A\xa3\xc8\xcc\xc4'\x9c=\
\xf7+\x8d\xd5Iz\xfb\x07I\x12\xd1\x5c\x9b\xe6\xec\xb9\
\xdf\xb8\xf2\xcb\xa7H\xbdH~n\x19\x93L\xc4\x1e1\
\xce\xa9\xa4\xd2\x9b\xb82;\xcb\xcf\xe7\x17h\xd4\xcaL\
L\x9c\xe1\x1f\xb9\x8bR=\xc9Z=\xc5z\xfa^~\
\xfc\xf63\xa2r\x91\xd3\xe7\x17\x99-\x14H\xa5\xd3\xff\
7QE\x04\xb4\xc3\xf8\xe9I\x92;\x9fe\xf7\xce~\
f\xf3\x93\xec\xdf\xb7\x8f\xd1p\x85\xf1\xf7\x9e\xe4\xce\xcd\
5\xd2\xb9c\x9c\xfa\xe9\x22\x06G\x8c\xb99~\xf1\x1e\
\xb7\xd6\x12U\xaf\xf1\xe5\xc9\x1f(\x14[\xb8f\x85\xca\
F\x99\xa6\xb3\xf4\x0c\xee\xa2\xdc}\x90/\xbe\x19\xe7z\
T%\xb0\xf6\xbf\xbd@6\x0d\x8fE\x88\xa4\xe2\x871\
&\xaa\xd5\x08\xbbB\xb2[\x07y\xe5\xa5C\xa8\x1a>\
\xfa\xfc{\xe6\x17\xe7\x88\xeau\xba\xc2\xd0k\xf7h\xef\
\xa6\x8eA8.\xc6\x1aoK\xdf\x940\x0cq\xceQ\
\x98_\xa4T\xae\xb3\xb6^\xe1\xf2\xe5\xa9x\xee>\xe6\
s\xf0\x02\x8c5F\xdc\xbb^\x88\x09\x87w\xbf\xe9L\
p\x04\xd5\xfe\x9b\xc6\x14\xed8zn\xbd%\xde\x85J\
\xa5\x8a\x04\xc6\xd3\xd6xm\x84u\xa3\x9d\x0fk\xcbS\
o\xfc\x0b\xa2\x95g\xcd\x96\x87\x9f\x94\x00\x00\x00\x00I\
END\xaeB`\x82\x89PNG\x0d\x0a\x1a\x0a\x00\
\x00\x00\x0dIHDR\x00\x00\x00 \x00\x00\x00 \x08\
\x06\x00\x00\x00szz\xf4\x00\x00\x09\x10IDAT\
x\x9c\x8d\x97ypW\xd5\x15\xc7?\xf7\xbd\xf7\xdb\x97\
$$!!!\x80\xa5 \x08R\x10D\x96\x22 \x05\
\x84JA@;t\xaa\x80\xa2\x08VZE\xa9\x22j\
\xd5\xe2Ri\x8b020h\xeb(\x8e#\x82K\x05\
E\xac\x1a\xaa\xa0D0l\x0a\x02\x11B\xc8B\x12\x12\
\xf2\xdb\x97\xf7\xde\xed\xbc\x97\x84Q\xf8\x85\xf6\xfc\xf5\xfb\
\xddw\xeeY\xbe\xe7\xdc\xb3\x08@\x00\x12\x06;\xdcE\
\xe6=B0\x07\xe8\x05\xb8\xda\xbee$EQ\x88\x86\
\xc2 \x04\xbe\x80\x1f\xd34\xb9\x04I$I\x09\x15\x08\
\xb9!\xa15\xaf\xa4\xb22a\x89\xb1\x15\xf8\x0b\x07\xe6\
\x1b\xaa\xf2\xa6P\x94\xd1RJ\x90\x97\x14fS\x22\x9e\
\xe0\xda\x91C0M\xc9g\xbb\xf6\xe0\xf1z\xfe\xe7\x1d\
\xcbX!\x14L\xc3\xf8R\xa8\xcc\x88W\x95\xd7\x08\xb8\
\xc2\xe9)r~,4\xe7\xcf\xa5\x9e\xd2A\xa8\x88\x8b\
=\x17\x96]\x02T\xcb\xf3\x960O>z/\xd3&\
_\x87\x10\x82\xd7\xdfz\x9f\xe5\xcf\xae\xc1\x97\x15\xc0\xc8\
\x80D\xfb\xddV$\xa4.T\x87\xc34R{\x13R\
\xbbVx\x8a\x06.\x14\xaa\xf6\x824uK\xb9\xd6\x81\
\xe1X\xc0X\xcat\xdd\xc0\xef\xf7\xb2o\xc7f\xae\x18\
9\x13\x9f\xc7M\xd9\xf6W\xe9?r*i]\xb7C\
c\xa1\xd8~'3\xc9\xb4\x10\x9a\xc34\xd2\x0fjR\
\xb0@H\x0bs\xa1dbU\x14A*m\xa2*\x16\
|\x12\xa7S%\x16\x0aq\xa2\xb2\x9a\x05\xd3\xfb\xe3r\
\xb99ZQI2\x1a\xc1\xe5\xf3\xd9\x08Xz\x0dC\
\xe2\xd0\x14;D\x19\x5cR%\xa6)\x141Wx\x8a\
\x06%\x10v\xc2\xb5\x19\xf7\xe3\xd4\x8b'L\xba\xe4:\
H\xa4L\xe2iI\x22%!\x9a \xbf{\x09o/\
\xedAR\x17\xcc|\xba\x82\xe6\xea\x1a\xf0\xbaq;\xc1\
\xe3Tpi\x82\xba\xa64^\xb7\xda\x8e\xfd\xc5\xf2%\
)\xe1)\x1ed\x05\xed\xe2\x98\x0b\xd0\x0d\x18\xd3\xdf\xc7\
\xc37\x17p\xf7\xbaj\x0e\x1d\x8b\xf2\x8b\xab\xb3\x19;\
 H\xae7MQ\x8e\x82)%\xb5\xcd\x92\xc6\x98\x83\
O\xf6\xb7\xf0\xe9W-\x0c\xe9\x1f`\xc5\xdc\x22\x1e\x7f\
\xbd\x96]Gbh\xaa\xc0\xc6%\x03\x18\x22\x93\x01\xed\
\xcas|\x0a\xff\xfc}w\xb2|*\xaf\xedhbh\
/?\xaa\x19a\xf7\xd1\x04g\x93Y\xa4\xb5l\xdb\x0d\
Mo&\xdf\x15b\xf8\xe5nb\xa6\x9f}'\xa2\xfc\
vL.g\xce\xa5\xb9}U%\xe1\x84DU2\xe7\
\x84\xf0\x14\x0d2\x10d\x8c\xbfj%]Z\xe7\xb9y\
\xdd\x19q\xb9\x8b\xe5o\x9c\xc6\xd3u,S&M`\
\xe8\xe0\xfe\x88\xd0!\x84\xe2@\xf7\xf5f\xf7\x9e\x03\xbc\
\xf7\xfev\xf4\xba\x1d<2\xab\x1b\xdb\xf7EY\xf6\xca\
i\x9c.\x87\x9d\x0f\xe7Cp\x01i\x99\x9e\x9c\xad\x5c\
\x11D\x22:\xb7\x8e\xcf\xa3(\x98\xe2\xce\xf5\x09\xfe\xb0\
h\x19\xbf\x1a\xe2$\xd8c\x8c\xcd\x13\xaa\xed\x84\xa2j\
\xf8;\xe7\xd3\xb3d\x1c\x93\x7f\x96\xe6\xad\xafF3w\
\xf5\xdfxl\xba\x9b\xa9#\xf3\xd8Xz\x96\x80_C\
7:2 \x03Y\xe5)\x960\x18\xd2\xc7\xcf\xdc\xb1\
~\x96\xbe\x99b\xdd\x9a\xb5\x0c\xee\xff\x13\x1a\xab\xf6\xa1\
\xa7\x93\xa8\x9a\x93`\x97\x016\xbf\xf5\xec\xd2\xa98x\
{p\xdb\xaf{\xd1\xa7g\x09K\x1e\x5c\xc2\x9fo\xca\
\xe2HU\x9coO%p9E\xc6\x17\xa1\x5ct\x22\
\x04\xd2\xaaX\xc0\xe2\xa9\x9dY\xbb\xad\x91\x85\xf3\xe7\xdb\
\xca-'\xf2J\x06\xda\xca\xad\x9a`\x05\xb5\xbdr:\
]^\x5cn?_l\xb8\x83\x11C.c\xf6\x9c;\
xi{-\x8b\xa7\x15`\xe8\xe6\xf9\x04\xb4\x8a\xd2y\
U2\x83\x01\xd6A<n0\xa2_\x10#\x1dA\xe6\
\x8fd\xca594\xd5\x1c$Rw\x88\xfac\xa5\xad\
\xca\xed\xa8Z\xca\x0d\x84\xa2\x12:s\x84\xfd\xef,\xa6\
\xef\xd8E4V\x1dg\xc6\xc8N\xc4\x02\xd7\xe0\x22\xca\
\xd5}\x02\xc4\x93\xa6\x8dl[ElENd0\xc0\
\x96\xad\xc3\xd8+\xfd\xec\xa9H2e\xd2x\xb2\xba\x8f\
&\xbb\xb0\x1f\x8a\xe6\xe4\xd4\x9e\x0dT\xec\x5c\x8b\x94\xad\
u](\x1a\xcd\xd5\xfb9\xfc\xe1\x13\x5c>n\x09\xd9\
\xc5\x03\xc9*\xecK\xa7\xcb\xc60q\xfc8\xcaO$\
lYR\xb7\xaa\xe3\xc5\xe9\xa6\x5cx`#\x8aAq\
\xb6ImHc\xd8\xd0\xa1\xed_\x08\xe4\xf7f\xd0\xcc\
U$Zj9\xb2m\x19M\xa7\xbe\xa2\xf6\xdb\xad\x9c\
\xfcl\x15\xbd\xaf{\x80\x9c\x92\xc1H\xd3@U\x9d\xf6\
\x8d\x11\xc3\x86q\xfa\x9cB\xd7\x1ci\x9f_D\xf2\x02\
\x03,\xfb\x0c\xc3\xa0\xb0(\x8fNy\x85\xb8\xb3\xba\x92\
\xaa\xdbIS\xe5n\x14EEJ\x03\xd5\xe1\xa5\xdf\xe4\
\xc7\xa9\x0f\x0bj\x0e\xbeG\xed\x91Rb\xd9#\xc8\xe9\
:\x08\xd3H#\x14\xc5\xf6\xf4\xec\xc9\x9d\x18\x8de8\
\x02%\xe4w. \xaf0\x17C\xb7^\xfc\x8f\x15*\
?\xfc\xafj*\x89P\x84G\x17\xdf\xc9\x8c\xdf\xbdH\
E\xa3\x8a?\xd0\x09\xcd\x1d\xb4+^[+\xb5y\xf7\
\x9e\xe9B(!i\x8a$);\x96h\x8bi[\xd9\
\x95\x12\x87;\x1b\xaf?\x9b\xef\xcf:\xb9y\xd1K<\
x\xcfl\xe2\xa1\xb0\xad\xe3\x12!\x10`\x98\x84\xc3\x11\
bI\x93\xfa\x93\xe5\xbc\xb2\xf5\x00\xc1\x82\xbevl\xac\
gd\x18i\xf4T\x8cs1\x83\x9c\x9fN\xa0\xb9\xe6\
8-\xe1(z:\x8e\xa9\xa7l\x1e\xabi\x05\x0b\xfb\
\xf1\xea{\xe54\x9e\xdag\xf7\x8bP8\x0c\xd63\xfc\
a\x16r\x81\x01\xf6\x93\xd2\x14\xbe=Z\xc1w'\xaa\
\x99:<\x97\xe4\xb1\xd7\xb8\xf7\xb1\x95H\x14\xbb\xd5\xd6\
~\xf3._o\xba\x9b\xb1\xc5\xc7\xe9\xd6\xa3\x17\xdd\xba\
\x160\x22\xf7\x00\xe5\x9b\x17q\xe6\xc8\xfb6O\xda\x10\
\xdc\xf3\xf0_P\xab\xde\xe0\x97Cs9^Y\xcb\xe1\
\xa3\x15\xa0i\xad::2\xc04MT\xaf\x87\x9de\
\xe544\x9c%a8\xb8srw\x02\xf5\x9b\xb9e\
\xde|\xfe\xfd\x9f2\xf2{Od\xc0\x94g\xf8\xf4d\
\x17\xa2\xb1\x04\xcd\xa1\x08\xa5U\xc5\x5cy\xc3S\xe4\xf6\
\x1c\xcb\xb6Ovq\xebm\xb7S\x18\xda\xc2\xdc\x09%\
\xc4\x0d\x075u\xf5\xec\xde{\x00\xcd\xeb\xc6\xbc`\xda\
R.D\xc0\xe3rQQQ\xd9z\xc1\x93\xc7\xd9\x96\
\x08\xc3\x07\xf6b\xe7\xaer\x8e\x9f8\x89\xc7\x97\x8d;\
P@4\xedDU\xad\xc4\x94D\x92*n\x7f>.\
O\x16\xc7\xbe\xaf\xa4l\xcfA\x86\xf4-\xa0\xbe%\x81\
\xc3\x9b\xcf\xe7_\xec\xe1Te5n\x97\xeb\xd2\x08X\
dO>\x8a\xc2\xa6w\xb6\x10\x13\xf9\xfc\xe6\xe9C\xd4\
\x9c\x13\xfc\xf1\xfe\x05\x9ck\x89\xd0x\xb6\x89H4J\
SS\x13^\x9f\xdf\xee\xf7\xf5\xf5\xb5v\x95l\x0e'\
\x09\xc7R\xcc\x99\xd8\x85#U\x11\xe6\xac\xf8\x8e\xb8\xc8\
e\xd3;[Q5\x072\xd3\xb8\xe6\xc9\xd8\x8e\xad\xba\
mR\xd09\x97G\x96,\xe6\xa3\xad\xafp\xff-\xc3\
\xa8\xd3\xaef\xcb\x07\x1f\x91\x8aG\xb9a\xf2Dn\x9c\
4\x8a\xfdo\xcec\xeb\x97u\x1cn\xb9\x0c=\xd9\xc4\
\xa8\xee\xcd\x14e\x19\xbc]\xd1\x87\x91\xa3\xae\xe7\xa9\x15\
\xcfS\xdf\xd8|~T\xfb\xbf\x9a\x91\x94\xd2\x86\xb7\xf2\
D\x15\x1a1V\xad^\xcf\xacY3X\xba@c\xed\
\x8a\xc7\xce\xf3\xa5\xe2\xe7H\xe9\x82\x89W\x05\x19\x9d\xac\
'7\xa8\xb2\xfb\x1b\x9d\x17\xcb\x0a\xd9\xf0\xf2\xdf\xd9\xb8\
\xe9-N\x9d<\x8d?+\x98qX\xb5\xe8\xa2Bt\
\xde\x08S\xe2\x0d\xf8\x993\xef\x01\xd6\xae\x7f\x99\x0d\xaf\
ndsi%\x0b\x17\xccf\xef\xee\x8fm\x1eU\xd5\
\x10\xd2D\x15\x92\xaa3\x11\x9e\xdd\xdc\xc8A\xf3z\xfe\
\xb1n\x1d\x7f}~\x0dw\xdd\xbd\x0c_0\xd8\xf1\xce\
 \xad\x10t\x1ddMK\x99\x17\x10!Z\xe7\x82\x86\
&F_7\x9c\xc7\x97\xdeG<\x99f\xeb\x96Mt\
/)d\xfe\xdc[9\xb4\xe5!\xde\xfd\xa2\x01={\
(\xd7O\xba\x01\xc5H\xf0\xc8\xf2\x95\xec\xfa\xbc\x0c\x7f\
^\xae]Y\x7f,\xb3m.l\xff\xeb)\x1e\x14\x01\
|\x5c\x824M%\xdc\x12\xb63t\xcc\xa8\xa1\x8c\x1f\
7\x86M\xef~\xc0\xc6\xf5\xcb\x09\x87\x9a\x99\xff\xd0\x1a\
\xa6M\xba\x96m\x1f~\xccg\xbb\xf6Z\xd0\x10\x08\xfa\
\xed\x11\xbec\xb2Z\xa3\x99\xd2\xc0\xdc/\x846\x5cZ\
\x98g\x9a\x0f\xac\xe6h\xed\x02\x01\xbfmx\xe9\xae\xaf\
)\xdd\xf2!\xf3\xef[H}s\x02U\xf5\xd3\xb7g\
\x17\x1e\xbew)\x227\x1f_V\xb0\xf5N\xda\xb8\xc4\
b\x87ig\xba\x94\x87\x150W\xb6\x01s\xc9}\xcc\
J\x22+\x96YA?\xaa?\x8b\xd9\xb3\xa6\xf1\xc4\x8a\
\x17xn\xf5z\xe6\xcc\x9a\x8e\xea\x0d\x10\x0c\xb6\xee\x88\
v\xcc;Vn\x8b\xb3f\x1eU\xd1W\xdbl\xde\xe2\
\x01\x1bQ\xdd7aXf\xdb\x83\x8au\xde\xc1\xac\xa8\
\x10\x8fD\x994a4\xcf\xfci\xb1]\xfb\x17/{\
\x86Ov|\x89\xc7\xe7\xed0\xdb[#o\x8dPB\
\x0a\xcd\xa1\x0a#\xf6\xafh\xf5\xa1\x1b-%JAA\
\x81'\xa2\x16\xbc,\x15\xe7L\x9b\xd3.\x97\x1d\xeeU\
6z\xb1h\x8cn%E\xb6\x01\xa7\xabk\xf1\xfa\xbc\
\xf6\xcb\xe9\xd8s\xd1\xba\x9cZr\xcd\xf4k\xbet\xdd\
]\x0d\x0d\x0d\xd1vOmm\xfe\xe2~\xd3\x0d\xa1\xcd\
C\x8a\xab\x80\x5c\xcb\xe1\x8e\xc4\xa9\x8a*\x12\xc9\xa4\xfd\
\xdb\xedrf\xf2\xfc\xbc\x07B\x08SJ\xd9,\xa4<\
 H\xad\x8b\xd6\x1c\xde\xd8n\xd5\x7f\x01\x22v\x10;\
\xe8\xd7\xec\x93\x00\x00\x00\x00IEND\xaeB`\x82\
\x89PNG\x0d\x0a\x1a\x0a\x00\x00\x00\x0dIHDR\
\x00\x00\x000\x00\x00\x000\x08\x06\x00\x00\x00W\x02\xf9\
\x87\x00\x00\x11JIDATx\x9c\x9d\x9a\x09|\x15\
\xd5\xd5\xc0\xff3\xf3\xd6\xec{\x02\xc1\x84@\x80\x10\x10\
\x08\x0aRD\xb0\xd0R\x16kA\xeb\x06U\xa8\x0b[\
U\xe4\xb3 \xb5P\xed\x86\xb5.\xa8\xed\xa7E?\xa9\
?\xad\x88E\xb0U\xacZ\xb0\x02BAd\x09\x04B\
L\xc2\x12\xb2\xb2\x85\xe4\xe5\xbd\xbcuf\xbe\xdf\xbd\xef\
%$1\x09\xc1\x9b\xdf\xe4\xcd\xbb\xf7\xce\x99s\xce=\
\xfby\x0a\xad\xe36\x0d6\xe8\xe2.\xaaO\xc1\x14\xd3\
\xe4\xa7\xa0\x5c\x07f/\xc0\xc6\x15\x0eEQPUU\
\xde\x1b\x86\x81i\x9aW\x0a\x02L\x02\x86\xc2\x19\xc54\
\xf7*(ozk\x0e~\xd0\x11W\xa5\xed\x84=\xed\
\xea~\x8a\xd5\xbaZQ\xb8YQTL\xd3\x80o\xf1\
b\x81x(\x14\xc2\xef\xf6\x08J\xb0GGc\xb1h\
\x92\x90+\x1f\x8a\x84!\xe91\x8d\xad\x86\xee_\x1c\xa8\
+.n\xc1Y\xac\x086\x19\xce\x8c\x11\xa3LM\xdd\
\xac\xaaZ\x9ai\x84\x04\xd6\xe2R.\x11\xd9s\xe4\xbd\
\xcd^\x12\x13\xe3\x994\xfe:\x0c\xc3d\xeb\xb6\xdd\xb8\
\xdcn\x1cN'\xe6\x95\x13aF.\x14ES\x0d\xc3\
h0u\xffL\xff\x99\xa3\xdb\x04\x11\x12AGFA\
\x96\xa2){Q\x944L=\x08\x8aU1\xc1\xbc\x0c\
\xea\x1d\xf7h\x8a\x8a\xdf\xe7c@n_>\xde\xf0*\
Y}z\xcb\xf9\xd2\xf2\x93L\xbb}\x1e\xa7\xab\xea\xb0\
\xd9m\x98\x86\xf9\x0d\xd8J\x07X\x9d~\xc7\x0c\xa1j\
\x16\xd34\x9a\x0c34*PST*\xb8o\xa2\x9a\
\xab\x15UkE^\x92\xdd\x03\xbe\x7fC\xb8\x14\x08\x06\
C\xfce\xf5\xaf\xa5\xcc\x0f\xbcf2\xf9\xd7M#!\
>\x8e\x17\x9f^A\xd0\xeb\x97\xba\xd1\x19lS\xb9\xcc\
w\x09_\xb1`\xea!U\xd5b5\xd45bFu\
\xf4\x1a6NQ\xd5\x19\xa6\x112Z\x90\xef\xf1h\xcb\
!\x14\x82!\x9d\xa8\xb8\x18F\x15\x0c\xe5\x95\xb5\xefR\
v\xf0\x18\xc7\xbe:\xcc\x1b\xeb\xff\xc1wF\x8d\xc0\x12\
\xed@7\x0cI\xc4\x15\x0f\xa5\xf5\xc6\x22qU\xb5\x09\
Q\x99\xc3\xa7\xaa\xa6\xa2.@Q\xc5\xf2\x15i\xab|\
\xa2\xcd01\xa5\xa2z].\x8e\x1c+c\xce]7\
\x91\x9a\x95@\xef\xdc4\xee\x981\x85\x83E\xc7\x08y\
\x9a\xd14\xed\x92ER\xc2WGX=\xa0\xc6TP\
M\xc3T\xeeSU\x85\x1b\x10\xd6&\xac\xcc\x97\x7f4\
\x82\xbc7`~C\xbb\xc5\xbc\xcdb\xe1\x7fV<K\
J\x9c\xc2\xfa\xe5\x03y\xfb\xb1<\xac\x8a\x97\xe5O\xae\
\xc6\xee\xb4\x87\x85\xb9=\xe5\x08Xjg\xa7\xd25K\
U\x13C<0Z\xc5$M1\xc2\x12\xd6\xf6\xc1\x8e\
\xef\x11s\xd2\x5cE^\x98\x7f\x95\x83\x16\x83\xa2\xa9a\
K\xd7\xec\xd5\xf1+v\xbe\xf8\xf7\x7f\x19?}.q\
\xd16,\x8a\xc9w\xa6\xfc\x84};\x0b\xf1\x9b6\xbc\
>C\x22\xab\xa9\x8a\xe4\x9b\x82\x80e\xa7\xd9'\xcd\xba\
\x84\xa3D\xfe\xda\x89h{\x9c\x14a\xdeU\x94T\xc5\
\x99Y\xa0\xf7\x84\xfb\x02pH\x87PPg\xd1\xf4d\
\x16L\xcb\xe0\x89u\xb5l\xdauQ*\x9c@\xa4\x7f\
\x86\x9dk\x07D1$;\x8a\xecd\x8d\xe1\xfdb1\
L\x93\xc2\x13nN\x9f\xd7):\xd5\xcc\xfer\x0f'\
\xcf\x04\xc3\xa6\xdd\x80\xbb'\xa5\xb0\xf4\x964V\xff\xa3\
\x96\xb5[\xeaq\xd8-\x92!-\xb8^\xc6\x01\x9a\x96\
V\xec\xba\xd9(\x96u\x03\xe2\x9d\x0a+\xef\xcdf\xe2\
\xd5\xd1\xb8\xbdAj\xea\xfd\x98:|\xaf \x8a\xbbn\
LaL^\x1c\x9ajR[\x1f\xa0\xf2\xac\x8f\x7f\xed\
\xa9\x96\x0a\x9b\x99\x1e\xcb\x84!\xd1\xdcyC\x92T\xf4\
]\xc5.\xde\xde^\xcf\x8e\xc2fj.\xf8\xf0\x05B\
,\x99\x91A\xdeU\xd1<\xf5\xf7\x1a\xbcA\xe1Oz\
\xa4\x94J\x98\x80\x1ex[!:v+\x0c\xc8\xb0P\
\xd7\xa0\x13\x1f\xa51yx4w\x5c\x9f\xc4\xad7\xa4\
Pt\xbc\x91U\xebJ\xd9U\xe2\xc5\x1br\x12\x97\x94\
FBR\x8e\xe4\xe0\xc5]\xe7h\xbax\x92\x18\xab\x8f\
\xf1C\xa2\x99=\xb1\x17\x7f\xfb\xf9\x00\xd6o;GP\
\xd7\x11^\xffl\xa3N^o+V\x0bx\x02B$\
\xbagj+\x05B\x84\x14)N\xed)\xeeh\x96\xc4\
\x06\x7f\xc8 5N\x08<\xac~ \x9b\xd1\xb9\xd1\x9c\
i\x08\xf0\xd4\xba\xe3\xec,\xd3\x183f4\xb3~|\
\x13c\xaf\x1d\xc2U\x99\x194U\xefA\xd3l8\xd3\
\x0b\xa8\xa8\xaae\xd7\xde\x22\xfe\xb6a3\xfb\xf6\xedg\
\xf2\x10XvW?\x92b\xac\xec8\xeab\xd9\xda\xd3\
h\x9a\xca\xf9&\x13\x9b5\xac\x1f\xc2\xb2]nXZ\
\xf6t\xa2\xb3\x1dN\xc0\xc4iW\xa9=\x17\xe2Gc\
c\xc9\xefme\xdb\x91&\x96\xae)\xe5\x9aQc\xd9\
\xb2q\x1e#G\x8en\xf7Lu\xc96l\xcex\x06\
\xf6\x19MnN\x96\xbc\xe6\xdc1\x9d\xdd\xbbw\xf2\xd8\
o_c\xfa\x8a}<\xbfp \xc3\xb2\x1c\x8c\xe8\x17\
\xc5\xbf\xf7{\x88\x8b\xb3\x10\x92\x91L\x07Nw\x12\x19\
\x88\xb90\xe7{`\x875M\xa1\xc9\x13b\xeauq\
\xbc4/\x9b\xff\x1cn\xe4\x81\xe7\x8aY\xb9\xf2W|\
\xba\xe9\xff\xb0\xd7\xbcK\xe3\x99Rt]G\xd7CR\
t\xb2\x0an\xa3W\xfe4y/\xe6\xc4Z}U!\
I\x0d\x1f\xb0\xe3_o\xf0\xb3\x07\x17s\xcf\x1f\x8a8\
p\xca\xc7\xcb?\xeb\xc7\x84\x111\xb8<!\xf9.\x89\
S\x1b\xbc\xba\xf2\xdea+\xa4 \xcci\x97C\xd8w\
\x7f\xd0$;\xcd\xc2\xfa\x9f\xe7PR\xed\xe7\x9e\xe7\xcb\
y\xe7\xb5\xe7\xa4\x93\x12\xe6\xf4\xec\xf1\xed8\xe3\xd2\x89\
O\xcf\x0b\xcbn\x07\xbb.\x22[!\xeb\x17\xab\x0f\x11\
\xf0\xb9H\xef\x7f\x83\x9c\x7f\xfd\xed\xf7\x99\xf7\xc8\xe3l\
x<\x9f\xf4x\x0bw\xfe\xf1\x04g]\x86\xd4\x05\x01\
\xe6raxD\x89;\xa1\x8e\x88\x97\x94\xf7B&u\
\x96\xdd\xd2\x0bU\xd5X\xf8\xa7bV?\xb5J\x22\x1f\
\x08\x06\xb1Z42\x06L\xb8\xf4\xf0\xa5\xf07\x1cd\
(\xe2\x0a[\xea\xc4\xcc\xe1\xf2\xb3\xae\xe4S\x5c\x17\xaa\
\xb8o\xf6}\x9c\xae\xbd\xc0\xfc\x17\x9e\xe5\xf3\xa7G\xf2\
\xc8\x8ct\x96\xae\xad\x92\x0e\xb1=\xf2\x9d\x07\x0b\x12j\
g\x12$\x1d\x898\x1aU\xc1\xeb\xd3\x19;8\x9a\xc9\
\x05\xf1\xfc~\xfd)\x0a\xae\x19\xc7\xe2\xb9\x93\x85\x19\xc7\
j\xb1\xb4\x22'\x88l\x07#2\xdf\xca\x94\xc8z\xdd\
\xd7[(\xf9\xe47\xa8f@\xa2\xf4\xe4\xc3\xb7\x90\x99\
3\x8cg7\x9ef\xe6\x98D\x0a\xfa9\xa5Sl\x1b\
b(\xa6\xf9\x0d\xe7\x1a\xd6\x81.=\xb6x\xc0l\xf5\
\xb6\xb3oL\xe1Dm3\x9f\x166\xf3\xe2\xef\x96P\
\xfa\xd9\x1f\xa9,\xdc(\xb9\xdbt\xae\x94\xe6\xc6\x1a\x14\
U\xc49\xe2\x816.\xb3\xe54\x0c]\xae\xd7\x16\x7f\
\xc4\xb1\x8f\x9f k\xcc\xbd\xe4\x8e[\xc8\xc9\xbdoq\
b\xc7K\xbc\xf4\xd4R6\xedi\xe4L\xbd\x9f;\xc7\
'I\xa3\xd1\x96~!\xef\xdf\x8cX\xcd\x88\x08u1\
\xc4\xbb\xfdA\x83>\xa9\x16\xc6\x0e\x8e\xe1\x7f?<\xcd\
\xa8\xd1\xd7Q0|\x18\xde\xdc>\x84\xbc\xf5r_e\
\xe1{\x5c(\xdfA\xde\x94\x95\xa4\xe6\x5c\xdfN\xe6\xa5\
1\x14\xf7\xaaF\xf5\x91\x7fR\xf6\xd9s\xf4\x1d;\x8f\
\x9c\xd1s\xe5|J\xce\x18\xec1?\xa4\xbf3\x81\x01\
\x83\x86\xf2\xfe\x7fk\xb8\xe3\xbb\xbdIK\xac\xa3\xc1c\
b\xd5\x14IL\x17\x18v\x1fB\x88\x98E\x0f\x9a\x5c\
\x9d\xed \xca\xa1\xb2\xbd\xc8\xc5]\xb7L\x97\xb2iw\
&\x11\x9b\x92+\xef\x07\x8c\x7f\x88\xb4A\x938\xfa\xc1\
r\x8e\xefZ\x83a\x84\xda\x88\x8f\x90\x7fM\x12Y\xba\
\xf5\x19\xfa\x8e} \x8c|$\xac\x8eK\x1d\x80\xc5\x9e\
 \xe1\xdc>s\x1a\x9f\x1dj 1Fcp\x1f\x07\
\x81\x80\xd8\xd3\x1d\x86\xc2\x81u\x953\x9a\x97\x88\x18\xd6\
/\x8e\xf3\x8d\x01.\xb8U\xae\xbfvh\x84\xabaS\
)^`\xb5\xc72h\xe2R\x06NZJ\xf5\xa1\x8d\
\x1c\xda\xb4\x04\xcf\xc5JLS\xc7\xd0\x03T\xec_G\
\xf9\xe7\xab\xe97n!}G\xdd\x1d\x16'\x89\x99\x12\
65FH\xc2\x9c0f\x04\xd5\x17M\x9a<:C\
\xb3cP/g\xdfM\xe5\x92#\xebH\x85\xd4y\xa1\
\x03>\x1f\xe91:u\x17\x9a\xb1G'\x90\x9d\xd5G\
rWx\xcd\xb6\xd4\x8a\xbd\xbd\x87\xdeLL\xea@\xca\
?{\x8ac\x9b\x97\xa38\x121\x83>\xbc\x8d\xd5\xf4\
\x9f\xf03\xb2F\xce\x8a \x1f\x09_\xc5\x10\x91\xa9%\
,\xc99\xd9Y\xa8\xd6\x18\xce]\xf4\x90\x16\xabc\xf8\
}\x10\x1d\xd5\xb5#k\xb1B]\xa6x\x8aB\xce\xa0\
\x1c\xae\xca\xee\x87OI >9\x03\xd7\xe9\x1d\x1c\xfa\
`)\xe7+\xf6v0\x95*z(H\x5cz\x1eF\
\xdeC\x94\x9d8M\xeew\xee&\xf7\xba;(\xae\xf4\
r\xde>Fr[f\x11\xed\xcc,\x9c)\xdf\xce\xe1\
\x0f\x97\xe2=\xbb\x8f\xd8\x84\x0c\x02Z\x12\xd9}s\xe8\
;\xa0ok8\xd49\x8e\x91\x18\xa8\xe3\xb8\x94\xf2)\
|\xf4\xce\x9f\xb8u\xd1+D\x0d\x9e\x83\xd7\xd3H|\
J6\xf1\x99#\xb0G'Gv\xb4I#D\xbek\
\x1a\x1c\xafn\xa2\xe8\xb4\x8f\xc0\xf9\xa3\x04\xdc5\x94\xd7\
z\xa9\xac\xaa\x89HLG\xdb\x0e\x8e\xd84\xe2{\x17\
\x10\x97\x94\x89\xd7\xeb&\xfa\xea\xf9\xccy\xf456\xbc\
\xf1,\x81\xa0\xd0'\xc1\xa0+P\xe2\xb0l+\xb2\xc2\
\xe0jr\xcb\xb9\xaf\xcb+9q\xf8(%\xb5\xd0\xf7\
\x9a\xd9D'\xf7o\xa1\xb6\x0d\xe1\x9a<\x89\xc6\x86z\
*\xd5\xd1\x04\x02~j\x0fm\xe2\xc0)\x93\x80H&\
\x22'\xd5\x91Q\xb1\xe9\x83\xc9\xbef\x16GN\xf9\xa8\
<RDI\xf9i9\xefr\xb9\x08\x06\x02\xe1B@\
\x17\x86(\xac\xc4\x9d,\x8a\x12I\xc8\x17\xa0\xba\xf6\x8c\
\xfc~\xa4\xa4\x9c\xa9c\x13\x983\xffaNVTI\
'#*\x10m\x89\xd6\xf5\xa0\xfclll )\xbd\
/\x99\xa3\x17\xca\x93rXB\xb8\xdd\xee6{.\xd5\
\x86\x82\xc1\x90D\xa2\xa4\xec$\x8b\x1eY\xca\x94q\xa9\
\x1c*.\x93k\x95UubC\xe7\xe9f\x04o\xa9\
=\x9d*\xbb\xcc\x1f\x0d\x8e~}\x9c\x99\xd3MNU\
\xd5\xf2\xd3I}\xa8\xa9\x0f1a\xc6\xfdly\xefU\
\x06\xf5\xcf\x22\x18\x0c`\xb1X9w|\x07e\xdb_\
\xc4\x16\x95\xc4\xb5\x96s\xcc\x9cq\x0f\x86\xee\xa7\xc9\xe3\
c\xd9m9X\xbc\xeb\xf8j\xdd\x06B~7y\x93\
\x96\x91\x905\x0a#\x14\xc2j\xb5r\xf8\xd8q\xa6\xdc\
>\x8f\xe57Y\xb0j\x19|t\xf2\xac$\xb6\xe8X\
Y\xb7Y\x8dX\xea\xd2\x0f\xc8#\xb3X\xd8\xb6S\xd4\
\xbb\x14iu\x1a\xdc\x01~21\x93\xfbo\xd0\xb9q\
\xfa\x9d\xbc\xbd\xe9\xdfX\xad6\xb9.\xe48u\xc0w\
I\xe9?\x8e\x0aOJ8mT-\xd8\xac\x1a\xc5\x15\
\x8d\xd4\x04\xfa\x90\xda\x7f<)\xb9\x13\xb0\xc5$K\xae\
Z\xacV^{\xfbC&\xff\xe8.\x1e\xf9\x81\xc6-\
\xe32\xe4;\xac\x16U\xc2\xfcb\xcf>\xb0\xd9\xba\x0e\
\xe8\x94\x96`\xae\x93!\xea\x98\xf6h'{\xbe*\xe4\
bC\x03\xe9iix|\xc7\xa9o\x0a\xf2\xa31\xa9\
2\xef\xfd\xc3\xd3+\xf8\xe0\x83\x8fY\xb1l!C\xf3\
\x07KY\x16\x87\xf9\xc7\x8dgH7\x9b\xf8\xfet\x0d\
\x87\xc3\xc2\xd6\x03\xe7\xc9O\x1e\xc6mcf\x87\xeb\x84\
&\x1c<\x5c\xcco\xfe\xf0g\xeaN\xec\xe6\xf5\x07\xb3\
\xe9\x93l\xa7\xde\x15\xc0\xed\x0b\x91\x9a\x96J\xdd\x99\xb3\
\x14\x16\x16\xe3\x8cr`\xb4\x11\xb9\xce\x04\xa5\x8b\x130\
eD\xd8|\xfe\x22\x9b6oah\xde J+]\
D\xd9\xc3Gw\xa1\xd9\x82\xc3\xaa\xf2\xdf\xaf\x0e\xf2\xda\
\xdf\xde\xc3\xe3v\x13\x0a\x04\xa4\x9d7\x83n\xd2\x93\xe3\
\x22\x8c0IIp\x10\xf25\xca\xb5P0@\x93\xcb\
\xc5_\xde\xf8;_\x1e<\x8c\xd3\xe1\x94Y\x98\xb0`\
\x0e\xbbJy\x95\x87!y\x03Y\xf7\xdef\x02.\xb7\
\xac5u\x17Q\x0b\x02\x94\xce\x94X\xcc\x89*\x9a\x16\
\x1b\xc3\x8bk\xde\x22#-\x85\x9a\x06\x0b_\xd7\x06\xd9\
y\xe4\x02y\xf9\xd7p\xac>\x89\x95\xcb\x16\xf0\xd2\xaa\
\xc7\x89\x89\x89A\x97y\x80\x8a\xcf\xe7\xc7n\x8fT\xe4\
e\x09\xc5\xc4\xeb\xf3I\xc7\xaf\xeb&\xf1\xf1q\xacy\
\xfeI\x96\xff|1\x07\xca]d$X\xd8q\xd4C\
Ym\x903n\x1b\xc9\xf1\xb1\xbc\xbcv=\x96\xb8X\
tQM\xe8\xc2\xd0t\xab\xc4rN\xa4\x91QN\x8a\
\x0a\x8b9x\xe80\xd6\xa4A,x\xa9\x10\x97;\xc4\
\xeeQ\xd5|\xb9\xf9Y~8{9EG\xbe\xe6\xd7\
\x8f?BRb\xbc|VX\x91\xb9\xb3o\x07B\xe8\
\x86If\x8a\x9d-G\xcadh\xeep\xd89w\xa1\
\x81\x95O\xbd\xc2\xd6\x7f\xbd\xc3\xfb\xbf\x1a\x8c\xd3aa\
\xf9_KH\x8bS\x191r4;v\xed\xe6x\xe9\
\x09b\x92\x12e\x16w\xb9\x8c,\xecJ\xbb\x18b!\
\xa4\x1b$'\xc5\x93\x91\x9e\xc2\xd5\xf9y\xe4\xe6\x0e\xe0\
\xdd\xd7~\xc5\xcew\x96c\x1d8\x8f\x87\x1f]\xc1W\
\x07\x0e1dh>\xd5U5\xa4e\xa4\xf1\xf7\xd7_\
 \xe4o\xe0\xe0\xc6\x87P\x0c?\x8f\xbe^\x853}\
$)\xc9\xf1\x14\xee\xdbM~\xaa\x87Go\xcb&%\
\xce\xc6\x0f\x7f}\x90\xfb\x17>\xce\x9e\xbd\xfb\xa9\xaa\xae\
\xe1DE5\xae&\x8f$\xf8r\xa3G\x85-Q:\
\xd5C\xba\xa8F\xb2o\xdbF\xf2\x07\x0d`\xea\xac\x87\
\xf0\x9e\xfc\x98\xcdo=CL\xeeL\xf9\xd2]\xbb\xf7\
J\xf1\xb8y\xcaD):\x81\xe6\x8b\x1c\xdc\xb4\x18t\
\x0f&V\xb6\xee?#k@#\x07&0\xbc_<\
AC\xe5\xdeg\x0e\xd2;\x7f\x0a\xef\xbd\xfe\x0c_\xee\
?\xc4\x0dSg\xa1Ym\xb2\xcf\xd0\x93\xae\x8e<\x01\
%R\xe6\xec\xae>\xaf\xa9*>\xaf\x9f\xe1C\x07\xf2\
\xcfu/\x93\xd9+\x9d\xa9\xb3\x16S]\xb8\x89\xb7\xfe\
\xfc\x0b\x86O\x5ct\xe9h#\xc9K\xc0\xdb@\xe1\xc6\
\x87\x09\x05=\xa8\x8aF\x94\xdd\x82\xd5\xaa`\xb7\xaa\x94\
\x9cv\xb3lM1C\xc6\xde\xca\xbb\xaf\xae\xe2DE\
%3f-\xa2\xa4\xac\x02\xbb\xc3\x16\x96\xfdv\xd5\xef\
o\xba\x84\x96\x8c\xccl\x9b\xed\xb4\xc46\x1deN\x00\
tD9\xd8\x7f\xa0\x88\xef\xcf\xf8)E\xc5\xa5|\xbc\
\xeeEn\x9e\xb3\x82)sW\xb3l\xd1\x0c\xeaN~\
\x199\xb1K\xed$\xf9b)\xa4&\x9aE\xe1lC\
\x88g\xd7\x971\xffO\x15\xfcd\xde/$\xf2\xfb\x0a\
\x8f0y\xe6}\x14\x1d-\x95\x05\xe0\x8e\xc8w7\xd4\
\x1e\xd7\xd4EyQ\xd7\x89ML\xa0\xe4x\x05\xe3\xa7\
\xcdf\xcd\x1b\xeb\xf9\xddc\xf3\xd9\xf9\xc5vN\xb8s\
\xb8~\xea\xfd<\xfa\xe0]\xd4\xd7\x1em\x15\x01\xdd\xd0\
\x89v\xa8\x04u\x85\xe7\xd7\x97\xf0\xc0\xear\x9a\xe2'\
\xf1\xe5\x17\x9f\xb2\xfc\xe1\xb9\xbc\xf0\xca\x1b|\xf7\xa6{\
8UYCLB\x5cXi{X\xa8\x16L\x16\x0e\
\xb1\xdd\xda\xe5\xaaa\xa1`\x88\xe8h'\xde@\x90\x05\
\x0f\xaf`\xdc\xd4Y\x9c\xae\xa8\xe0\xbd7W\xf3\xd9\xd6\
\xad\x5c4\xb2\x990m\x0e;w~\x8e\xc5f\xc5\xee\
tr\xb0\xca\xc2\x83/W\xe3\xec\xffc>\xdf\xfa\x09\
o\xfd\xe5\xf7\x1c:\x5c\xcc\x98\xef\xdd\xce\x92e\xbf#\
d\x9a8\x9c\x0e\xa9g\xdd1\xb0S\x1a\x1c\x99\x05M\
\x0aJ\xcc\x15\xf67Z\xdb\xa8n\x97[\xc6L\xc3\xae\
\x1e\xc4\xed3~\xc0MS&\xf1\xfeG\xff\xe1\x1f\x1f\
oa\xff\x967q\x9d?\xc5\xd8[Wr\xdf\xec\x19\
L\x1cw-\x1f~\xf29\x1b\xde\xff\x84\xa3\xc5\xa5`\
\xb1\x12\x13\x1b\x1dn\xc3\x8a\xe2\xeb\x155:\x84\xdc\x1b\
~\xc5\xd9{D\x91\xa2hCL\x01!\x12^\xb78\
\x8d\xee\x94\xbaeN\xd5\xc251O\xb3W\xfc\x83\xa8\
(b\x9d6\x1e\x5cp\x0f\xabV,\x91\xfb\x16/\xff\
-\x7f}k#M\xbe\x00x}(QNy\x8a\xa6\
\xc8&En,\x1bx\x1dZV\x9d4\xf9\xda\xe0$\
+g\x8a\xa9W\x88\xea\xd1'\xa8\x88D\xb75\xe0\xe8\
I\x13\xaeeNxk1\xa2\xa3\x9cX\xe3bij\
t1j\xd4\x08\x89\xfc\x0bk\xde\xc4n\xb3\xb0z\xd5\
/\xd9s\xe0(\x07\x0e\x14\x11\x9d\x91J($\xca\x8f\
\x97\xe2\x1b\xf3\x8a\x9b~\xa6\xa1(\xaa\xa6\x18\xc6g\xaa\
E\x0d\xbcj\x9azS$\xbbh\x95\xa3+m\xc4\x09\
N\x0abtO3?\xbey2\x15U5,Y\xb0\
\x98E\xf7>\xca\xc5\x86Fn\x9er#!\x8fG\xc6\
F\xdf\xae\xe1\xdd:\xc4\xb9+\x98\xba\xa1i\xbe5j\
S\xf5\xb12\xd5\x0c\xbd\x22\x9a\xc8\xb2\xd4\xd0\xb2\xeb[\
t\xe8\xe536\x1b_\xee/\x22\xbbOo\xee^8\
\x9f\x07\x96\xcc'9)\x91}\x85\xc5(v\xfb\xb7\xfb\
\xc9A\xdba\x9a!E\xd5\x84\x97Y\xeb\xaa*\xdb\xab\
\xc0\x13jj\xea\xcbQ\xcd\xd6^\xdb\x0d\xcd>\x12#\
\x18TD /+y\xdd\xbf\xac\xa3\xec\xca\x0fE!\
\xe8\xf3\xf1\xe2\xd3\xbfd\xe1\xbd\xb3$\xc3\x9e\xfb\xf3Z\
\x1e{\xe29\xec\xd1Q\xe1zP\x17\xfadv\xafs\
\xb2\x96\xa3hV\xabbx\x8bS,M\xd7WTT\
\xb8Z\x7fj\x90\x94\x99\xdb\xc7\x8f\xf3CSu\x8e\x90\
}#S\x1cv+^\xed\xe5\xab\x05\xd9\xce\x14M\x09\
\xf7\x12|\xcd^r\xfa^%\xc5\xa5\xa2\xa2\x1a\xa7(\
\x8f\x88\xe0\xab\x07\x0a+G\x18V\xf8g\x06\xb2\x98\xa1\
h\xc2A*\xbawO\xac\xe1\xbe\xb3\xae\xeeTE\xdb\
n\xaf$\xa2_bb\xfc\xd9\xa8\xcc_\xeaX\xe7*\
\xaa\x9a*O;\xfc\x8f\x9e\x8c\x16\xc4\x847\x17\x0eF\
\x84\xd5\x82t\x87\xc3\x86\xa1\xf7\x1c\x0e-\x1dJID\
$60\xf5\x06\x8d\xe0K\xe9\xce\xa3\xab\xca\xcb\xf1\xb7\
\xe0\xdc\x96n9!n\xe2\xb3\xb2r\x82z\xdc\x1d\xa0\
M\x11\xcdG M\xb6\xf9\xdbX\xb3\xb6\xf5\x88vh\
E\xb8,o\xc3=\xd3\xf0o#ZW\xdb\x9b\xfb6\
\xcc\x97\xd9D8\xb2\x91\xd1\x99i\x9af\xbd\x82Y\xa6\
\x99\xc1\x1d6\xb3\xf9\xcd\x0b\xb5\x15%\x1dq\xfd\x7f\xd9\
\xf5\xee\xb2\xd2\x91g\x81\x00\x00\x00\x00IEND\xae\
B`\x82\x89PNG\x0d\x0a\x1a\x0a\x00\x00\x00\x0dI\
HDR\x00\x00\x00@\x00\x00\x00@\x08\x06\x00\x00\x00\
\xaaiq\xde\x00\x00\x1a\xd4IDATx\x9c\xad\x9b\
\x07|\x14U\xfe\xc0\xbf3\xb3}7\x8d\x04\x08\x09\x10\
\x08\x01)\x02\x11\xecr\x7fP\x11\xbbbA\xb1q\x82\
'xw\x22\xc2\xd9\x1b\x88\x8a\x14\xf5D\xef\xa4\xa9\xa8\
 \xa2\x07x\x87\x1d\xb1\x82\x0a\x88\x06\x91N\xa4'\xa4\
\x90\x9e\xed;3\xff\xcf{\x9b\x0dI\xc8\x86\xa0<>\
\x1bvg\xde\xfb\xcd\xfb\x95\xf7\xeb\xa3p\xcc\x18\xa1\xc1\
\x7ft\xf1\xcd\xdei`7E7F\x02\x17\xa2\xd0K\
\x816\x80\x8d\x930\xcc\xba\xff\x95V\xcc;\xde\x9c&\
\x0bB\x06f\x05\xb0KA\xfd\xc20\xcc\xf7BEy\
\xdb\x9b\xe2\x16\x1bJ\xe3\xd5\xd1\x09\xae\xb6\xbd\xd3\x0d\x9b\
\xedQ\x05\xf5\x16T5E1ML\xd3l\xb0\xed?\
>TUEU\xa3\x8f7\x0c\x13\xc30N\x1a\xec(\
ZJ\xf4?\xd3\xa81Q\x96\x99\xe1\xf0\xd3\xc1\x92_\
\xf74%\x82rt\xd1`\x0b|\x13\xb1\xb5\xef\x7f\xb9\
jQ\x17\xa8\xaa\xa5\x83i\xea \xff\xc4 \x9e\x183\
\xe2\x0dMU\xa9\xf5\xfa!\x18\x88n\xc2\xe1\xc4\xedv\
\xa2\xeb\x8d\x98\xf3GF\x8c[&\x8a\xa2)\x8a\x86\xa1\
\x87\xab\xc0\xb8+P\xb8yi\x0cW\x8e\x22\x14\xa5\x8a\
#\xbd\xff\xad\x8a\xa6\xbd\x85\x82\x82iD@\xd1N\x16\
\xd2\xb1\x87\x89]\xf9k}\x9cuf.g\x9f\xdeW\
r\x7f\xed\xfaM\xe4\xfd\xfc+\xaeD7R\xd0N\xee\
0A0Q\xb5\xc8_Fd\x82\xff\xf0\xe6\x97b8\
+\xf5b\xdf\xa1\xff0T\xed\x13\xb3\x9ex\x8a*7\
-\x967C\x02q]Bor/\xee|\xf9G%\
\xe8\xf31c\xea?\xf8\xc7\xdf\xefht\x7f\xca\xf4\xd9\
L\x9d1\x07W\x82\xa7\xfe8\x9c\xc8\xb3c\xd7\xe2\xee\
\x09\x0c\xc1V\x14U3\x8d\xc0M\x81\xc2\xadK\x05\xee\
b\xaa\x9a\x90\xd13%\x8cs\xab\xa2\xaa\xed1u\xa3\
\x11\xf2\xf5\xbbo\x05\xa2f\x1d\x97\x9b\x99o\xd14j\
*\xaa\x18\xfb\x97\x9b\x99\xf7\xc2\x14\xf6\xec;\xc0\xcc\x97\
^\x93\xd7\x1f\x9a8\x96\x8e\x19\xe9\xdc0f\x22\xcb\x96\
\x7f\x8c')\xb1\xfe8\xb4\x9a\xc0-0\xa4\xc1u\x81\
\x1b&\xa6\xcf\x8c\xf8\xfa\x06\x8bw\xee\x17baD\xb0\
OR5K{\xd3\x08\x0b\xb1\x8f\x8aJ\x1cDZ\xbc\
\xa74\xaf&\xc5T\xdd0\xd0\xec6\xc6\x8e\x1aA(\
\x1cf\xc4\xe8{\xf9\xf9\xbb\x9f@\xd7\xd9\xb6+\x9f\xd5\
\xef\xbf!\xef-{\xffS\xb1\xc1\xb8\xcf\xfe\x83\xd7U\
q\xb4U\xcd\xea15\xc7T`\x94*4>\x8a2\
\x0e\xd30\xeb\xce\xfc\xc9\x1f\x8a\x22\xc5\xda\xeet\x90\xde\
>\x8d\x9aZ/\xbf\xee\xd8CRf{\xdc\x99\xed\xd9\
\xb4u\xb7$Pz\xfb\xb6\xa86\x0b\x86P\x04'M\
\xf3\x1c\xb3\x17\xcd4t\xf1\x80\xebm\x99\xb9\xddU\xd3\
b\x1d\x89\xa2\xa5\x9a\x92\x00\x8d\x1f{\xb2\xf6 L\xa8\
\xc5b\xc1_]\xcd\xf6]\xf9\xa4$%r\xf5\xc5\xe7\
QUZ\x85\xb7\xa2\x96k.\x1d\x8c\xd5\xa2\xb1u\xc7\
.t\xaf\x0fMS\x8f=\xd3'\x8f BN\x0dE\
\xb38-\xa6q\x93\x05E\xb92\x9e\x81?\x11\x85,\
\xf7\xa8\x0aN\xc7[eJ\xe3\xf2\xcfW\xded\xe8\xe0\
\xf3x\xe9\x81\x8b\xe9e\xcfC\xd34&\xdcw\x99\x84\
\xf0\xf2\xfcEh6\x9b\x94\x00\x89t\x0cT\x8c5\x0a\
h\x8a\x82\x1e\xf7\x19\xad\xdf\xae)\xb8\xa2\xa8\x17)\x8e\
\x8c\xdc\x02EQ3\x04\x9f\xea\xf6\xd8df\xfc\xf3\x15\
S\x92\xaa*\xce8\x04\x82\x06.\x87\xda,\xf1\x04\x08\
\x8bE\xc3[U\xcd\x981\xb7q\xcfUm1\x0e|\
\x8cn\xaa(\x9d\xaff\xd6\xd2],}o9\xee\xc4\
\xa8\x02\x14[ij\x13\x05\x0c_\xc0\xc0i\x17N\x14\
\xc4\xe8\xd0p{\xcd\xea\xa0c\x15\xa48\x02\xc2\xd4\x17\
+\xce\x8c\x5c\x9f\xa2(Ni-\x9b\x22_75\xee\
u\xe1\xd4h\x0a\xfe\xa0\x81\xc7\xa92 \xdb\xc9\xb7[\
\xbd\xd8\xacG\x17\x08oOl \x1c1\x09\x86\x0d\x10\
\xde_i9\x7f\x1e\x91\xc5\xc4\xe1\x99\x12\x89)o\xef\
g\xe5'\x85(mS\xe4q\xb1\xdb4\xac\x9a\x22\xbf\
K} \x8f\x91\xf0\x18\x0d\x06\xf5N`\xfdN/\xa1\
\x88\x98\xa7Jih\xcc\xb5\xa8!o\x84js\xd6!\
\x0a3d\x01\xc5\x16\xcf\xd4\xd5_o(\x8e\x0d\xae\x0b\
\xe4j}:\xed\x92`\xea\xad\x1d\xb8\xa0\x7f2O.\
-d\xc9We$\xb8-\x08\x9b\xe2\xf5\x09sf\xd2\
.\xd9B\x8fL7\xdd\xd2\xadd\xa6\xb6\xa3O';\
\xbe\xa0!\x11\xbbnP\x1a\xbd:{((\x0b\x91\x7f\
8\xcc\xee\xc2\x00eUaI,\x97CCS\xc1\xeb\
\xd7\x19wi[&]\xdd\x9e\x95\xeb\xcb\x99\xfaN\x01\
5\x01\xe4\xfd\xfac\x17u6\x1aKN\x1c\xcbT\x87\
\x83\xd5\x82\x22hs\x1c\x0d\xd3\x0c\x04!\x82\x82\xf3\xb9\
\xdd\x9cL\xbd\xb9\x03\x19)\x16*k\x83d\xa4\xdaP\
5\x8dj\xaf\x8e\xddb2\xa4\x9f\x87\x0b\xfb%0 \
\xc7MV[;n\x81\x90\xa6\xc8\xe3\xe2\x0f\xe9\xf2\xc9\
\xe7\x9c\x92\xc0\x90\xbe\xc9\x12\x91\x1a\x7f\x84}\xc5\x016\
\xee\xaee\xf5f/\x1bv\xd5\x12\xd1UlV\x8d\xf4\
\x14\x1b\xe55!\x06\xf7M`~\xdbl\x9ex\xfb0\
\xf9\x85!\x1c\xb6\xa8\xb4D\xb7yb\xdaRqf\x9e\
\xa6+\x8a\xa2\xca\xc5\xad\xf4C\x05\xf2\x81\xa0\xc9\xa9Y\
V\xe6\xdf\xdd\x0d\x8b\xa6\xe0\x0d\x84\xa5\xd8NX\xb0\x8f\
\x0d\xdb\x02\x5czv\x0a#\xceM``N\x02\x89n\
\x0b\x15\xb5:\xbb\x0a\xfc\xec8\xe8\xe7\xb7\xa2\x00Ee\
>\xaaj\xfc\xf2(&%\xba\xe8\xd0\xc6NN\xba\x93\
^\x9d]t\xef`'\xc5\x0d\xe55\x11\xd6\xed\xf2\xf2\
\xde\xf75|\xb5\xa1\x92\xa1gz\x98\xf6\xe7\xce\x04B\
&\x89N\x8dj\xbf\xc9\x1d\xb3\xf3\xd9S\xa2\xe3\xb0*\
\xc2\xcb9\xe1xMqf\xe6\xc6|\xfe\xd6/R\xa2\
J/\xd1n2{l'\xd2\xdb\xd81PIu+\
\xec/\x09\xb0\xbb \xc0%g\xa4\xe2\xb4)\xec*\x08\
\xf2\xc1\xfaR>\xddX\xc6\xde\x82\x00X\xec\xb4KO\
\xa7Cz[R\xd3\xdaI\xce\x1d)-\xa6\xb0\xa8\x98\
\xb2\xe2R\xd0\x03\xe4tvs\xf9\x19i\x5cqf\x1b\
\xb2\xd3\x1dT\xfbt>\xfd\xa9\x8c\xfe\xd9n:\xa4\xd8\
9R\xa3Kb\xffV\xe8\xe3\xbe\xd7\x0f\xe1\xd7UT\
\xa1\xd3\xa2\x5c\xfc}\x04P\xe2\xb8\x92\xf1\x86x\xa0\x10\
\xe3\xcc\xd4\xa8F\xee\xd4\xce\xc5\xac\xd1\x1d\xd1#\x06m\
<\x1a\x87+\xc3,\xf9\xb6\x9c\x85\x9f\x1c@7\x1d\x5c\
z\xd1\x9f\xb8\xf1\x9a\x8b9\xe7\xf4S\xc9\xea\x98\x81\xdd\
\xe1\xc4[\xb8\x0e\xcdb\xc7\xd1\xee4\xfc>/{\x0f\
\x14\xf0\xdd\x86_X\xfa\xfeg|\xf9\xd5\x0f\xd8\xed\x11\
\xc6^\xd6\x99\x1b\x07%\x91\x9ah\xa5\xbc6\x1a#\xdc\
=o?5\xde0\xbe\xa0II58lj\x9d\x1e\
h\xa2\x00\x8f\xa2\xd9,a\x14a\x99\x04\xc61\x9c\x8f\
\xe3G7Z(\x1eh\xb7\xabr\x03\x81\xea \xfd\xba\
81\xf4\x08\x09.+kv\x06y\xfc\xd5\xad\x14W\
(\xdc3\xe1\xef\xdc3\xfa\x1a\xbaeg5\x82!\xb8\
\xb5m\xcd\x22\xec\x9eT\xfa^~\x1aN\x97\x9b\xde=\
{\xc8\xcf\x9d\xa3F\xb0mG>\xcf\xcf{\x8f\x97\xe7\
-\xe4\x83\x1f\x1cL\x1d\xdd\x93\xdc,+\x15\xd5!\x92\
\x9d\x0ay[\x83\xb8\x92\xed\xd8m\xc2\x1c6L\xaf4\
1\x9duR\x11\x0f75\x86`s\x9c\x8f{\xbd\xee\
\x9e\x08\x99\x02A\x9d\x11\x17\xb6a\xca\xc8\x0e\xb8m\x8a\
\xe4\xfa\xd8g\x7f\xa1s\xf7\x01\xfc\xbc\xf6\x1d\xb9\xf1n\
\xd9\x1d\xa4\xab\x1b\x89D\xa4)3\x0dC\x1e#\xab\xc3\
\x83\xc5\xee\xae#\xa8.\xef\xc5\xe6\xf4\xee\xd1\x81\xe7\xc7\
\x0fd\xcd\x97Kp\xa6\xe40\xea\xa9<\xde_WI\
\x9b\x04+3Fw\xe6\x92\xf3R\xa4O $\xb1\x1e\
\xf7\x13\xc1\xa1\xee\xba\xfa{]L\xa9\xf8\xbc\x11\x06\xf7\
u\xf1\xe0u\xe9\xd2\x95\x9d\xbb\xaa\x8c\xe9s63n\
\xdcH\xd6\xadZ\xcci\xfdr\xd9\xfc\xd5Bv~3\
W&A\x84\x8b+2A\x8a83@\x8f!\x13\xc8\
>\xeb\xf6('TM\xde\x8b\xceQ\xd8\xb2\xea9v\
\xfc\xb0\x94Ag\x9f\xc1\xc6/\x173\xe2\xbaK\x99<\
{3o\xaf\xad\xc6\xed\xb4\xf0\xf8\xc8L\x06t\xb3S\
\xeb\x8f\xa0\xd5e\x96\xe2\x99\xf3\x16\x86\xa9\xfe\x8e\xac\x9b\
\xa4z0d\xd21M\x93\xc8\xbbm*K\xbe\xaba\
\xce\xe2=<4e\x22s\xff\xf9\xb4\xdc\x8e8&\xbd\
\x87N\xac\xcfE(1n\xd5\x0dWR\x06\x8e\x84\xf6\
\x8d\xae\x899B\xa25{\x02=/\x9c\x88\xae\x1b\xb8\
\x9cn\xde{\xf3e\xee\x9at\x07\xd3_\xdd\xc1\x7f\x7f\
\xac!\xd5\xa3\xf1\xe8\x0d\x19\xa4zT\xe9d\x09\xd0Q\
!h\xcek\x8b\x8b?\xad\xb2\x02MI$6)D\
\x7f\xe6\xe8L\xae8=\x91\xaf\xb7z\xb9k\xe6\xaf\x8c\
\xbdk\x14\xf3^x\x92\x88\xaeK\x8e7E\xf8X\xc0\
B\xa9\x89\x9d\xc7\x9f'\xd4Ze\xe1V<ms\xb0\
Z\x1d\x5c{\xdb\xdd\xac\x5c\xf9\x19o>\xd2\x8f3\xb2\
\xed,\xfa\xb6\x9c\xa7\x97\x16\x91\xe0\xb2\xd4\xc7\x08\xd1\xfc\
eL%4\xaf\x00c\xe0\xd5\x96w\x18;\xef\xd1M\
\x0a\x84\x84\xb8\xf9\xfc\x11\xfe\xaf\x8f\x8ba\xb9I\x94\xd6\
\x98<\xfd\xd6n\xfa\x9f>\x809\xcf?)\xcf\xb0\x90\
\x90(\xf2\x22\x99j\xc4\xf7/\x84\x12\x91\x1cor_\
85\x86\x88\x07L\xf2\xd7\xfc\x8bM\xef\x8e\xa5t\xcf\
wRw,\x9a\xff\x1c\x9d\xba\xe6\xf0\xf4\xa2]T\xfa\
\x0c\x86\x9f\x95\xc2\xc0\x1c\xa7\xf4\x14\xe5I0\x9b\xba\xc1\
2\xaah\x96\x06\x8a\x08\x87\x1a\xfch\x16\xfb\xa3\x9ep\
\xf4\x9f\x88\xa4m\x16\x85\x91\x7fj#=\xb0\xa5k\xcb\
9Tfa\xde\xac\x89D|\xa52\xec\x15g\xb9\x0e\
*\x8a\xa2\xc65NQ\x5c\x85\xf86\x90\x80z\xee)\
\xec\xfe\xe6e\x0e\xe7-#\xa9S.m2N\x95\xba\
\xc3\x86\x9793'\xb0#?\xc0\xca\x8d5\xa4\xb8U\
n\x1c\x94\x12\x95\xa6\xe6\xfc\x80\xfa\x0c\xdf1\xc8\xcb\x1b\
\xea\xf12<\x92\x00b\x93f4\x8e\x09\x04t\x06v\
wsV\xcfD\xf6\x97\x86x\xe3\x83|F\xdfq\x13\
\x03r\x12\xf8\xfe\xcdQ\xec\xffyi=G#!/\
z$\x18%B\x9c\xb4wC\xe4\xe5:\x91<1u\
v|1\x8b\xc2\xbc\xa5$t\x1c@\xef\xcb\x9e\x92\xba\
b\xcf\x0f\xaf\xf2\xdd\xc2\xdb\x182\xb0\x13W\x8e\xbc\x96\
\x05+\x7f\xa3\xb0\x5cHc\x22\xbd:;\xf0\x87\x8ch\
\xf0\xd5\x00\xdbf\xad\xc0Q\xf3n\x0a\x19\x8c\xcb\x9d\xa6\
\xf4\x8c&\x8bM.\xe8\xeb&\xc5\xa3\xf1\xc5\xe6\x1a\xbc\
A+\x93\xee\xbc\x16kj?z\x5c0\x91p\xa0:\
\xea)F\x82\xe4\xbd?\x89M\xefO\xa2\xe6H\xbe\xe4\
\x9e<\x0e\xf1\xa4\xc1\x14\xa6Q\x11\xe9kv~\xf9<\
%[?\x22\xa9\xf3\x19\xf4\xbe\xe41\x1c\xaeT\x0c#\
B8\xe4\xa7\xe7\xd0\xfbq\xa4\xf6\xe6\xc1\xbf^OI\
q\x905[\xabIoc\xe1\x82~\x09\xd2\x09\x93\x04\
mV\x9c\x1b36F\x14\xb5\xe5\x99\x8d\xd6\x10\xd6M\
\x12=*\x03s\x5cx\x83\x06\x1fm(\xe5\x9c?\x9d\
\xc3\xa9\xbdz\x22\x18\x9c\xd1s\x189\xe7\x8e\x8d\xceW\
5\x12\xdb\xf7\xc4[\xbc\x9d\xad\x1f>J\xc1\xb6\x8f\xa4\
$\xc8S)\x09\xd1\x00w\xf1[Q%\xd1\xb6\xaf\x9e\
\x1eE\xbe\xcb\xd9\xf4\xb9l*vW\xaa\xbc\xaf\xaa\x16\
N\x19<\x9e\xf4\x1e\xe7\xcbSr\xce\x19\x03\xe8\x9e\xdb\
\x97O\x7f\xaa \xac+\x9c\xd1\xdd\x89\xdd\x11K\x964\
\x96\x82\x96\x86\xdaj\x02(\x10\x0a\x9bd\xb5\xb5\xd2\xa9\
\x9d\x8d\xfd%a\xb6\xed\xa9f\xc4\x95\x17J\x9eJ\x07\
\xc7\x8c~\xc4\x06\x84]?e\xc8D\xba\x9d?\x11#\
\x1c`\xcf\x97\xcf\xb3\xf3\x9b\xd9\x84C\xb5uGB\x8f\
\xce7\x22\xf2\xb78.\xdbWM\xe3\xc8\x8eU$w\
9\x9b\xde\x17?\x86\xcd\x91$\xe7D\x09\x17%\x94\xf8\
\x08\xd3(\xe0_w\xc5\x85l\xdcY\xc1\xe1\x8a\x90\x8c\
\x192\xdbXe\xce!^f:\x1e\x01\x94\xd6\x11@\
\x91\x19\xf3\x9c\x0c\x17m<Vv\x1c\xacE\x0f\xab\x0c\
:\xb3\x7fT\xd3JC!L_\x03\x9a\x9a&\x99}\
\xae\xa4\xf7\x15O\xe1j\xd7\x83\xe2\xcd\xef\xf3\xeb\xca\x87\
\xa8*\xde.%D\xceW-\x84\x02\xd5l\xfd\xec\x19\
\xcav}Ir\xd7s\xe9}\xc9\xe3\xd8\x1c\x89\x8d\x90\
\x8f\xee\xa1!|\x93!\xe7\x0e\xc4\xe7\xd5\xc9/\xf0\x93\
\x96`\xa3k;'z\x9dO\xd0\xda\xc8\xd6\x22\x89\xd5\
B \xd40%&\xb4{\xc7\xb6Nl\x16\x0b\xfb\x8a\
\x83\xd8\x12<t\xcd\xca\xac\xe3\xb8\xda\xac\x06\x15\x95\xb5\
\xe4\x0e\xfd\xe8{\xe5t\xf2\xd7\xbcB\xd9\xae/\xd8\xf6\
\xd1ct\x1cx\x13a\x7f\x95T\x09\xb5\xa5\xbb\xa9=\
\xb8\x9e\x94n\x83\xe8u\xd1\xc3X\xed\x09Qw\xf9\x18\
\x98G\xf7!\x80w\xcf\xee\x84bwr\xe0H\x88\x0b\
\x1d\x162\xd2\xec\xa8\xd2\xb4\xb6.#\x84\xa9(\x16i\
s\xe38\x22\x0d\x17\x0a\x117j\xbd8\x14\x1f\xa6\x1e\
\xa0\xa42@\xdbv\xedHIN\xac\x9b\x1c\x07\x86\xa2\
Iq\xb79\x93\xe9=\xec\x11\xf6\xa7u\xa50o9\
\xfb\xd7\xce\xc3\x9a\x94\x81\x19\x09\x11\xf1\x95\xe3w\xf5\xe4\
\xcca\x8fb\xb5{\xa2\x9c\x8f\x83\xbc\x84Y\xe7\xfa\xa6\
\xa5\xa6\x90\x98\xdc\x86\xa2r?J\xc4\x8fC\xf5a\xd4\
\xd6b8<\xad\xcc\x08\x99-\xeb\x80\x98o-\xa2-\
\x97\xcbI\xeeY\xfd\xc9\xee\xde\x0b-)\x9b\xa0\xe9 \
\xb9M\x1aU\x876\xb0n\xd1-lX2\x86\xca\xc3\
[\xa3\xeb\x9a(9!\xee\xb1r\x97\xd6\xe9*>\xcc\
\x0b\x92\xdc\xbe3\xa7\xdf\xf2&\xa7\xdd8\x17\xbb;\x81\
ekK\xa9\xf4[\xeaD\xf7Xb\xc6`\x96\xee\xfb\
\x81\xf5\x8bn\xe5\xc7\xa5\xb7\x13,\xdfIBb\x0a\x11\
5\x11kJW\xba\xf7\xe8E\xff3\xfb\xe3\xb0\xdb\x8e\
u\xae\xe2\xa0h9\x9e\x06\xd0\x14\x15\xbf\xdf\xc7\xe9\xfd\
\xfb\xb0\xf6\xe3\xc5\x12\x11!\x82\xb6\xc5\x13\x08\x1d\xce\xc7\
\x91\x98A\xdb\x9c!r\xae\xcd\x95\x12C\xf9X@u\
\x12R]Y\xc1\xb6\x03^\x22\xbe#T\x1c\xd8\x80\x1e\
\xf6\x81\x19\xa1\xa8\xcc\x8f\xcf[\x0b\xc9\x8e8\xe77\xba\
\xde\xe1iGZ\xf6 4\xab\x0d\x9b;\x8d\x90\xbf\x0a\
W\xc6P\xd2\x87<\xca}\x83M\xeeW\x14\xfa\x0e\x1a\
\xce\xd6\x9d\xf9\xb8\x9c\x8e\xe3\x94\xdd\x15Q\x06k\x85\x1f\
\xa0\x8a\xc8\xcf+\x81I\x0dn\x1al\xdf\xb5\x97\xd2\x92\
R\x14gG\xba\x9dsg\x13\xb0\xcd\xc5\x9fQ'\xc7\
\xa6\xe9\xac\xdb\xed\xa7L\xcd\xc5\xbf\xeaI\xac\x16\x0b\xf9\
%\xb0ag-.{\x0bb_\x073!\xad\x9b\xfc\
\x88QRVAEi1\x9b~\xad\xeb\x7fP\x14|\
>\xbfdX4L>\xbe\x14\xa8\xad\xaa\xeah\x1a\xe5\
\x15\x95T\xd7z%#\x0f\x17\x1f\xa1\xb4\xac\x12\x7fe\
9w?\xf8\xa4\x9c\x17\x0a\x85\x8e#vQ\x04|\x81\
 \xd5~\x9d\x9c\xf3\x1f\xa2\xef\xd53\xb0:\x12\x08G\
\x0cj\xfca\x02\xc1`\xa3\xb9\xcd\xef\xc7 \x1c\x0a\xc9\
\xef\xe3\xef\x9f\x8aE\xf7SX\x5cBUu\x8d\x5cU\
U]MeU\xb5,\xb8\xb4\xe6\x14\xa8\x92n\x829\
\xf1\x0b:\xd2\xbf/\xab\xac\xa6\xa4\xb4L^\xda{\xa0\
\x10\x7fm9\xb3\xee\xee\xc3\x1b\x8b\xdfc\xda\x8b\x0b\xb0\
\xd9l2\x0a<\xb62$\xc2b\x91\xe4\x88\xc8\xcd{\
}^,\x8a\x81\xdbi\xc7\xd3\xb6\x87\xf4\xc6=v\x15\
\x8b\xa2\xe3\xf3\xfb\xa4\x1bl\x18\xe1\xba\xf9\x8da\x89\xdf\
\xc2\x07\xb0\xdal<\xfc\xd4l>\xf8\xf8\x13\x9e\xfd[\
?\x8e\x1c)\xe5Pa\xb1\x9cSPTJU\x8dO\
\x16a\xea\xd77\x1f\x08\xc9\x8f\x0c\xd4\xe3:\x0d\xd2\x04\
\x8a\xba\x9eJm\xb5\x97\x9d\xf9{\xe9\xd1\xad\x0bE\xa5\
eD\xc2A\xe9\x83\xbftw\x1f\xee~\xe8\x19\x19\xfe\
>x\xcf\x1d\xd1M\x0a=Q\xe7\x17\xd4V\x1cb\xc7\
\xe7\xd3\xa2\x22\xacZ\xd0}>\xde\x98\xd4\x93D\x8f\x8d\
p\xc0K8\xac\x93\x9eb\xe5\xf5\xf1Y\x94\xaf\x9f\xce\
\xa6Mvi:U\xd5J\xaf\x8b\x1f\x93g^\xb0R\
V\x975M2\xe3\xb1i/3\xfd\x99\xe7ys\xf2\
@ztp\x10\x0a\x06\xe5q\xe8\x03l\xdd\x91O\xc4\
\xe7\xc7\xe9\xb0K\x86\xb4T\xd92\xa3V\xa0\x059\x89\
e\x9b\x84m\x0d\x87Y\xb3\xee')V\xb5\xb5^\xec\
v\x0b\xb5A\x83\xc1\xbd\x9d\xbcx_.\x0f?1\x93\
q\x13\xa7H\xce\x09bD\x22\xc2\xd331\xf5 \xc1\
\x9a\x22\x82\xb5%\x84j\x8a TAF\xaaC\x22\x22\
\x02U\xf1\x11\x19\xd9\xf6\xc9\x1af\xa8\x9a`M1\xc1\
\x9a\x12\x82\xb5\xc5\xd2K\x140d~A\xd3\xf0\x07\xfc\
\xdc:\xf6Af\xcez\x89\xf9\x8f\x0e\xe0\xf4l\x1b\xde\
\x90\x81\xdd*\x14u\xb4\xddf\xed\x0f?\x1e5\xfe\xc7\
-\x9b+\x82\x00\xc7w\x04\xa5Sb\xb7\xf1\xf9W\xdf\
I\x1d\xe0\xf1\xb8\xd1\x05\x04\xc3\x90\x05\x90\xa1}=\xbc\
\xf5P\x1f\xde[\xb2\x88\xfe\xffw3\x1b7m\xc1j\
\xb5J\xae\xbbS\xb2\x188r\x1e\xfd\xaf\xfb7\x03F\
\xcc\xa10\xe9\x06F\xffs7\x8ab\x95O\x16E\x12\
_\xc8\xe4\x96Y;\xf1w\x1d\xc7i7\xcc!\xf7\xfa\
W\xc8\xbd\xfee\xec\x9ev\x12\x86 \xd6\x9a\x1f6\xd2\
\xe7\x9c\xeb\xf9\xe2\xe3e\xbc\xf3D_\xce\xe9\xee\xa0\xca\
\xa7c\x98\x86l\xfdHp\x8b\xf6\x1a\x93o\xbe\xff\x11\
\xd5q<\xed\xdfX\x07\x98\xc7\x9b$\xc4\xcf\xe9r\xf2\
\xeb\xaf;\xc8\xdf\xb3\x8fnY\x1d\xa3e\xaf\xa0\x81\xcd\
\xaaRV\x13\xa2OG+\xab_<\x8f\xde\xa9E\x0c\
\xbd\xfcV\xee\x7f|:\x87\x0a\x8bPT+\x0ew;\
\x9c\x09\xed\xb1\xbbS\xa9\x09\xda\xa8\xf0E\xddU\x91'\
\x10\xdb\x14\x95\xa4#\xd5\x11|\x11\x07\x0ew\x1a\xce\xc4\
\xf6r\x8dp\xa2\xf6\x1d8\xc4\xf8\xfb\xa6p\xf9\xf0Q\
\x0c\xeeV\xc5\xaa\x17\xce%;\xcdBEMXr\xbe\
\xd6\xaf\x13\xd2\x15\xb2:g\xf0\xe3\xcf\xbf\x90\xbfk/\
Ni\xfeZY\xe4\xa1\x95\x85\x04!\xd6z \xcc\x82\
\xc5\xcb\xe9\xd9\xbd\x0b\xa6\xe2\xe0P\x89\x0fM5qX\
L\x82\xba\xca\x0f[\x8e\x90\x92\xe4 \x8c\xces3\xe7\
\xf2\xc0\x94\xe7\xa8\xa8\xac\x94\x19_=\x12\x96gY\xd8\
\xfa$\x8fK\xc2\x94G\xc4\x88\x12Q\xd4\xf8Dm@\
\xcc\x89\x84\x85\x124()=\xc2\x84\x87\x9f\xe5_\xb3\
\x17\xa2\xda5\x5cn;\xeb\xb6U\x126\x14\xacV\x15\
US8P\xec\xc7\xeeL\xa4sf{\xe6\xbe\xf9\x9f\
h;\xd4\xf1Rq'b\x05\x14\xf3\xa8\x14\xd8\x12=\
,\x5c\xbc\x5c\xfa\x04\xdd\xbaf\xf3\xe3\xce2\xdc\x0e\x95\
\xa2jC\xd6\xfc\x0a\x8c^\xcc_\xbc\x9d\x91#\x86s\
\xf8\xe0\x8f\xbc\xfe\xd23$'%\xca\xc8-\x1a\xa7+\
\xd2\x94:\x9d\xce(\x01D\x7f\xa0\xcc0\xabXT\xa8\
\xae\xf5\xd5\xa5\xde\xa2AOZZ*\xef\xbe\xf6\x02\x07\
\xf7\xaf\xe7\xa2\xa1\x17\xf1\xca[\xf9\xec-\x0e\xe0\xb0i\
\x94T\x9b\xb8\xed\x16\xbe\xdfRJn\x9f^\x14\x1e.\
\xe6\xbde\x1f\xe1HJ\x90\x96\xa2\xe1\xfe[\xc2M\x8d\
i\x89x\x9d]\xb1\xeb\xb2lm\xb7Q\xba\xbf\x809\
\xaf-\xe1\x9a+\x86\xf1\xdd\xb6*\xf6\x96)\xdc3\xef\
 ;\xf7\x14\xf3\xd0-}\x992k\x0a\xff]\xfe!\
[\xb6\xed\xc2\xe1\xb0K\xafQ(\xc4\x98R\xac\xae\xae\
\xc6n\x8d\xe6`\xa3\xa92UJ\x91j\x86\xa4r\x8d\
\xd5\x06D\x8f\x80\x90:\x01\xe3\xa7M[\xf8\xf2\xab\xf5\
L\xba\xe3\x14\xfe2\xac\x1d\xbf\xec\xf5r\xef\xdc}\x14\
T\xa9\xac\xdfY\xc3U\x97\x9c\xcf\xf3\xff^\x88\xb7\xa2\
J\xa6\xe7\x1b\xa6\xe0b5\x8cc\x86\xd9\xa0.`\xc6\
\xd3\x94M~\x8b\x8d\xd9\xdb\xa4\xf0\xe2\xbc\xc5t\xe9\xd4\
\x96#\xc1D\xc6\xcf\xc9g\xff\xde\x1a\xe6\xae\xaee\xff\
\x96\xd5L\x9ep\x0d\xf7M\xfa\x1b\x17]r#w?\
\xf0\x14e\xe5\x95\xd2&\x0bD\x84\x14|\xfe\xf5zN\
\xed\xd3\xb3\x9e\xa8\xe2\xa8\xda,&\xd9\x19\x1eV}\xfd\
\xa3$\x98\x98+\xd6\x1c.*f\xcc\xf8'\x18~\xdd\
\x18F\x9foa\xccEm\xa9\x0c\xc0\xbf><\xcc\xde\
\x03\xb5\xdc\xf5\xd2.Tw&I\x09v\xe6.|\x17\
gjJ#\xee\xd7s\xb1Y\xf67\xa8\x0es\x02\x89\
\x11\xd9\xe5Y\xe3e\xe8\x05g\x13\x08\x84\xd8\xb4m\x0f\
\xef\xce\x7f\x96k\xff\xf2\x08c\x87\xc0?F\x0d!\xeb\
\xc2i|\xb5f\x1d\xe3&<&\xbd\xb4K.>\x9f\
\xbe\xbdz\xf0\xf5\x9aul\xdc\xb8\x99\x9f\xd7\xfe\x8f\xee\
\xd9]\x08x\x8f\x90\xb7\xfc^\x1cZ\x80\xed\x85p\xfb\
\x8cm\x5cz\xf9\xa5\x9cqZ\x1f\xf26o\xe7\xb3\xd5\
_\x93\xe1\x09\xf2\xf8m9\xf4\xebl\x91\xbab\xc6\x8a\
BVn\xd2x\xfb_\x93\xb9\xec\xc6\xbb\xb9l\xe89\
\xf2\xe8\xac\xfd!\x0f\xb7\xc7u\xc2-\xb7\xca\x89\x12@\
.\x12}:z\x84vi\xc9\xbc8\xedQ\xae\xbdb\
\x18\x8b\xff\xb3\x92\xdbF\x8dg\xc6_\xbb2f\xf4\x1d\
\xa4\xf5\xbdM*\xbfwW|\xc4\xb2\x0fWs\xe0\xc0\
A\xbat\xee\xc4c\xf7\xff\x8d\xfe}zJ\xe9\x0a\xfb\
\xca\xc9[q\x0fzH8.V~\xd9\xebg\xc1\xc7\
\x07)\xa9\x08\xd0\xb1\x9d\x83K\x06\xa6q\xd1\x804\x14\
S\xc7\xe9\xb4\xf0\xee7\xa5LY\xb0\x9b\x0fW\xbe\xc1\
\xe5\x17\x0d\xe6\xf5\xb7\x973\xf9\xd9\xd9\x94\x96U\xa1Y\
\xadq\x13\xaf-\x0dK#\xc4Z\xf0\x9a\x8e\xed\xfa\xb2\
r\xf0@1G\xca*\xe5\xb5[G\x5c%\xdd\xd1\x07\
\x1f\x9bED\x7f\x83\xbb\xee\x846\xa7\xde\xc6M\xd7_\
%?\x0dG,\xa2\x8c\x02\x13JO4[\xe8\xe4v\
u2\x7fBo\x99{\xb4YE\x0aN\x97\xb1C\x92\
\xc7\xce\x92\xaf\xcby\xea\xf5=\xcc\x9b7C\x22/F\
YE%\x87\x0e\x14\xe1I\x11}E\xbf\xaf\xd9\xda\x12\
C\xbc\xb9\xd1\xb0\xa0p\x0ca\x0c\x13\x97\xc7\xcd\xb8\x09\
\x8f\xa3\x1b\x11\xfe:\xfaf\x1e\x9ap'V\x8b\x95\xfb\
\xee\x9b\xca\xb6}/\xf2\xf4\xc3\xb5t9\xf3f\x0c5\
\x09=\x22\x1a\xaf\x85Ggid\xa6b\xdfD:\xdb\
\x17\x8c`\x06\x84s#8a\xcaj\x8f\xc5\xea`\xf2\
\xc2\xdd,\xff\xb6\x927^{\x8e?\x8f\x1c.\xe7\xcf\
zy\x01\x0f<2\x13wJ2\x86n\xb4\xdc\xcf\xd4\
B\xf3\x94\x1a\x9b\xd50\x7f^\x9fQ\xad\x03\xd8ly\
\xbc\xae\x99\xd1\xe9q\xf3\xb7{'3\xed\x85\xb9\xf2\xde\
?\xfe~;\xff[\xb1\x80\xcfw&1h\xc44\xe6\
L\xfb+\x81\xc3\xeb\xa5v\xb6ZmQ\xf7\xb7\x99\xee\
/\xd9\xcc\x1b\x8d\x98Iv\xdbHJp\xb1zS5\
W?\xbc\x81\x9f\x0e%\xf3\xf5\xa7o\xd5#\xff\xc8S\
\xff\xe4\x81\x87\xa7\xe3N\x8e\xe6\x0dcZ?\xae\xb6\x8f\
_\x19Cqd\x0e\xd0\xa3\xf5\x81\x86\x1b\x8aU[\xcd\
V\xe9\x03\xf1\x11&h\xe4\x0dW\xf0\xe2\xf4Gi\xdf\
6\x8d\xd2\xb2#\xdc\xff\xc4\x8b,Z\xfa>\xdd;\x18\
L\x1as\x097\xdf|\x0b\x9e\xf4\xd3\xa3\x88b\x12\xf6\
W\x90\xb7b\x02z\xd8\x8fa\xaa$\xba\x14B\x11\x8d\
\xd5y\xe5,\xfc\xac\x80\xfdeV\xc6\x8e\xba\x8eg'\
\xdf\x8b\xdb\xe5f\xff\xc1\x02\xeey\xe0)V~\xf8\x05\
\x9e6\xa2\xa7Hd\x89\xffX\xcf\xa0\xe2\xecxZ\xb4\
8\xfa\x07\x01\xc9f\xe8\xf2\x0a\xba\xe6d1\xf5\xa1\xf1\
\xdczc\x94[\x22\x82|f\xf6\x1b,^\xf2\x0e\x1d\
\x13|<\xfd\xe0\xed\x8c\xba\xeb\x01P\x12\x09z\x8f\xb0\
i\xf9=\x98\x11\x1f\xee\x84D\xbe\xc8\xab\xe0\x85w\xb6\
S\xe2w3\xea\xe6ky\xe4\xde;\xe8\xd2\xb9\xa3\x84\
\xf3\xea[\xef1\xf9\xd9\x97),(\x22\xa1M\x8a4\
\xc9\xad\xc72\xae\xc3o\x0a\x02\x88\xec\x82\xf5d\xbc\x0c\
\x22l\xb7\x88\xca\x22\xfe\x00\xff\xf7\xa7\xb3\x98p\xd7(\
\xae\xbdr\x98\xbc'\xdc\xda\xc93\xe61w\xce\xab\xdc\
2| s\xe6\xbe*\xbb\xc8\xf2\x96\x8f\x07g:\xcf\
\xcc\xff\x8eO\xf3\x02\x8c\x1fw\x0bO\xdc\x7f'I\x89\
I\x92\xc3K\x97\x7f\xc4\xcb\x0b\x16\xb3n\xdd\xcfX]\
.\xe9#\x9c$\xe4\xa5:W\x1c\x99\xb9U\x0aj\xe2\
\xc9z\x1dF\xd6\xe6D\x1e\xa0\xa6V\x1e\xbeS{\xe7\
H\xad-<\xc7\xb3N\xef\xc7\xa6-;9k\xf0p\
^\x9b7\x8b[\xaf=\x9f\xaa\x83\x1by\xfd\xd3CL\
y\xf2y6\xaeYA\xf7nY|\xbf>\x8f\x15\x1f\
\xac\xe2\xa3U\xdf\xb2c\xc7o\x82\xb2x\x12\xdc\x8dE\
\xfe\xc4\xdb\x1a\x9a\x0c\xa1\xdc\xf4\x80E\x81B)\x8f\xa6\
)\xbb^\x9a{\x09\xe1x\xf5\x82\x86C\xf8\xf7\x22\xa1\
!Bf\xb1|\xeb\xce\xbdl\xd9\xb4\x8d\x19/\xbdN\
f\x87t\xce\x1c\xd0\x1b\xd5f\x95\x9a[\xc7Ib\xd6\
\x10\x14\xe3ML\xc5\xe0\x81\xc9\xb3X\xf7\xd3\x16\x8aD\
\xb7X0\x84\xear\xe2II\xaa\xcb\x04\xe9\xbf\xef]\
\x85\xe6\xaf\xd7\x19_\xca\x15gF\xff\xb7\x14\xd5r\x1b\
\x86\xae\x9b\x22\xfel\x05\x92u\xf4\x8bkZ\x1a\xae\x91\
/G)\xa2\x8b\xcb\x90\x89\x8d`Q\x09\x7f\x19?\x86\
W\x9e{B\xe6\x0c\xc4\xf0\xf9\xfd\xfc\xf9\xae\x07X\xf6\
\xf6\x7f\xb1\xb7o\x8bE\xb4\xca\xa8\xa2\xceg4h\x80\
j\x00?\xb6\x81V\x10 \xce|CQTE1B\
\x9f+\x9e\x0e\xa7^\xa3\xab\xb6\x15q\x13\xf2'i\x08\
\xdb\x1f\x0a\x85\xc9\xce\xee\xc4\xafk\xfe'c\x84\xbf\xdf\
\xff\xa4<\xd3\xff\x9e\xf9\x84Lz\xf4:\xfbrJ\x8e\
TH\x93\xd9\x14\xf1\x93<\x0c\xd1\x1c\xaa\x9a\x81qj\
\xaa\xad\xe6\x13\x13=\xaf\xaeW\xe2\x18w\xea\xb8m.\
\xad\x1c\xaa\xa6\x12\xf6\xf9\x18\xd0\xaf\xa7\xb4\x18O=\xf7\
\x0a+\xde~\x9f%\xaf\xbd\xc3\xecy\x8b\xf0\xb8]\xf4\
>%\x9b\x90\xcf\xd7bU\xe8$\x0cQvR\x14#\
\x5c\x98hV.W\xf7\xef\xdf\x1f\xd0\x94\xf0\xf3J\xac\
\xa7\xa5\xc9\xf8\xa3v\xf6(\x1cI\x05\xbc\xbe\x90$j\
NvgD\xab2\x0e'Y\x9d2\xe4\x1c_ $\
rd'\xde\xefzb;\x11\xdcW,J\xf8\xa5\xc2\
\xc2\xc22\x81\xb4:\x18\xd4\x1f;\xf4\xfd\xc4\xd4\xecC\
1#\xf5\xef\x0d\xc9\x86\x88\xe3l&\xae\x95ir\xa0\
d\xf3\x83h\xae\xb4h\xac[\xbd\x94\x9e\xdd\xbb\xb1\xe2\
\xc3\xcf\xb1\xda\xac\x5c9l\x08\xeb\x7f\xfa\x85!\x97\xdf\
\x86\x22r\x89\xf5\x8d\xcf'y\x98f\x04\xcdb\xd1\x0c\
\xdfO\xc9J\xf5\x9f\x0e\x1d:\x14\x94\x04\x10b\x91\xd4\
>\xabKDK\x5ck\xa8\xf6LA\x04EQ\x85\x85\
\xa8s%\xe3\xbf\xc4\xd4t\xc4SR\xd2\xef\xd6T\xfc\
^\x1f=r\xb2\x98?\xfbi\x06\x9d=P\xde[\xfd\
\xf5\xf7\xdcy\xcf\xa3\x14\x1c.\xc5VW\xce:Q\x0b\
\xd4b\xabo\xb4\x1f(\x82j\xb1\xa8f\xa0\xd4\xaeW\
\x0f)/:\xb0-Z\xf3\x8a\x0eI\x84\xb4\x0e\xdd\x06\
\xfaU\xd7\xff\x0c\xc5\x9e)\x9aU\xa2\xed\x1c\xa8M\xf9\
\x11/\xc08\xee\xabku\xba\xc0\xef\xf7\xcb4wN\
\x97N\x12\xd9\xdf\xf6\x1e\x92k\x84B\xfc=\xef\x0c\xb6\
4\xbf\xae\xfd\xc4\x14\x99W\xd5\x0c\xecs\x87kn*\
)\xd9\xbf.\x86\xb3\xd2`\xaa8|z\x9b\xf4\xac^\
a5\xe1\x15]\xb5\x0f9\xda\xceR_\xee\x8d5\x8d\
\xfd\xa1!L\xa3\xf0\x17\xfc\x81\x80\x8c~D\x11Ch\
\xa0\xe3er[\x19\xae\xc7\xfa\xc2\xa2\xf96\xf1\xe6,\
\x06\x9a\x11\x5c\x96\xa8TN,((8\x14C\x9ef\
\x90\x917F\x80\xf6YF\xaf\xeb\x22\x8ae\xbc\x89z\
\xb6\xa2Z,\xd2M\xaa\x0f\xad\x1a6'\xc7\x9e\xd9h\
\xab\xc7\x5c\x8b\xf5 \xc4\xda\xd3\xa2M\x15\xd1k\xd1\xf0\
\xb7up\xe2\xbd!\x14\xb3V\x0d_\x9a\x10\x89\x14\x85\
\xc8\xcf634\xb3\xa2p\xd7\xbb\x0dql\x0e\x1aM\
'L\x06uv\x87\xee\xe7ET\xdbp\xc3TsM\
\xd4.\x8ab\xa6\x83bo\x92Ej\xdcL\xd6\xdc\xa8\
\xf7RZ\xa5\xde\x8e7\xf1\xd8\x02\xa4,4\x98\x86i\
\x9aG\x14\xc8W\x94\xc8\x16\xab\x19\xfc4\xcd\xf5\xdbg\
\xf9\xf9\x88\xaakLz\x1b\x99\xfa\xff\x07`\xa4h\xf9\
\xb8\xf9\x13d\x00\x00\x00\x00IEND\xaeB`\x82\
\x89PNG\x0d\x0a\x1a\x0a\x00\x00\x00\x0dIHDR\
\x00\x00\x00\x80\x00\x00\x00\x80\x08\x06\x00\x00\x00\xc3>a\
\xcb\x00\x00Q(IDATx\x9c\xd5}\x05\x9c\x1c\
E\xf6\xff\xb7e|f5\xbb\x91\x8d\xbb\x11\x22X\x08\
A\x124Hp'pX\x80`\x07\x87\xcb\xc1\xe1N\
p\x09\x04;,8Ar\xc8%\x01\x02\x01\x12\xe2\xbe\
\x91\xcdJv\xb3:.=\xdd\xff\xcf\xab\x96\xe9\x99\x1d\
\x8d\xdc\xe7\xf7\xaf\xbb%\xbb3\xd5\xd5%\xaf^\xbd\xf7\
}R\x1c\x0a/\x1cp\x98\x00,\x90\xf4\x0f\xec\xdd\xc6\
\xf4\x01/\x1f\xc8q\xfc\xfe\x8a\xa2\x8c\x05\xd0\x07\x1cW\
\xc4\x01e\x00\x04VIQ\x9f\xd4\x7f\xcd\xd0\xb0\xf6\xdf\
\xf45LM$}\x96\xfaT\xda\xdf9s#\x1c\x14\
(\x0a\xa7\xd0\xc7\xec\xf7l\xcfP\x85N-\xa7k7\
]\xdf\x92^\x9be\x1c\xec\x13\x05P8\xfd;\xfd\xa5\
J\x5cQ\xd0\x06\xc0\xab\x00\xb5\x8a\xa2\xac\xe1\x15e\x91\
b\xb1,\x8al_R\x9dx\xfe0\x11X \x03\xa0\
\x9f\xbcK\xe7~d-g\x08\xc0\x9c8\xfb\xb5\xeb(\
\x97\x9d\xc3\xa9\xe0\xf9s\x01e<8\xa1\x98\xe3LC\
d\xfdO^\xc8\xccK\xfb\x7f\xa8p\x00\x11\xc6\xee\xf4\
S]\xe0\xd4e\xde\x9d\xd1\x9bI\x82\x03\xa7\x10\xc9\xc6\
}\x8a\xc2/\xe59y\x8e\xa0\x84>\xf07lh6\
\xad\x91\x9c\xef\xcb\xf2%\x00N\xfb\x91Q\xda\xbf\xd8\xee\
(\xba\x8c\x03\xa6s\xbc8P]g\xf6>\xfaU6\
\xd5-\xa4\xfd=_\x88\x18Y\x97\x92>\xcc</\xdc\
\xde\xa3\xce]mZ\xe7Nfv\x00\x85\x0d\x8a\x03\xc7\
\xf1\xa0\xff\x83\x83\xacH;\x14(\xef\xf0\x90g\x86\xea\
V\xd6ju\xf9|\xb8A>\x0bd4\xe4\xa8\x1a}\
\xba\x02\xee~\x8e\x17\x86\xb0\xc9U\xe4\xb8\xa9\x0e\xf7\x7f\
i\xf6\xf2\x7fL\xd9\x8d\xae\xef\x0d\xaa\xd1X\x10r6\
\xadm8:{x\x81\x88A\x91\xe3;\xa1H\x8f\x85\
\xebW>\x09 \x9e\xc4\xb13\xbf-[Q\x1bpu\
\x1dU)\xf3\xfcL\x08\xc2\xd9*{\xa7\x85g\xfc\x9e\
\xdf\xdb\xdb\x87u\x90\xce\xecN\xbby\xcf\xb4\xab\x17\xb5\
\xf9=\xfc\x0eU\xd6P\x7fW\x12\xbf\xe7~0]W\
\xb2\xce1}Ak\x22\xd2\x98dYZ\xa8 rY\
\xb4~\xdd\x06M60\xe4\xb5t\xadf]|g\x8f\
}G\xcb\xe0\xde\xe3\x04q(\xe4\xb8\xceR\xb4\x85\xff\
\xff\xaf\x08l\xb3p\x88\xc7\xe3\x90\xe2\x12\x88\x89\x0a\xa2\
\x08\x9e\xe7\xd9\xf0dF\x09\xca^:\x82\xf6z\xa1#\
\x22\x0e^\x10\x15Y\xda\xc9\xcb\xb1i\xc1\x1dk\xbe\xcd\
F\x04\x5c\xb6\xc5\xb7U\x8d8\x82S,\x1fr\x9c\xd0\
\x05\x88K\x8c\xc2\xfe?-tV\xf2\x82\x80`(\x04\
9\x1c\x81`\x17\xe1rX\xd9\x1a\x05\xc2\x12\xe4p\x0c\
\xa2\xc3\x01\xbb\xdd\x86x<V\xf8\x0bv\xe7$\xc9Q\
\x98Pj\xb4\x9d\x9b\xdb*D\x04\xe0\x04(J\x14\x8a\
tIx\xc7\xaaw2\x11A\xba.\x93\xda\x16\x17\xbb\
\xef3Q\xe4\x84/y\x8e/V\x88\xe5s\x9c\x90\xb5\
\x93\x05\xee\x1b\xe3\x98\xdb\x8bb\xa2\xde'\xa6\x9d(@\
\xd0\xe7\xc7\x981\xc3q\xee\xe9\xc7c\xe2\xf8\xfd\xd0\xb5\
\xa2\x9c\xed\xfa\xfa\x1d;\xf1\xe3O\x8b\xf1\xd6\x87\x9f\xa3\
z\xc3V8\x8b={\xfc\xc8\xd9\x9dR\xe8\x5c1\xe1\
Q\x91e\x85FN\xe2\xa2\x12\xf9[\xb0~\xcd\x1b\xe9\
\x88\x80K'\xf0Y\xbb\x8d\x18\xc6\xf3\x96\x1fxN\xe8\
\xae.\xbe\xa6\xcbg\xa2zCyU\x0a\x1eT\xbe\x03\
cg\xa8\xf9\xa1\xce5\x92\xdeoTU\xcfDH\x91\
0\xee\xbb\xeb\x06\xdcp\xd5\xdf`\xb5Z\xd3\xb6\xd0\xee\
\xf5\xe2\x9e\x07gb\xe6\xf3\xb3\xe1,.fm\xeaj\
M\xba\xfe\xeb\xc3\xcek\xd4)8A\x12\x86\x90e4\
\xc9\xbb?smR\x0d\xf5\xdfY}\xfa\x9b\x14\x04\xed\
m\xbc\x14>)\xd8\xb8\xee\xabT\xc10UQ\x85\xa7\
\xc7\xd02\x09\xf6\x05\x1c/\x8cP\xe4x\x96\x9do~\
\xa96\xa8\x5c\x1d\xd5\x80\x17\x1aU:\xd0\xa6\xf3\x1b\x12\
_\xe63aI\x0d\xa9R\x1e#\x80H\xc0\x87\xb7_\
}\x0c\xe7\x9cv\x12\xdb\xd9\xd1X\x0c\xb6\x14\x22\x88D\
\xa2\xb0\xd9\xd4\xcf\x1e\x7f\xe6\x15\xdct\xe7\xa3p\x97\x96\
!N'_\xdaq\xa4\x8c9\xd3\x11\xa0}\xce\x08R\
\x1bl\xe6y\xea<\xa7I\xef\xc8\xf4T\xca#\x8c0\
\xf5\xf7(\x8a\xac\x90\xca(\xcb-2\x1f\x1d\x1f\xad[\
\xbb\xd1\xac\xd9\x99\x84\xb9\x7f\xb2\xea\x92b{\x8a\xe3E\
Z|)\xdb\xe2\xa7.[^\xbbX\xad\x99\xf4hV\
\xe1\xdbL%9\xdag\xa2[J\x1d\x12\xee\x82\x1d>\
\xdcu\xeb5l\xf1#\xd1(\x13\xf2h\xf1w46\
a\xee\xb7?`\xde\x0f\x0b\xd1\xd6\xd6\xc1\x16_\x92$\
F\x1c\xff\xb8\xf6r\x9cw\xee)\xf0\xb7\xfb \x0a$\
\xf6\xe8\x92|\xe7\xae$8M\x9a\xcf\xb4\xcf\xf5\xc5\xc8\
\xcd)L5\xb8\xfc\xe7\xd5\xdc\xae\x92\xfa\x1c\xc7\xf1\x9c\
\xa2\xc49A,\x17d\xcb\x9b\x187\xce\x02\x9ca\x0c\
\x83K\x92\xf8\xbb\x8d:V\xe1\x85o\x98J\x91\x89\xed\
\xefFIRosQ\xb5y`\xb9\x04,\xd3\xf7\xfa\
d\xf3\xbc\x80p$\x8a\x01}\xab\xb0|\xe1\xa7\xb0\x88\
\x22S\xc3hA\x1f|\xf2E<\xf9\xdc\x1bhi\xf3\
2\x0e\xd1\xbdK1\xfey\xdb5\x98\xfe\xb7s\x19\x11\
\x08\x82\x80\xedu\xf5\x18}\xe8\xa9\x08E$\xf0l\xbf\
\xa8\xabo\xb0\xe5\x1ccH%\x82\x9c\x8b\x9f\xc2U\xf2\
;Z\x929FvbQ$p\xa2\xa8\xc4B7\x87\
\x1bW?\xa6\xaf\xb9\x06\xe0\xccQp\xd8ab\x1c\xdc\
\x1dL}\xc9\xda\xd0\xae\x83|l\x17\xe4\xb1\x9b\xf5#\
L}\xa8\xb0W\xe9\x93 \x90\xaa\x17\x08\xe2\xf4\x13\x8e\
\x84\xddf\x83\x14\x8f\xb3\xc5\x9f\xf9\xd2l\xdcq\xe3=\
\x08\x84c\xf0\x14\x17\xc1S\xe4As{\x00W\x5cy\
3\xbe\xfc\xe6{\x88\xa2\x88XLB\xef\x9eU8z\
\xd2\xc1\x08\xfb\x03Lu4s\xaa\x9cc0\xed\xf8\xbc\
v\xbe6Fc~\xf2X|F`\x04\x09\xa7<\x97\
\xb9[\xa4\x15\xc82\xc7\x8bw8\xaa\x06\xf6\xd4\xe0b\
\xa2\xed3\x18}\xdb\xab\xdb\xcf\xe2E\xf1\x10\x0d\xd7\xcd\
\xb2\xfbuDz\xefI\xc9I\xbb+\x9f\xc5OS\x87\
\xe9\xf3\x16\x11\xe3\x0f\x18\xcd\xce}\xe2\x00\xa4\x02\xce|\
\xe5=X*\xbaB\xb4\xf0\x90\xa4\x18\xfbq8l\xe0\
\x1d\x1e<\xf9\xd2\x9b\xac\xae\xaa\xc2+\x18\xbf\xdfh\x80\
\xc9\xc0Z\xbf\x0a\x01\xces\xf6\xddDE\xbb\xa0\x09e\
\x22\xc2,\xab\xc2\x11\x01@\xb0\x14C\xb6]\xafV=\
\x8c\x08\x80(a\x9c\x052\xae\xd7\x80\xb1|\x85\xda\xbd\
^\xb8\xdd\xa8EJ\x10o\x11\xd0\xb5\xb2\x82\xa9\x81\x04\
\xf4To\xdd\x8e\xfa\x86F\x88V\xab\x86i)\xecG\
\xa2yq\xd8\xb0\xb1z\x1b\xda\xbc>X,\x16\xf6L\
\xf7n\x15\xaa\x16\x91\xce\xd4WX'\xd3\x94=\x048\
\x15RH\xa6SdE\xe1\x84i\x9e\x1eC\xcbI%\
\xa4\xdd\xaf\xd8zD\x0f\xe5x~\x1cS\x1d\xb3\xee\xfe\
t\x8d&\xfd\x93\xe3\xfd\x85\xcdV\xfeX~\xa7\x17\xa9\
\xbb8\x1eG8\x142>v8\x1c\x10\xd8\xe8hA\
\xb5-\xc4\xea\xd2\xe6P\x85C\xab\xd5b\x00\x9e!z\
\xd6\xc4\x01v\xb9\x93{\xdb$\x96\x7f\xfb4+2'\
X+\xa2\x10\xcfHh\x01\x0a?\x0d\x10Tk_\xbe\
-i\x13\xc7\xd4\xba<\xe7!\x1b\xb8\xb2g\xf7\x82\xc2\
\xe0^%\x1c\xc6\x86\xea\xad\xaa\xea\x17\x8da@\x9f\x9e\
8d\xfc~\x08y\xfdl\xa1y\xe2\x0c\x1c\x07\x8bE\
\x84\xe4\x0d\xe2\x98\xc9\x87\xc0\xedp *\xa9H\xe0\xda\
\xf5\xd5\xc4J\x92l\x069Kj\xd5<\xa4\xb9\xdd\xa6\
\x8f\xc2'O\xe1\xc0\xa9\x04\xa0\xb2\x02n\x92z\xf4\xe7\
\x8f\xf1\xeb\x8b\xb9\xc7\x10\xb3=\xb9Kh\x83S\xb7x\
\x0e\xf3~\x5c\xa8r\x1e\xb6\xd99<\xf7\xf0\xed\xe8]\
U\x8c\xf6f/\x82\x11\x09\xc1H\x1c\xed->\x8c\x1a\
\xd3\x0f\xf7\xdc|5\x1b\x8f(\x08\xec\x08\xf9n\xc1\xcf\
\xe0l6\xc8D\x049\xba(\x13\x171\x9d\xfd\xfa\xc6\
\xc8gq\x94\xff-\xcb \xb3!\xe9I\xfb\xd9\xbb\x0d\
\xeb#F8\xfb\x81\x02\xc7Uir7W\x08\xf1\xa6\
[\xfc\xfc\x90+S\x1b\xb9@\xc44\x9d\xc8\xe7\x1d\xf1\
\xb8\x0c\xbb\xa7\x18_}\xbb\x10k7Tc\xd8\xe0\x01\
\x90d\x05\x83\x06t\xc7\xcb\xff\x18\x83\xb7\xe6\xae\xc0\x9a\
\xed\x11&\x1b\x8c\x1b\xe0\xc2%g\x1e\x88\xca\x8a.L\
\x03 \x8e\xf0\xf5\xf7\xf3\xb1t\xe9j\xb8\x8aK\x19\x01\
d\x9e\x0b\xcd\xa3\x88\x84Gc<:\x1a\xd7\xf9\xa9\xfc\
\xd4;\xf3R(\x05\xcdi\x1eJ\x13\xc3\x899^(\
Rda\xa2(\xc88\x9c\x13\x08+`\xb6\xfd\x82u\
\x7f\xfd\x85\x06\xd8\xc1\xe5\xe9\x7f\xa1C\xa9\xda\xf7\x19;\
\x9d\xe6\xf9\xbc\xc0\x11\xda\xc9\x16\x11A_\x0cW\xfd\xe3\
^|\xf7\xe9l\xb6\xb3\xfd^/*\x9cQ\xdcvF\
o\x84b\x0c$\x85\x95\x8b\x00\x8a\x0f\xe1H\x10v\x9b\
\x13\xadm\xed\xf8\xfb\xed\x0f\xc1bs'u\xc3P\xb5\
\x92\xfadr'3\xfa\xa5-Z\xda\xe1\xa4\x9f\x944\
\xd0\x9a\xe9\x9f\xfc--\xe6\xb5\xc86=\xc4\x08x\x9e\
?\x90\xac\xa1\xfbhg\x5c\xa7G\xf2Q\xc1\x8d3#\
\x13\x0c\x9a\xab\xc3\xf9\x9a\xc8\x19[7\x18k\xe6zz\
\x9b\x1c\xc9oq\xb8\x8a\x5c\x98\xbf\xe0w\x9cu\xe1\xd5\
\xf0\x07Bp\x17\x95!\x1a\x8b\xc3\xe7\x0fC\x96\xc9$\
,\xa3#\x10c\xdc\x81\x16\xbf\xae\xa1\x11'\x9e}\x19\
6l\xda\x0e\x9b3\xc1\xfe\xd5\xb6\xb5\xf7w\x92\x09\x12\
\xec\x9eM\xbei\xf1u\xf40QO%\x8e\xce\x1dW\
k%\xfd\xd7\xc0\x07\xf6\xb0\xb6\xc04]\xe2[\xca\x08\
\x1e\xe0\xba\xeb=V\xc1\x85\xc4@2\xfb\xc6\x99:\x98\
\xf2\x5c\xf6\x92\xc2\x222\xd4W\x853\x9e\xd9\xea\xb9\x94\
\x89\xc8\x0bT1\xd0:\x8e!{\xee\x12\x0f>\xf9l\
\x1e\x0e9\xee\x1c|>\xf7[\x08\x82\x08\x8e\xe7\xa1\x90\
\xff\x04\x04\x08\xcc\x17\x00x\xf3\xdd9\x98p\xf4YX\
\xb4x%\xdc\x1e7\xe2\x92\x94\x96\x08\x19\x00c\xfc\xad\
\xcdh\xa7\xd9\xd1\x88\x91\xe7\xb5\xb1\xa8\x87E\x86\x93!\
a'\xd1\xeb\xa5\xa0\x9bYg\xd5\xb4^y\x1e\x17t\
\x0c\x90\xf0_\xc59\xaaF\xd7\x00|/\x1a\x15g\x1a\
G6\x83\x85fiJk\x84\xc8\xf6N\xbd\xb3\xecE\
\x19:J\x8b\x11\x89\xc9\x0c\xa0!B\xb0Y-lv\
\xf2B\xc62\xf4\x83&\x94t\xfb\x0e\xaf\x1f\x1e[\x0c\
\x1f\xdd9\x06e\x1e \x1a\xe7\xd8\xc2;\xad\x1cVo\
\x8f`\xdaCK :\x8a\xe0t: Iq\x93#\
\x9eZ\xa8?\xeco}\xd1\xb3L\xb6\xb6\xd7\x99\x91\x89\
\x94k\xb25Xx\x80\x5c|;\xd55\x9cGT\x12\
0\x81\xbbI\xef\xcf6v\x8542\x0d\x19\xccZ\xd7\
h\x98\xa3c\xbf\x918@i\xe7\x13,}1\xbac\
f\x81&\xc83{\xa1\xe9H\x18U:\xd7W\xa5o\
\x7fHBe\xb1\x82\xa7\xa7\x0f\xc0\xa5\xc7V\x22\x14\x8e\
\xb2]\x94f\x10\x19G\xc8\xbc|x\x02\x7fT]?\
\x16\xe7\xe0\x0b\x84\x99\x88#\xf36\xc4UK9H\xf7\
WUF@b\xc8\xa1\x1b\x92\xcc\xc3\x1f\x8cB\x22\xed\
OkG\xe48\x08I\x8b\xaf\x9b\xa73v\x81\x8d6\
.Eq\xcb\x99\xbdp\xdf\xb4>p\x081\x84\xa2\x0a\
#p\x83K\xe9K\xce\xd6\xbe\x13\xd5\xaa\x9fQ\xe7\xf2\
(\xf9,>\xeb\xbf\xfa\x1fN\x15\xe0\x952\xb2\x90\x88\
\x9d\xcc\x94\x99\x047\xa3\x95\x84Y\xac\x93Q$\x93+\
\x94\x81\xa3\xa7\x17\x80\xc8\xaf\xd1\xe7\x0db\xbf!N\xdc\
{\xc1\x00\xf4.\xe7p\xc4>\xc5hl\x93\xf0\xd9/\
-p\xb9\x13\xe7\xb1\x92N\x98$R\xe6x\xb6\xb8\xe1\
\x98\x0cY\x22\x99V\x86\xdd\xaa\xa0\xc2-\xa0K\xb1\x05\
e\x1e\x11=JE\xd8D\x19R\x9c\xf9\x08\xb1:1\
\x09(w\xf18mb)Z\xbc\x12\x1a\xdb\xa3h\xee\
\x88\xa2=\x08\xc4b\xd4;\x01\xa2\x85\x83\xd5\x22@\xe4\
U\x98\x99\xa1\x83\x19\x0a\xf5#\x18\x0c\xe3\x9a\xa9U\xb8\
\xe0\x88rH\x92\x8c\xfe\xdd\x06\xe3\xce76bKc\
\x0cn\x97\x95\xf53i\xd1\xcd2_\xca\xc4\x99\xbc\x83\
\xd3\xce\xabY\x98\xce]Lmq\x9c\xc09z\x8c\x89\
\x80Cz\x0f\x89B\x8a\xce\xbb\xf2\x14X\xf5j\xb4I\
e\x85C\xc8\x1f\xc0I\x07\x97\xe0\xe6\xd3\xfb\xc2&J\
\x08D\x00\xbb\x85G\x1cV\x5c\xff\xcaF,\xad\x8e\xc0\
f\xe5\x93h\x8b\xda\xa0]Ns\x19\x8e\xc4!K\x12\
\xec6\x0e\xfd\xba\xd9\xb0o?\x17F\xf4s\xa3O\x85\
\x05\x95E\x02\x8a\x9cV8l\x028EF0\x1c\x03\
)v\x1c\xf3\xae&\xacG\x86\xc0\x03\x0e\xbb\x05\x92\xcc\
!\x14\x89\xc3\x1b\x94\xb0\xa3#\x8e\xcd\x0d\x11\xac\xd8\xe2\
\xc7\xeam\x01\xd44G!\xc5\xc8\x87P\x80\xdd\xca\x13\
\x13e8\x91y\xb8tL\x84\xc2\x12N8\xb0\x18\xf7\
\x9c\xdb\x17\x81P\x08\xf1\xb8\x02\x8fC@\xa3W\xc1\xbd\
\xefl\xc2\xe2\xb5!&\x9c\xea\xb2\x841\x1b\x86\xe4\x98\
<W\xac\xd6\x9e\x92\x03\x93\xde\xa1\xc8\x9c\xa3\xc7\xe8(\
8\x8e\x0e\xda=\xd3~>\xd4\xa8q\x09A\xe0\x11%\
U,\x1e\xc4\x8c\xe3\xbbc\xda\xa4\xae\x08E\xa3\xa0\xcd\
+\x0a\x84\xc1\xcb\xa8\xea\xe2\xc2s_7\xe3\xc9\x0f\xb7\
\xc3\xed\xb1\xb2\xc9\xd4\x17\x9e\xea\x85\xc31XD\x19\x83\
\xabl\x988\xb2\x18\xe3\x87\x16\xa3\x7f7\x1b\x8a\x9c\xb4\
@\x1cb\x92\xcc\xa4\xfex\x5c\x1d;c\xff\xda\x04p\
\xa6\x19a2\x11\xdb\x94\x1c\x83\x8b-\x82\x00\x8b\xc8C\
\x14T\xf3X[P\xc6\xda\xda\x00\x16\xad\xee\xc0\xafk\
}\xd8\xdcHD$\xc0a\x17\x19\x86J\xc0\x11=O\
G\x86?\x14\xc5\xcc+\x07\xe1\xb81.4\xb4\x84\x99\
\xc9\x8dp\x09F\xc0\x9c\x88g?\xaf\xc5{\x0bZ\xe0\
p\xba\xd4g\x0d\xb5A\xf3?\xd2\x80\x11]*P\x0d\
\x7f\xc9\x82\xe6\xae-N\xb2`\xa9pi\x08\x80\x9d\x8d\
\xcc\x22\x96\xdb\x15[\x9fHs\xb5l\x04\xc0\x99\x87\xc5\
\xd3N\x93Q\xe1Vp\xf7\xf9\xfdp\xd8p7\xda|\
!cW\xd2d\x90\xc5\xee\xa7\xb5a<\xf6q=\xbc\
A:\x87UK\x1d-j$\x14A\x91\x9b\xc7\xa4\xd1\
\xa5\x98\xb2\x7f9F\xf6\xb6\xc3i\xe3\x11\x93\xe2L\x88\
\x8c\xc5\x13\x0bB\xc4b\x118\xc6\xbeE&\x95\xeb\x86\
 \xce\xe8\x11M/q\x22\x22\x10\x22,\x22\x18R\x11\
iq\xe8yQP`\x13yXE\x0e\x1d!\xe0\xcf\
\xcdA|\xf9\xebN\xfc\xba\xc6\x8bp\x94\x83\xc3ic\
r\x02\xd3<\xe2@\xcf.<n9\xa3\x07\xf6\xe9M\
\xa6h\x95\xdf0\x03\x15\xaf\xc0\xe3v\xe2\xe3E\xadx\
\xfc\xa3\x1aD%\x0bH\xceUOU:\xc7u1M\
=\x22\xd4^f\xe7\x00Y\x8f\x88\xec\xeb\xa7\x90\x16\x10\
\x058K\x02\x0a\xa0\xc6R\xf8Z\x01%\x1bv\xa0\x8b\
\x07\xf4\xaf\x14S\xd0\xbfR\xc1}\x17\x0d\xc2\x90\x1ev\
\xb4\xfb\xa3\xe0\x05]\x89&\x22\xa0\xfd/\xe0oO\xae\
\xc1\xa6z\xa0\xa8\x84$s \x18\x8a\xa1\xd8\x11\xc7\x94\
\xfd<8\xf5\xe0\x0a\x0c\xec\xe1$`\x0b\xe1(\x9d\xe5\
\x0a[0A\xe0`\xb3\xd0b\x09*\xc1\xc8\x1c|!\
\xa0\xcd\x1fE\xbb/\x86\xf6@\x0c\xbe`\x0cQIE\
\xf8\xe8l\xf7\xb8,(q\x89LN(qY\xe0\xb2\
\x11\xd1\xd0\xeeW\x10\x89\x11Q\xc5\x19'\x10x\x19\x16\
\x91\x83\xcd&B\x8a\xf3X\xb5-\x80\x0f\x176\xe1\xc7\
U\x01D$\x0b\xdcv\x0b\xe3 \x1d\xcd~L\x1cm\
\xc7\x93\x97\x0fA(&\xb1\xa3A\xdf\x18\xd4\xc7\xd2\x22\
\x07\x16\xad\xf1\xe1\x9fooBkPd\x84\xaat:\
NM\xc4\x90\xc7j\xaau\xf3\x05\x8dX\xbd\x04\x01\xa8\
\x0b\xa4K\xba{\xd7LI\x92\xb0\xdf\x17\xc4\x03\x17\xf7\
\xc5)\x07\x96`G\x1b\xf9\xe3Y\x98\xb9ZE)\xc8\
o\x9f\x048\x0e\xeb\xeac\xb8\xe6\xf9\xb5\xe8\x08Y\xd9\
N\x99\xb2\x7f\x19\xa6\x1d\xd9\x15\x03*y\x84\xc3q\x84\
b\xeaN'V\xed\xb4\x0bl\xd1\x03a\x05[\x9b\x82\
X\xb3=\x88\xb55\x01lm\x8c\xa1\xc9\xc7\xc1\x1b\x94\
\x99\x80(\xc5\x15\x16\x17 \x13\xa7#b#.!\x0a\
\x8cK8-\x1c\x8a\xec2*K8\x0c\xec\xee\xc4\xf0\
^N\x0c\xed\xe9@\xaf\x0a;\x9cV \x12U\xed\x07\
\xa4\xce\x91\x08\xe9\xb0\x89\x10-\x16\xac\xda\x1e\xc1\xeb\xff\
i\xc4\xfc\x95\x1d\xe4W\x87~]9<\x7f\xf50\x94\
\xbaT\x8eB\x5c\xc4\xd0 8\x0e\xe1\x88\x84\x9e\x15.\
<\xfde=^\xfc\xac\x0e\xeeb';\xde\x0c-k\
/-A\x8a\x9a\xa9\xec9!\xb0\x80B\xbb!\x12\x91\
0\xb4\x8a\xc3\xcc+\x06\xc3aQ\x10\x8d\x03E.\x0b\
h\x0ehrh?\xc4%\x19\xa5EV|\xb6\xb8\x15\
\xef\xffg;\xae>m &\x8c(A,\x16e\x8b\
@6\x0d\x9eS\xd8\xc2\xc7\x15\x0e\x9b\x1b#X\xb4\xd6\
\x87Ek\xfc\xd8X\x1f\x847$C\x91u\xb5+\xae\
Z\xf6\x18\x91i\xe8\x9e\xa2[\xfa\xb8\x84D\xca\xd4\x09\
\x01\x9a\xdd\x18$\x86\x16;y\x0c\xed\xed\xc4!#K\
0~\xb0\x0b}*D\xd6N0,!\xce\x09\x0c\xe8\
q\xd9yp\x82\x05_\xfe\xd6\x84w\xe6m\xc3\xad\xe7\
\x0d\xc1\xd8\xfevx\x83q&\xeb\x10\x8bv\x11\x91+\
\x0a\x130\x1d\x16\x1e;\xbcq\x5c\xff\xd2:\xd4\xb5\x89\
\xb0XT\x01WW!\x13\x0b\x95\x9b\x12\xd2\x1e\xd7\x19\
X\xb1\xb9.\xfdF2@\x18\x1cgK\xa9\x96\x80,\
\xf7\x121\xd2y\xe9\xf7\x851\xe5\xc0\x22<xa?\
\xd8D\xe0\xbb\x15^x\x9cV\x8c\xed\xef@\x87/\xaa\
\xed\x1a\x92\xd0yH\x0a\x0f\x97\x95\x828\xe2Px\x1e\
\x02'\xc3\xed\x14\x11\x8dq\xf8iu\x07>\xfbe\x07\
\x96n\x0e!\x10\xb5\x80\x17-P\xe2\x12\x94(a\xfc\
1v>\xf7\xe8Z\x89\xde\xbd\xabP\xd5\xbd+*+\
+PZR\xcc\xfc\x03h2\x82\x81 ZZ\xdb\xb0\
\xa3\xb1\x11\xb5\xf5\x0d\xa8\xabo\xc4\x8e\x9d-\x88\x10v\
 X\xc0\xdb\x1d\xe0x\x11q)\x86b\xbb\x84\x83\x86\
\xb8q\xca\xc1\x958`p\x11#\x10_H\xd2\x8e6\
\x22F\x0b\xfca\x19VAf\x1a\x05\x11\x07i\x19E\
\x1e+\x16\xac\xf4\xc2\xed\x101~\xb0\x13\xad~\x09\xd7\
\xbe\xb4\x09K6E\x0d\xb5P?\x86\x8d\xe0$\xb3\x13\
\xe5.H\x80\xb9PA\x95\x00\xaaF\x87\x81d\x02`\
p\xa7N\x7f\xd9\x10\xc1d\x8d\x5c\x15E\xb2t6\xf5\
+\x81\xe3\x11\x08\x86p\xea\x84R\xf4(\xb7\xe1\xe5\xaf\
\x1a\xd0\xb5\xdc\x81\xd7o\x1c\x86RG\x9c\x09\x89\xccc\
E\x93\x92U\x14M\x81\xcb.\xb0\xdd\xb6`\xb5\x17\xef\
\xceo\xc6\xd2M~\x1a\x0aA/\x90\x83A\x08\x0e;\
\x86\x0d\x19\x84\x89\x07\x8d\xc1\x84\x03\xc7b\xf4\xc8!\xe8\
\xdb\xbb'\x5c.W^\x13\xe7\xf5\xfaP\xbd\xb5\x06K\
\x96\xae\xc4/\x7f,\xc3\xcf\xbf/\xc5\xa6\xea\xad$\x15\
Bt\x12XD\x02\xa5\x8c\x09\xc3\x8a0mr%\xf6\
\x1b\xe0@,\x126\x8cK\xc4<X\x7f\x98\x8a\xaa\xa0\
\xc8!`]C\x1c\x17?\xb1\x16\x16A\xc6\xf4)U\
\xf8sC;~X\x1e\x84\xc7\xed@\x9cq%\xd3|\
j\xf3\xafZ\x19\xf3\x00\xd9\x0cW.MS\xc8w\xc7\
*\x1a\x07P8\xde\xa6K\x9a\xa9\xef\xca\xed\xc3nJ\
\xb0`\xf6GO\xf7D\x9a\x8e\xd1$\x05BQ&v\
\xbb\x5cv\x04c\x0a\xc6\xf4\xb32$\xd0\xc2\xc5!\xcb\
\xaaV@\xc7\x01\xb4]\xbf|s\x10\xb3\xe65`\xd1\
\x86\x08 \xd8\xc1\xc5\xa3\x88\x87\x02\xa8\xeaY\x89\x93\x8f\
\x9b\x8c\xd3O\x99\x82\xf1\xfb\x8f\x81\xcd\x96\xcc\xd8\x88\x90\
\xc86@@\xcd\xf65_\xa3f\xc9\x87\x10D+\x06\
N\x9c\x8e.\xbd\xc6\x91>\x0aAP\xdd\xc1\xcc\xc5\xe7\
\xf7c\xc1\xcf\x8b\xf1\xfe\xc7s\xf1\xcd\x0f?\xa1\xb5\xc5\
\x07\xc1\xe5F\x5c\xe1aA\x14G\x8er\xe0\xb2c\xba\
c@7+c\xef\x14A\xc7\x0b*\xab\xb5\x08\x0aZ\
|\xc0\xf4g7bG\x07i2q\x84\x83Q\xc0b\
\x81\xcbNG\x82I\x9dJE\x83t\x9c '\xbc\xab\
\x0b\x90\x99l\x8d\x9d\xd7A]+E\x11u\xfc\xb9\xd0\
H\x1dS\xed\xa4\xfee{6\xa1\x22\xaa0\xaa\xca\xe5\
\x14\xb8H\xba\xd2UO)\x0a\x87\xc5\x0a\x85T'Q\
\x15\x88\xc8g\xcf\xe9\x10\x10\x8d[\xf0\xfc\xdc\xedx\xe7\
\xfb\x1d\x88\xc0\xce\xa4\xf4\xa8\xbf\x15\xc3\x86\x0d\xc2\x15\x17\
\x9f\x8dsN;\x11\x15]()\x89Z\xc8\x13\x98\x0a\
\x93\xc0571Q\xa0\xb0z\x01\x9c\x14\x04BM\xe0\
D\x07DH\x0c\x86f>1\xda\x19I?LH\xa4\
`\x19\xb7\x1b'\x1c;\x99\xfdl\xab\xa9\xc5\xecw?\
\xc6\xabo}\x8c\xfa\xda\x06\xf0\x1e7\xbeY\x1a\xc0\xaf\
\xab\xd7a\xfa\x09U8\xeb\xb0nL\x15\x8dFeU\
\xa4PH\xe0\x94a\x13\x15\xe6k`wZ x\x1c\
\x1a\x036\xa3\x81\x09\x98\xdc\xf8+_\x81\xde\xe4\x8b\x90\
\xefq\xa1\xbfG\x03\x9aw\xe5\x94O\xb0\x8bN~\x00\
\x99^\xaa\xfdG\x87\x83u\xdb\x97\x16\xc5\x06\xbf7\x88\
\xc9\xa3\xecx\xfc\x92\xfe\xb0[bl\x01\xc9d[\xec\
\xb2\xa0\xb6\x15\xb8\xf6\xe5j\xcc\xfa\xb6\x0d\xbc\xcd\x03%\
\xe4E\xb9\xc7\x8e\xa7\x1e\xb9\x1dK\x17~\x89k\xa7_\
\xc8\x16\x9fv8I\xf8\xbag\x0f\xfd\x90\xd3\x87\xba\xab\
\xf5\x1f\xbd?\x02\x14]\xf0c\x1fh\x9bAs\x22\xa5\
g)F\x80\xda\xa26\xe9\xa7O\xef\x9e\xb8\xe7\xd6\xeb\
\xb0\xfc\xe7/q\xf3\xf5\x97BTb\x80\x14F\x98w\
\xe1\x91\x8f\x9ap\xf3\xec\xad\xe8\x08\xf1\xec\xac'\xd6\x1e\
\x8d\x02\xddJD<?c0F\xf6\xe4\xe1#u\x97\
b\xf9\xd3\xe1\xff\x9d6P.\x17}\xfd\xb8\xce\xf4|\
\xba\x15HT`r/S\xb9\xf3n\xc0\xe4\xc0a>\
\xae\xf2)\x9a`\xa3\x0b\xab:\xfcb\x18\x81\x02Q\x1c\
5\xce\x83\x07.\x1c\x00%\x1eF$B\xf6|\x19\x1e\
\x97\x88\xf9\xab\x02\xb8\xe4\xa9\xb5\xf8s\xab\x04\x9b\xd3\x8a\
\xa0\xcf\x8b\x8b.8\x1dK~\xfa\x06\xd7_y1\xe2\
\xc1Z\xc4e\x22\x16\xc5X\xb4\xcc\x0e\xa8\x1a\xf1\x11Q\
\xf0tN\xf39\x0d.\x0c\x1d\xe4\xd5vI\xa0\x93\xa4\
(\x5cB;\x1e\xf9\xd7-\xf8\xf5\x87Oq\xec\xa4\x09\
\x08\xb7w\xc0\xe9r\xe0\xfb\xe5a\x5c\xf6\xd4Z\xac\xd8\
\x16\x82\xc7)2\xb9%\x18\x91Q\xe2P\xf0\xf4\x95\xc3\
0z\x80\x1d\xbeP\x0c\x02\xa1R\x99z\x98Nz7\
\xff\x9e\xb4_\x13\xb1\x01\xb9\x8b\xba\x00\x046\xe9n\xe5\
\xa4E\x19\xd6\xbc\xbc\xacI&\xc3QA|\xc3\x14\xc0\
`~\x0f\xb1d_ \x8aC\xf7q\xe1\xfe\x8b\x06B\
\x96c\x88\xc7\xc9\x9e'\xc3\xed\xb2\xe3\xdd\xff6\xe1\xc6\
\x97\xd7\xc1/\xdb\x81h\x08]\x8a]\x98\xf3\xd63\x98\
\xfd\xc2\xe3\xa8(\x01\x96|v3~\xff\xe0z\x84\xda\
\xaaU\xad!\xcf\xeeP\x08\xb8$E!E\xa3\xa6D\
'9\xfa/\xcb\x8c3\xb4\xd7\xfd\x81_\xdf\xb9\x12+\
\xe6=\x88}\x86\xf5\xc17\x1f\xbf\x81g\x9e\xb8\x1b\x82\
\x22A\xe4b\xa8\xf3\xf2\xb8j\xe6j\xcc[\xda\x81b\
7i\xd8\x0a\x22\x12P\xe2T\xf0\xf8\xe5\x831\xa4\xca\
\x82@H\x02O\x06\x88\x1c\xf3e\xb2\xdf\x1a\xc5\x1c\x04\
Rptu\x8a\x94\xb8K\x89\x1ev\x0b\x936:O\
\xa6Q\x12\x00%\x8c\xec-\xe2\xfe\x0b\xfa\x83\x93\xa3\x90\
\x14J\xe0\xa0\xc0\xe5\xb2\xe1\xa5o\xea\xf1\xe8\x075\xb0\
;\x5c\x88\xb44\xe2\xb0\xf1\xa3\xb1h\xde\xfb8\xfd\xa4\
\xe3\xd8N\x8cD\x22\x88t\xd4\xc3\xa2\x84\xb1\xf9\xf7w\
\xf3\xd4\x99\xd5!W\xf4\x9f\x80\xe1\xc7\xdd\x8daG\xdf\
\x0aO\xc5@\xed\xbbl#S\xcf\xeb\xb8\x14\xc0\x96\xdf\
\xff\x0d;/!\xe2\xdd\x81(\xd9\xfbe\x05\xd7\x5cv\
\x01~\xfc\xe2\x0d\xf4\xed\xd1\x05\x92\xbf\x0d\xb0\xbaq\xfb\
\xecM\xf8\xf4\xb7V\x94\x15;\x18\x9b%sp\xa9S\
\xc6\xa3\x97\x0eDE\x91\x8cH4n\xf8\x18dyk\
\xda \x90\xddMd\xa5\x17\xa6e\x15\xfaP'\x87\x8b\
\x02(Bw\xeb\xa2\x81Gc\x0a\xca\xdcq\xfckZ\
\x7f\xb8\xad1\xc4b\x0axR\x9b<\x0e\xbc\xf6\xddN\
\xbc2w\x07\xdc\xc5\xc5\xf075\xe2\xdc3O\xc0\xbc\
\x8fg\xa3w\xcf\x1e\xaa$\x0f\xc0U\xd4\x03\xbd\xc6\x9d\
\x01\x086\xf8j\xffBc\xf5|\x0d\xe8\xc8\xe2\xdd\xae\
u\xd6S\xda\x07]\x07LDe\xff\x09\xb0\xbb*\xf4\
/\xd5\xf1\xa5\x1b\xb3&\xa4\xd6\xac\xf8\x02\x91\x96\xcd\x80\
\xcd\x89\xfe\x07_\x08\xab\xcd\xcd\x88\x99\xfa\xb4\xdf\xe8}\
\xb0\xe0\xeb\xf71\xe1\x801\x08\xb4\xb6\xc2\xe9)\xc5\xfd\
\x1f\xd4b\xee\x9f\x1d(\xf1\xd8\xd9\xb1\x17\x08\xcb\xe8\xd3\
\x85\xc7=\xe7\xf5\x03'G\xd2:\x88\x98'T\xb3Y\
v\xeeO\xaa\xc5\xb0`N\xa0>\x90\xf0NH\xf3\xf2\
\xbcKA$\xa4\xe3\x0b\x1c\xe2\xb1\x10n:\xbd\x17\xfa\
U\xf2\xf0\x87Uy\xa0\xa4\xc8\x8e\x0f~n\xc3\xf3\xb4\
\xf8e\xa5\xf0\xef\xdc\x89+\xae\xba\x10\xff~\xfdYX\
-\x16\xb6\xf3)~\x8f\xf9\xfd+\x0az\x0c9\x0a\xd6\
\xe2*\x84\xfc\xcd\xd8\xb9u\x99>\x88\xdc\xbd`\x92\xbe\
\xac\x11K\xf2\x00\xd2=M\x8b/+q\xec\xdc\xb2\x14\
\x91`\x1b\xdc=\xf6Ey\xd5X\x950H`\x14E\
F\x04=\xbaU`\xdegoa\xcaq\x93\xe0ok\
\x83\xc3\xe9\xc1=\xefl\xc5\xfc5~\x94\x10\x92\xa5(\
\xe8\xf0G1a\x98\x1b\xd3\x8f\xeb\x8e\x90?\xc8\x8e\xae\
\xa4s\xdd@\xeat\x16\xa0B\xd6i\xc7\xa1q\x87\xc2\
\xdd\x06\xb5w8z\x8c\x0e\x81\xe3\xec\x09c\x02\xf6z\
!h\xd4\xef\x0f\xe3\x9c\xc3Jq\xcb\xe9\xbd\xd0\xee'\
4\x9aC\x89G\xc4\x82\xb5a\xdc\xf8\xca&\xd8\x1cn\
\xf8\x9b\x9b1\xe3\x8a\xf3\xf1\xdcc\xf70m\x80FJ\
gp\xea\xael\xa9]\x82\xe6\x9a\xbf\xd0o\xec\x19\xb0\
\xda\x8b5\x5cb\xb7\x8d\xa7)E\xd5\xaf\x82\xdez\xd4\
,\xff\x02=G\x1c\x05W\xd9\x00\xd6\x07R$\xc8h\
D5\xa8\x9f\xa2hA4\x16\xc5i\xd3\xae\xc1\xdco\
\x17\xc2YT\x04+\x82x\xe9\xba\xa1\x18\xd4UD \
DcQ\xe0\xb0\xdb\xf0\x8fY\x9b\xb0`U\x08\x1e\x86\
\x06f\xe0\x5c\x0c\x0f\xc8\xa0\x13\xee\xd6\xba\xe9P0\xcf\
\xd9v\xefL\xc9\xbf\x17\xc4\xfa\xc9 3\xb0+\x87\x97\
\xaf\x1d\x02\x11\xe4~\xc5\xc3!*\xa8\xefPp\xf9\xb3\
\x1b\xe1\x95\x1c\x88\xb4\xb7\xe1\xfcs\xa6\xe2\xed\x97\x1ec\
z43\xd8\xa4\xe5N\x85\xe2\xa4f\xaf\x15\xae\x80\xe7\
\xd2\xb4\xa4\xfbF\xa6\xb4C\x5c\x8a\x08\x95\x82Q'M\
\x9d\x86?\x96\xac\x84`sc@W\x05/]=\x14\
V.\xca\xfc\x11\x1dV\xa0\xae\x0d\xb8t\xe6:\x04c\
\x16\xe6\x94\xd2\xe9D0\xba\x9b\xc6\xe0\xdb\xc9hT\xd8\
\x0a\x12\x0fe\x8eT{\xc2\xe1D\xf7\xd8e\xf6\xec,\
\xc7\x08\xdb\x9br\x0cW\x9f\xd4\x0b\xa5\x0er\xd0\xe0\xc9\
S\x0fq\x88x\xe0\xbd\xcdh\x0e\xf0\x88\x05\xfd\x980\
a\x1cf\xcd\xbc_\x0d\xca\xd0B\xb82\x0fC1,\
\x89\xb9\x8b\xde\xce..\xbe\xf9]\x0c\x80!\xcbe\x08\
\xdb\x96}\x84\xcd\x7f\xbe\x87h\xa8\x9d->e\x16q\
:\x1c\x98\xf3\xc63\xecX \x04p]m\x1cO|\
\xb2\x8d9\xba\xf2PM\xd8\x83\xbaYp\xf11\xdd\x11\
\x0e\x91\xed#\x8dL\xae\x89\xfa9\xd1\xbd\xb4}\xcd1\
\x14M\x06\xd8\xad\xb5\xd7\xb5y\x15\xddK\xec\x055\x1c\
+\xb9[$\xf5\x07\x83\x11L\x1a\xed\xc1\xc4\x11E\xf0\
\x87T)\x98\xd8\xdf\xbb\xf3w\xe0\xcf\xf5a\xd8\x04\x05\
eEN\xbc\xf3\xf2c\x06\x94\xab:wj\xef\xcb\xe0\
U\xab:\x8e\xe6Z\xd4\xccCU4\xf4/g\xd1\xde\
\xa5\x9f\xfd\xa4\x15\xac\xfa\xe6~\xd4\xfc\xf22\xea\xfex\
\x0b\x1b\x17\xbd\xce\xdeC\x09*\x08\xc8\xea\xd5\xa3;\xde\
~\xe5\x09H\xb1\x18\x5c.+\xbe\x5c\xb4\x13\xdf.i\
A\x91\x93R\xfa\x91\x9fB\x0c\xa7\x1d\x5c\x89\x91\xfd\xec\
\x08\x92jhR\xf1\xd8\x81\xc0\xba\x94-:Yw\xb6\
MF\x12\xf3\x01\x91\xa8$\x91\x9c\xd9\xb7\x5cm\x22E\
8\xc9\xab$\x02\x1f\x92\xc0\x0b\x06\xcd\x92\x0b\xb6\x8c\xf3\
\x8f\xe8\xca&\x84\x06\xe8\xb0\xf1\xd8\xd4\x14\xc7[?4\
\xc1\xe1v!\xdc\xde\x8e\xa7\x1f\xba\x03}{\xf5T]\
\xc3\xb5\xc96L\x98\xb9\xd4\xa6\xac\x8b\xb8g\xe4\x02\x85\
q%\x1eR,\x80U\xf3\x1e\x86\xb7f1\x1c\xee2\
\xd8l\x0e\x84\xdaj\x0c\xd9\x840\x8eX,\x86\xc3'\
\x1c\x80;n\xb8\x1c\x81\x9dM\xb0;]xan\x1d\
\x9a}\x0al\x16\x82\xb9iN$L\x9bT\x09%\x1e\
M\x00\xebl\x1dT\x83\x90:\xa7\x9d\xfb\xce\xc2\xd1\x0c\
<\xcd\xb4V:\xd1d\x9a\x05\x0dg\xa66;\xf1\x9c\
\xe4\xb8\x8d\xec\xae\xc6\xd4\x90\xbe\xef4v\xa2\xbaV\x99\
\x038\xb4\xe7i\x17\x87\xc3Q\x1c9\xa6\x18#{;\
Yn>\xa2\x5cr\xa6x\xed?\x0d\xf0\xc5\xec\x08\xf9\
\xdaq\xeai\xc7\xe3\xbc3Of\xcf\x88\x82\xea$\xa2\
2\x93\xfc\x16\xaf\xd0\x10\xf4B\x9feI\xd3x\x1e\xb1\
\xa8\x0f\xab\xbe}\x08\xfe\xedKasQ2\xa9(\xc2\
\xa1\x00\xba\x0f?\x8a\x11\x07\xd5c\xc6 \x8b\xeamw\
\xfb\x8d30f\xdc(H\x91\x10\xeaZ\x81\xf7\x7fn\
\x81\xdb\xa1r8\x02\xc2&\x0e\xf7`T\x7f\x07s(\
\xd5us#\xaa\xc8\xbc\xa0\x5cz\xee\x9bd\xbd\xcd\xc3\
\x18\xa7\x1a\xf2\x98SK\x92\xd2\xa9\xa1|\xf9NbB\
\x08\xd1C\xa2\x12\x9dS]\xa7\xf5\x8f\xe22\x07\x1a\xef\
\xa9\x13*\x11\x97\xc8\x1b\x87\x83\xdd&\xe0\xf7\x8d\x01\xfc\
\xf0W;lV\x01\xa5\xa5%x\xf2\xc1\xbb\x11\xf2\xd6\
b\xeb_s +jL@\xa6]\xad\xaaq\xc9\xdf\
\xed\x8a7\x93\xa2\xed\xd8\xfc\x16_@4\xdc\x86\x95_\
\xff\x0b\x81\xfa\xbf`qx\xd8\xe7\x91\x98\x84>\x13/\
G\xd5\xf0\xe3U\xf7uJ\xe4L\x5cB\x0a`\xf3\xd2\
O`\xe5\xc3x\xe2\xa1\xbb \xc7bp\xba\x5c\xf8\xe4\
\xd7VT7\xc5\xe0\x10\x893\x92\x0b\x1bp\xc6!]\
\x99\x1f\x83\xe1h\xa9\xf7\xc9,\xebe9\x0dr\xf6?\
E\x91\xa0\xd51\xe9Tf\xc18\x07\xfb0\x85D\x99\
Y\x91jUL1+\x93c\xa6\xe6\x025~X\x11\
\xf6\xe9\xebB0\x16g\x0e\x9e\xf4\xf4\xbf\xbf\xaf\x83\xa4\
X\x11\xeeh\xc7\x8c\xcb\xcfG\x9f\x9e\xdd\xb0~\xe1\xab\
\xa8\xf9\xf9E,\xff\xe2\x0e\xb4l\xffC\xddQi\xfa\
\xc4\x12fk\xc0\x8f\xe1`\x9d'\xf1\x9a\x09\x85+`\
\xf1#\x81\x9dX\xfe\xe5]\x086,\x87\xc5\xeef\x9f\
G%\x05\xfd\x0f\x9d\x81>\xa3Ncj\xa0\x96\x9d\x11\
;6\xfe\x88\xe5\x9f\xdf\x81\xad?=\x8f5\x0b_\xc5\
\x11\x13\xf6\xc7)\xa7NA\xc8\xefE\x9b\x9f\xc3\x07\x0b\
\x1aa\xb5\x10\xec\x0d\x04\xc3\x0a\xf3j\x1eXeeZ\
\x92\xd1%M\x96\xca\x85R\xe6\x9b\x8b\xc8\xc8\xe7\xa0\x8a\
\x08\xa4\x05\x98Q\x87\xdcEg1f\x5c_\xfd,A\
A\x09\x00#\xe1\xe2DI\xaa\xa6\x1cP\xce|\xf7\xe8\
\xb5t\xf6\xaf\xd8\x1a\xc4o\xeb:\x98WM\xb7\x1e\x95\
\xb8v\xfa4\x96\xeaVt\x94@t\x96 \xb4s-\
V\x7f}/6,zU\x8b\xa0I:\xe4\xe0k\xd9\
\x8c\x90\xaf^\x85w\x95\x1c\x08\xe0n\x1c\x15\x8a\xb6\xf8\
a\xff\x0e,\x9f{7\x22\xcd\x1baq\x14A\x96\x22\
\x88D#\x180\xf1\x0a\xf4\x1cv,\xab\xc7,}r\
\x0c+\xe7=\x84\x8d\xffy\x14\xd1\xe6\x8d\xb0\x12\x97\xe0\
Tw\xb0\xbb\xffq%lv+\xf3.\xfe\xe6\xf7&\
lm\x8a2\x07V\x0aN-u\x01G\x8f-\x83\x14\
\x8d\xa9v\x82\xd4.\xa6\xb1\x0b\x18kb\xfa>\xe3\x98\
\xb5\xa7\xcd\xa9\xe4\xd8\x11`h\xf1{DF2\xed,\
\x8d\x80\xc9\xa3\xb6g\x17\x11\xe3\xfa;Y\xda5\xfa\xcc\
b\xb5\xe2\xeb\xdf[\x10\x91\xad\x90\xfc\x1d8\xef\xcc\x13\
QQNg\xa9\x82\x91\x93\xff\x8e\xfe\x87\xff\x1d\x96\x92\
\xbe\x90\xa2~\x86\x18j]7\xd2\xe5W\xff\xfe&\xfe\
\xfc\xf0Z,\xfd\xe8F\xd4\xac\xf8L\xdb(|\x0a\x11\
\xec>\xaa\xa5\x90\x0c\xc2\x0b\x08\xf9\x1a\xb0\xe2\xab\xfb\x10\
k\xdf\x0e\x0b\x81Mq\x09\x91X\x14\x03\x0e\xbb\x02=\
\x86\x1e\xad\xaa\xab\xba\x1a\xc7\xf1\x88\x86|\x90\xa40l\
\x95C0l\xca]\x18q\xf8\x0cf3\x185b\x18\
\xa6\x1c=\x11Q\x7f\x07Z\xfd\xc0\xf7\x7f\xb51\x9fF\
\x92\xfe\xa3\xd18\x8e\x18U\x0a\x8f\x9b4\x884}\xcf\
\xc7;$\xdbX\xd2\xac\xb1X\xc84\xa5\x83Nr\xc5\
\x0f\x90\x9a'\xc5$\x1c4\xb4\x18en\x0e\x1d\x818\
\x0b\x90h\xf2\xcaX\xb4>\x08Q\x14`+v\xe1\xd2\
ig\xa8\xa8\x9av\xe6w\x1b0\x11]z\xed\x8b\xfa\
\x0d\xf3\xd1}\xd0\xa1I\xef\x93\xa2>4\xac\x9e\xc7\xdc\
\xb9\x05H\xd8\xf6\xebk\xf06\xad\xc7\xe0\x89W\xc0j\
+f\x5cD\xcdq\xb9\x9b@\x8f\xac.j\xb0\xa3\x06\
\xab\xbe~\x00\x92o\x87\xb1\xf3\xa3q\x05\x83']\x8f\
\xee\x83i\xf1\xe3L\xedS\xe7\x88\xc6 b\xe8\x11\xd7\
\xa0\xb5\xf60T\x0d\x9b\x04\x9e\xb7\x19\x903M\xd5e\
\xd3\xce\xc0\xa7\x9f~\x05At\xe2\xbf+\xbd8\x7fr\
7\x88\x22\x85\xb4\x01\xfd\xbbY0\xb2\x8f\x1d\xbf\xad\x0b\
\xc1\xe5$\xe8;\xc1\xf52`\x81y\xad\x83Z)\xe9\
\x01\xd6XA\xd6\xc0N\xd3\xa9\xa5S\xcbV\xa8\xff<\
/\xe3\x90\xe1%l\x97\xc8\x8a\xccB\xb4\x96l\xf2\xa3\
\xd1\xcb1\xa9\xf8\x88\xc3\xc6c\xe8\xc0\x01\x06\x82\xa6\x9f\
\xeb\xa2\xb5\x08\xbdG\x9e\x04\x8b\xadD\xeb\xb3*\x1f\x0b\
\xa2\x03\xae\xf2\xbe\x88GC\x0cv\xb5\xdb]h\xdf\xfc\
\x0b\x96}q'Z\x1b\x96\xab\xc9\xb0\xf4P\x9f\xb4%\
\xe1\x8b\x90K\xda\x0f\xb4m\xc3\x8a\xaf\xeeE\xcc[\x07\
\xd1\xe6\x80\x1c\x8f\x22\x16\x07\x06O\xfe{\xa7\xc5\xa7\xa2\
\xf3SWq\x15z\x8d8\xceX|\xea\xbbj\xfeU\
p\xf8\x84\xf1\x18:|\x10k\xab\xba)\x8eu\xf5Q\
8-\x22b\xe4\xcf\xc0\xcb\xcc\xe9T\x15\x06\xcdE\xc7\
U2\x08\xc4\xbb\xc0\xed4W\x98\xdd`\xfcy\x10\x1c\
E\xf1\x94{\x80AU6D$-\xd0Q\xe1\xf0\xcb\
\x9a\x0e\xc3e\xfb\xacSN\xd0\x805\xb3`\xa6N\x16\
\xed\xc2\xa4\xc1\xb1\x0b2D\x0c\x9b\xfcw\x14\xf7\x9b\x80\
p\xa0\x83}k\xb3{ {\xb7c\xf5W\xff\xc4\xd6\
e\x1f\x1a@\x14\xcb\x9c\xde\xa9\xb3\xba\xae\xc4e=\xf3\
\xbd-\x9b\xb0b\xee\xdd\x90\xfdML\xe0\xa3\x9dO\xe3\
\x194\xe9:t\x1bp\xb8z\xe6\x9b\x16?\xb9\x11\xea\
;\x85\x98'4\x0c\x155\x8c\xc3n\xb3\xe2\xa4\xe3\x8e\
\x82\x12\x8d!,\x09\xf8m\x9d\x0fV+9\xb1(\xac\
\xfd}\xfb\xbba\xb3Q\xdd\x0c\xa0W\xba~\xa7\xea\xdd\
\xb9\x8a\x86\xfe\xaa\x11\x8e\xbb\xa1;g+\x84\xdfS\xb4\
\xce\x80\xeev\x94\x17\x09\x88Jq\x16U\xd3\xec\x95\xb0\
r\x8b\x9f\xf9\xeaWT\x96\xe3\xc8C\x0ff\xfd&\x8f\
\x9b\x94\x16T\xcf\x1d\xf3\xa0\xb4]@&\xdcQ\xc7\xdd\
\x89\xaa\xfd\xcfC\x94\xdc\xc0\xa4\x10x\xc1\x0e\x1b/`\
\xfb\xaf\xafc\xe5\xbc\x07\x10\x09\xb5i\xa9\xf12^\x98\
\x91y\xf1wn\xc0\xaa\xaf\xef\x83\x12j\x86`\xd5v\
\xbe\xccc\xf0\x917\xa2\xdb\x80C\x8dz\xd9\xb7\x97\xa0\
{\x5cv\xf2G\x98:\xe5HX\x1c\x0e\x16\xca\xbed\
\xa3\x1f\xc1\xa8\x02\x91\xa3D\xd62\xfaV\xd8\xd1\xa3\xcc\
\xaaE.\xa9\xc7F\x12\xa7\xcd\x0a\xf2\xe5k\xe3P\xdb\
#\xfd*+\x1a\x5c(\x12\x98\x8a\xfe\x91\xb7\xef\xf0>\
\x1e5\xd2WV\xd8\xb9\xbdyG\x04;\xda$(\xb1\
(\xc6\xec3\x04\xdd\xbaV\x18~\x81y\xbf\x85\xa9\x9e\
<\xfa\x8d;\x17C\x8e\xbc\x09\xb2\xe8D,\xd2\x01\x8e\
\x13a\xb3\x17\xc1\xbb\xf5W\xf5H\xa8_\xc18\x86\x8a\
{d\x1f\x8c\xa2-j[\xc32\xac\x9a\xfbOp\x91\
\x0e\x08\xb6\x22\x86\xd0Q\xe0\xca\x90#oD\xd7~\x13\
r/~\xa7\x99H\x14\x1d\xd6\x1e\xb3\xcf0\xf4\xef\xd7\
\x13\x8a\x22\xa1zG\x10u\xcd\x11\x16\x8c\x1a\x89+,\
\x10\x856\x0d\xe1%*\x1a\x9bp\xf7V\xb5\xec\x5c\xb9\
\x00\xf2_4>\xa3\xa1Yo\xaaPC[\xd2\xbb9\
\x16d3\xa4\xcae8.S\xf8\xd5\xba\x1a\x1f\x22Q\
\x19\x90\xa2j:V\xcd\x82VP\xd1Y\xbc,\xa3\xa2\
\xcf\x81\x18=\xf5a8\xbb\x8fB8\xdc\xc1\xfalq\
\x16A\xf17`\x0d\x1d\x09K\xdf\xd7\x02\x80L\xaab\
\x8a?\x80\xa2-jk\xdd2\xac\xfe\xfaApQ?\
x\xc1\x06E\x8a@\x82\x0d\xc3\x8e\xbe\x05\x95\xfd\x0eV\
\xf5\xfc\x9c\x8b\x9f\xbd\xa8\xc7\x80\x9d\x11\x81\x1c\x8b\xa0\xc3\
/aSC\x10V\x91R\xd5\x90\xff!0\xb8\xa7\x8b\
\x19\x03\xcc\xdc\xcf\xf0\xa3\xcc.\xbe\x14P\xd2@\xc1\xc9\
xr\xc1\xed\x99\xfc\xd5\x14P\xc2M\xd2\xf7{WR\
V\x0e->\x0e`a[*\xa7\x921f\xdfa\xfa\
\xa3\xbb6\x04\xd2\x1a\xc8m\xbc\xb8'\xf6=\xe1>t\
\x1fs\x06;\x12\xc8\xbd\x5c\x10m\x10y\x0e\xb5\x8b\xdf\
fzy8\xd0\x94P\x15\x19\xb8\xc2k,\x99\x8e\x1a\
\x01;\xb7\xfd\x8a5\xdf>\x0c\x11q\xf06\x17\x14)\
\x8cX\x5c\xc6\xd0\xa3n`D\xa6\xea\xf9Ba\xc6\xa3\
,\xd2\xfa\xb8}\x87\x03D`2\x87\xea\x1da\x16(\
\xa3\x1b\x83\x06tu\x82\xa3\xd8\x02m\xb7Sf\xbf\x8c\
m&A\xbc\x19\xc0\x82\x0c\xcfP\xc0zB|0\x07\
u\xe4\xb1\x22\xa9\xc9\x89RF\xcaX>\xb9tw)\
\xa2\x5c\xfc\x0a\x1b \x85r\xd5\xb5\xaag\xb2\xc3a\xc7\
\xa0~}\xd4\xea&\x8b_j\xc95\xd9*\x5cL~\
\xf8V\x0c<\xe8\x12\x0c>\xe2\x06H\x9c\x0d\xb1\x90\x97\
\x11\x81\xcdIG\xc2/X\xf6\xe9-h\xad\xff\x8b-\
:\xc9\x07\xed\x0d+\xd1\xd1\xb8\x16R,\x84\x9d[\x7f\
\xc5\xbao\x1f\x81 \x87\xd5\xd029\x06\x89\xb7a\xe8\
\xd1\xb7\xa0K\xef\x03\x13;_\xd3|\xf4L\xa9\xbbR\
\xf4\xe7\x86\x0e\xea\xa7\x8d\x9bgG\x00\x13\xca(\xa7\x81\
,\xa3\xb2\xd4\xc2\x92P07\x984\xaf\xd1\xc5J6\
?\xe6\x9b\xe6\xb4\xfcK\xd9\xd6O7\x06\x11\x17\xd4.\
\x81J\xa8\x17\xe6\xfc}\x85&|L\xed \xc5\xc5S\
f\x0e\x0a\x9c$\xd3(\x11\x00E\xf3\xb6\x05(H3\
\x8e\xb2\xb2\x12t\xed\xda5iRv\x15\xa7Ww\xb6\
\xaa5t\x1dp\x08\x5c\xa5=\xb1a\xe1\x8b\x08\xedX\
\x0d\x8b\xdd\x09\xd1\xea\x86\x1cj\xc1\xfa\xff<\x0aO\x8f\
}\x10h\xde\x0c)\xd0\xc2\x14!\x8b\xab\x02\xf1P\x1b\
\xac\x94\x94\x82\xb7 \x1a\x0e\x00\x16\x07\x86\x1es\x1b\xba\
\xf4\x1c\xa3\xa9z\xfc\xae\xe7<N\x19\x83\xfe{\xef^\
=\xe1p:@\x81B;\xbd\x14q\xac\xe62 \x07\
\x98\x12\x97\xc0l'~\x0a~J\xa3\xac\xeb\xdb\xa1\xd3\
\xc6+\x90)%\xd2\xfc\xa5<\x98\xcb\x0a\xc8\xbe6A\
\x8a\x9d+Q\xc0\x87\x0c\xb7M\x0d\x8f\xa2\xe6\xe9\xf2\x0d\
\x8a\x02\x0bE5\xcf\xdc.e(.v'v\xb7&\
\xa8\x15b\xfeM~\xa5\xca\xd6\x89U\xbb\xcb\xfab\xf4\
\x89\xf7\xa1\xcb\x88c\x11\x0ez\x99&\xc0[\x1c\xe0\xe3\
Q\xb4W/\x84\x1chT\xefP\x88\x87!\xfb\xea\xc0\
+Q\x16\x08j\x15\x01\xa7\xa7\x04\xc3\x8e\xbc\x91-\xbe\
\xae\xea\xa5\x98\x9c\xf2\xea\x8fy\x1c\x06.az\xb4\xa2\
K9\x8a<n6\x8f\xed!0 \x888\x00\x85\xc3\
\x91\xb7\x90\x93\x12G\xb0\xe4\x12\x19\xdf\x900\x14\x99\xd6\
\x22\xd7\xda\xa9\xbf\xa8\xf2\x85\x11\x19d\xc0\x84\xd9m\x0e\
\x89\x97d\x80\x16Y\xdb\xcc\x16N\x09\x95x\x96\xb5\x83\
\xc1\xffd\x14\x12x\x84%\xf2\x91W\x1b\xaa\xa8\xac\x84\
\xc8\xd8\xaa\xb6C4Amw\xd9+\xb1jv$\x08\
V\x0c\x99x5\xfa\x1d~\x0d8\xabKu\xb9\x22\x07\
N\x8b\x1d\xb0\x96\xa0\xcb\xf0\x13Q2\xf0\x08\xe6\x8dD\
\xbb\x8f2\x8bV\xd7y\xb1E\x98\x80\xf2\xde\x07\xb2<\
\x81\xba\xc0W\xa8\x8f\xa1\xf9\x980\xc6\xa3\x8dQ\xe7&\
%\xc5\x1e\x94\x94\x961a/\x18\x96\x99\x9b\x98j+\
\xa1\xab\x0e8\x15\x22\xd6\xa3\x9bR\xdfo\xda3f3\
IN\x97\x18\xdd~\xc3d\x0b\xe3\x08\xc8lhH\x9e\
\xdd\xdc\x03\xa7\x81Rn\xbc\xa07\x02\x84$D#.\
\xc8\x92\x1f\xb1P\x14VE\x80\xd7\xab\xb0\xf4-\xf4\xa6\
\xe2\x22\x0f{f\xfd/\xb3\x11n\xdd\x08\xc1b\x07\xc7\
[\x11\x8b\x85P1\xe0P\xf4\x1czT\xdeG@\xe7\
~\xa8r\x01-\x5ci\xffcq\xd9\xcd\xcf\xe1\xaa\xc9\
\x16T\x95\xd9\x11\x86\x13\xc3\x8f\xb9\x05\xa5\xddF\xb2\xba\
\xb5\xdd\x86b\xd3O\xb3Pj\x13X\xa8\xf9\x82o\xbf\
\xc3\xa9gNg\x93\x9f\xfe\xfd\xf9\x1cI\x89T;\xd5\
\x7f\xbe\x0b_\xd3z\x86Z*J\x0cR,\x8c\xf2~\
\x13\xd1{\xc4\x09p9\x1dl\xf5\xc8%>\xe0\xf7\xc1\
b\x0b\xb3\xf44\xe0\xac\xf0\xfb\xbd\x88\xb4\xca\x88\xd8x\
X\x1d\x0e\xe6ylpK\xd3ET\xbbc\x22\xd8\xa3\
\x17A\x92@C\x96\xac\x01}{\xe2\xc0q#\x11\x8a\
\xca\x183\xc0\x85\x92\xfe%\xb0\x86#\xb0\xdb\xadp(\
;\x11\x97\xbee\xf5))3\x15\xff\xce\x0d\x085,\
\x83h\xb5\xb3\x81D\xc3!\x14i\xc1\x1a\xbb\xe3\xbc\xc9\
L\xea<\x87\xc6\x1du\xf8\xef\x1f\xdb0\xed\x90!\x94\
\xc1\x07\xf6\x92>l\xf1eI\xf57\xe86\xe80l\
\xfd\xf3}\xc4\x22A\xf4\xefU\x869\x7f6\x22\x10\x0c\
\xc2\xedr\xed\x91l)\x81\xe6M\xf0m[\x04\x8b\xd5\
\x0e\x85|\x04\xa2!8\x8b{\x1b\x17[\x11\x0b\x909\
\x01\xc5}\xc7\xa3\xcc\xa3\xfa\x13R\xda\xa63O\x1d\x8e\
\xfa6\x196\x1b\x8f\xff.\xfc\x1dM;\xdb\x18\x972\
\x8e\x95T\xd0%KW;\xcbt*\xbb\xdf\xa3\x04@\
\xf1s\xc1\x80\x0f\x93\x0f\x1f\x8f\x17\x1e\xbd;m\x9d\x8e\
\x92\xd5\x88\xc5>g\xd99\xa2\x14\x00HTh/\x85\
\xe0\xea\x0a^\x9b\x0c\x81w\x82\x13\x9d\xda\x13Z\x9c|\
\xde\xfe~\x9d\xebE)G\x8fh\x01'Z\xc0\x0b2\
\x02\xed5\x08\xfb\xeb`wW\xb1\xef\xbd;7B\x0a\
v\x80+q@&A5\x12C8\x1cQ\x09`w\
TT}^\xac\x1ep\xf62p$\x83\x10W\x11#\
\x10l*\xf7\xa3\xd4v\xeaYn\xc5\x90Cg\xa0\xbc\
\xa4\xc8x\xfe\xa9\xc9\x89\xb6\x8e>\xed\x12\xd4\xd6\xfe\x0a\
\xab\x8d2\xa5\x99\x1d`\xcdl \xcb\xectbb\xaa\
<\x22\xee\xd1{o\x99\x1e\xc3#\xe0\x0fhw\xf3\x92\
\x8f\xbc\xc8t[J\xbdJ\x96\xbf\xb5\xeb6 \x16\x8e\
\xb1\xc5\xf0\xfa(\xb1\x83\x82\xa1\x87^\x01E\xa6\xd8\x00\
5}\x0b\xf9\xa9\x88\x16\x9a b\xa1\xf9\x82.Y\x96\
\x89\x92H\x85\x15,\xab\xf6bl\xef\x12\xf8|^\xac\
\xfd\xfeiT\x8d\x9a\x8ax,\x80\x9a\xbf>a\xf2\x01\
\xb1\xe8?64\x19GT\x8eVsO\x86\x06\xdf\x0d\
\x1c\xff7\xc8\xfb\x9f\xcdp\x0f\xd5\x0f\x97c\x99\xc8\xc3\
\xd1\x18\xfc\xc1 s\x8bknn\xc5\x9a5\xeb\xd8\x85\
\x164w\x04\x8b\x93\x1a\xad\xc6\x1d\x90CM\xd4\xb4.\
\xa9v\x8d]X2\xad\xae\x9a%\xb4\xd3\x97\xbb\xc6\xf6\
\xb4\xd0\x08\xf8\x03A\x03\xd7g\xa9QY\x07U\x8b\xd8\
\xe2?\x97\x91\x7f\x18x\x9b\x88\x0eJ\x0b\xc7q\xb0;\
Uk\xdf\xde*\xd1(\xb1z\x19\xef/h\xc2\xe1#\
\x8b\xd0\xc5iC\xa4u36~\xff\xa8\x8a\x00\x8a6\
\xb8\xdd\x1e\xac\xdc\x16\xc5W\xbf6\xc3\xe9*2\x99a\
w\xb5$&\xd6\xe6\xa0\xf1%\xc6\xa8s\x15\xbf\xcf\x0f\
\xaf/\x08\x8bE@\xa8\xb5\x1d\xbf/Y\x86\x89\x07\x1f\
\xc0\xe6\x90\xe6J\xe0U\xb70\xe61\x14\x0cd\xdd\xe8\
\x99\x96,\xc7\xc9\xa0\xd9\x02\xf6Ta#\xe3\xd0\xda\xd6\
\xa6\xbe\xdcHs\x960\xf4\xfc\xb5r\x1d\xbb\xcd\x8b@\
\xa0\xf5\xeb6a\xc5\x9a\xf5\xecs\x0a\xab2\xb25\x16\
t\x83w\x16\x93\xae6+\xc1`\x08P\xa2\xa8m\x91\
 \x0e:\x17\xc5\xbd\xc7\x22\x12\x0d3,\xc2bs\xb1\
t36+\x87\xb5\xb5a\xf8\xfd28%\x8e\x98\x96\
)\xbc\xf0\xe9I\xf7\x84\xa6\x0ej\xe3\x22\x8fh*?\
/\xfa\x03M\x0d\xf5\xcc\x1f\x92X\xd0\x92\x15k\x92\x0c\
F\xecwP2\xcc\x08:\xbc>\x0dI-\xa0GI\
\xc9G3\xd8&\x0a\x19Z\xee\x17\xca\xe0\x04\x01\xad\xad\
m,\xab\x07s\xee\xd08\x03\x11C[{\x076\xd7\
40\xbb:Y\xbd:|\x01\x5c|\xd5-\x08\x85#\
\xaa\xd4\xccz\xaa\xdb\xbd\xf7\x9c\x85\xd2\x1f\x08C\x89s\
\xb0ZEt\xef3\x0a\x83'\xdf\x81\xa1\xc7\xdc\x8en\
\xa3O\x81\xc2\x09\xe0d5\xf9\x03\x01/\x9cED8\
\x12cw\x0b\xa8c*\x94\xaf\xa6\x05E\xb4+s\xd5\
d\x18t,6\xedl\xc6\x8c\x1b\xee\x82\xc2[\x10\x0c\
\x87\xc1\xd9\xecX_\xbd\x9d\xf9K\xa8Y\xc5\x12\xa5\xc3\
\xe7\x83\xb7\xa3C\xddD\x85t\xc7\xd4\x95L\x84\x93\xde\
\x18T\xa0^a\xc0\x90$T\x88\x22v6\xb7\xa1\xbd\
\xddk|\xa8\xef\xc4m\xdb\xeb\xb0\xb3\xa5\x83-\xc4A\
C\x5c\xb0;\xacX\xf2\xc7r\x5cs\xeb\xbd\xea\x99G\
\x99=R,\x1d\xb9\xa5\xf0\xb4g\x98\x06\xc2\xa8\x7fy\
\x03AV\x8f\xee\x09 \xf0\x87\x86MV\xbd>c\xcf\
\x22\x09MM\x17Gi\x5c(o+\xa5\xaf\x8dFY\
^\xa0\xf4%\x1b,\x9d\x0d\x81I\x00CD\xec\x97^\
{\x07j\xb6\xd6\xb3\xeca\x07\x0e)\x01'\x88\xa8\xdb\
\xb1\x13\xcd-m\x9d@\xa4\xe6\x96V\xb6YH\x86*\
l\x1e\x90\xb3\xbe\xee\xc4f\x04\x81$n\xb8\xc86\xf1\
\x9a\xe0a\xba\xa0@\x15*U\xean\xf5\xfa\xd1\xd8\xb4\
31\x10\xed<\xdd\xbc\xb5\x06q\x9aXY\xc2uS\
{\xe0\xd81n\xc0Q\x8c\xd7\xde\xfc\x04\x8f\xcc|Y\
\x8b\xb0\x8d\xef\xba\xf3\xa6f7O\xac\x8f\xcav\xe9\xfa\
7N\xa6\xcb#\x05\xd8\xedv\xad\xae\x8ch\xd8\xafr\
-\xed*\x07\x87\x95\xce]\xf5\xde\xdc\x18\xe5vI\xb5\
Ah\xc8\xd7\xae\x80B,A\x95&\xdc\xddp\xc7C\
\xf8\xf2\x9b\x85\x80\xcd\x83s&\x96\xe1\x82I]Y6\
\x14::\xb7\xd75\xa8\xcfh\x02 \x95\x9a\xba\x1d\x88\
PV\x11\x06p)\x99\xd3D\xe9\x10A\x0eu\xd0\xfc\
\x93\xc8\x11dd\xfc\xca\xddH\xd2\xe1b\xfa\x93\xc1\xbd\
\x82\xc0\xf2\xf8n\xa9\xa9K\x0c^\xab\xbc\xbd\xb6\x01\x88\
E\xe1\xb6sp\x08\x12n9k\x00F\xf7\xb7\x036\
7n\xbd\xf7\x09\xbc\xf0\xfa\xbf\xd9\x0d\x9f\xec\xb2\x06-\
\x18\xb2\x10=\x5c\x0f 1\x907\x96\xff\x87\x02R\x22\
P\x02~\x96F\xce\xa5\x11\x00\xb3\x04\x82\x92\x023\xfc\
\x95\xd9\x04(RG\x8eE\x11\x8fD\x99\x9f\xbf\xda\xa0\
\x9c\xaf#Q\xc6\xb9\xa2\xff\x11w\xa3\xb1\xdd\xfb\xf0L\
<\xf5\xeck\x80\xdd\x85Ic=\xb8\xf2\x84^\xb0\xf1\
Q&\x83\xc4\x82av\xb1ej\xcc\xc3\xfa\x8d[T\
\xc19\x83\xc1Lw\xc5\xcf\x0a\xcd#\xf5;\xd5\xca(\
\x1a\x0e\xe2\x86\xc7A\x1eF\xa0\xd4\xe0\x04\xd3\x1f\x0c\xe6\
\x94\x14\xacZ\xbb\x1e'\x1c}x\x12\xfc\xdd\xd4\xdc\xc2\
\xec\x9a\x1e\x07\x07\xabM\x80]\x8c\xe3\xa1K\x06\xe1\x8a\
\x99k\xb0\xad\xc5\x8e\xabo\xbc\x9b5u\xe5\xc5\xe71\
\xa1\x90t\xe6l\x194t_\xbb\x96\xdae\xd8\xbc\xf8\
-Xl\x8e\x84\xeb\xa4F@d\xd3\xef\x15o\xc13\
7\x8f\x86\xdd]\x82bO\x22)*g\xb2\xa91O\
\x9cJ\x0b^\xbav\x88ze\xfc\xe6\xb7\xb1\xacm.\
s\x06Q\xad1tZR]J5\x1b\xc7\x90C\xaf\
\x84\xbb\xac_N\xa4R\xcf\x22N\xdc\xed\xbe\xc7\x9f\xc3\
=\xf7?\x09\xd8\x8b1\xba7\x87\x7f]\xd0\x1f\xf1X\
\x04\x1e\xa7\x05n\x1b\x8f\x88WASsk\xa2\x7fZ\
\xbb+W\xafg\xeau\xda\xd8\x08\x13<\x9fOI2\
\x1d\xa7\x22\x81y[\x00\xb3\xaa#L\xe4\xc7\x1f\xcbV\
'\x06\xa1\x1d\x01\xad$\x17(\x0a\x9c\x0e\xb2\x10\x8a,\
\xddk\xb7\x22\x1e\x8f\x5c\xd2\x0f\xd7\xbd\xb0\x0e\x8d~\x0f\
f\xdct\x1f\x82\xa10n\x9cq\x89\x91\x9d\xab\xb3\xab\
\x98\xfe2\xb5/\xb1p\x07\x02;\xd6\xc0a\xb3\xab\xc9\
\xa2\x8cP25\xec\xa1\xc4\x22b\xc2\x087\xcb.\xa6\
\x81\x8f\xda\xe3\x9c\xea\x16)\xcb,r\x89\xcc\xaf\xfb\x0d\
t\x80\x93%\x84B5\x084lg\x04\xc8\xa2\x9c\xc8\
\xd3\x98\x903^@\x8cD\x06\xcdU=\xa3\xe0G}\
\xa7{\x08\xb4\xbe\xdft\xf7#x|&\xed\xfcb\x0c\
\xea\xaa\xe0\xe1\x8b\xfa\xc2\xce\x87\x11\x96\xc0\x92I\xd1]\
\x05\xb4\xcb\xdb:T\xd9\x89e9\x13EfP[\xbe\
j\x1d8\xba\xee6\x9dj\xaa\xebyy\x22V\xe6K\
A\xf4\x19\xea\xf4\xa5A\xd1\xbb\x80\xc13)\xd6n\xc5\
\xb2\x95k\xe1\x0f\x86\x98D\xab\xbf#\x14\x22]\x96&\
\xda\xc2\xdc\x9f(C\x95/\x18\xc5\xa0n\x22f^9\
\x0c\xbd\xcaE\xc0Z\x84\x7f\xdc\xf5\x04\xae\xbb\xe5>\xe3\
\xccd*b\xbab\xea&\xc1\xac\xe4\xbbG\xf6\x04\xd1\
\xf8q@\xb0:!+\x22\x82\xc1(3B\xf1|\xe2\
j\x04N\xe7z\x1a\xc1\xd0\xb9\x1b\x08G\x11\xa0<\xc4\
\x82\x9dA\xd3\xac\x1dQ\xfd\x97g\xed;\xd8\xef\xb9n\
r\xd1\xfb\xee\x0b\x06q\xee\xa5\x7f\xc7\xe3\xcf\xbc\x0e8\
\x8b0\xb2\x8f\x153g\x0cC\x17\x0f\xd8\xc5\x144\x07\
\x14\x1dDN\xa1D\x88\xe1\xb0\x16\x03\xa1\xb1\xff-5\
\xb5X\xbfy\x1b\x8b\x94Nw\x1c\xe6e\xc43O\x99\
\x89X\x18\x87LW)a\x9e\xcd~\xfe\xa6{'Q\
\xac\xddj\xc5\xb6-\xdb\xf1\xd7JU\xaf\xd5\xf3\xe0\xc8\
\x84\xb0\xd1\xd9\xab\x91\x1d%b$\x8b!\x85E\x0d\xad\
\xb2\xe0\xc5k\x86`X\x0f\xe6\xcf\x85g^|\x03G\
\x9ft\x1e\xb6l\xdb\xae\x0a\x87Zv\xefN\xa3g\x02\
\x13\xe5\x17\x8a\x22JF\x15\xc2\xda\x15 FH\xa4\xa4\
\xde\x0cB6~\x8a\xc2\x05o\x07/\x9a\xf3b+\x06\
\x17`r\x83\xa2&\xa0\x8eS\x14\x8f`e\x09\xab\xa2\
q\x89\xfdP\x12\x0b2\xd3\xb2\xbf\xa3\xa1\x8c\x99\xc5\x98\
\xeb\xbb\x96\xc6f\xc9\xb2U8\xf4\xe83\xf1\xde\x07_\
\x02V'&\x0c\xb6\xb0\x0c\xe2]\x8b9\xe6\x12Gn\
\xe2\xfa\x11\xc1t\x7f\xba\xbdL\xdb\xe5\xea\xe7\x0a~\xfe\
\xedO\xf8\x9b[\x18X\xb4'\x92\xb8'\x88E]=\
1\x13K\xc9\x85 \xa9\xd3\x97\xb0+\x9b\xa9\x93\xd8f\
<\x18\xc1w?\xfc\x84\x89\x07\x8e\xd3\x12*\x00V\xbb\
\x8d\x0ee\xe6\xfaL\xac]\xbf\x10\x81n\x07\xa1\x5c\x01\
U\xc5\x02\x9e\xbbr \xeeyk\x03\x16\xaeq`\xfe\
/Kq\xc81g\xe2\xa9\x87\xef\xc4\x99'\x1f\x9f\xb4\
\xb3T\xcb\xb1:\x88\xf2\xde\xfbc\xcc\x99O\xb1\x80\x8c\
D\xd6\x0c\xf5\xac\xb6X\xdc\xb8\xff\xd1\xa7\xf1\xce\xec\x0f\
1\xf6`\x0b\xbe8S\xbf\x9dAc\x80\xccj\xa7&\
z\xf6\xc58\xdc\xfaZ5\x1a\x1b\x03\xb8\xe3\xb6\x19\xb8\
\xe0\xec\xd3\x10\x8d\xfa\xd4k\xe6\x18$\xadA\xd5t\x8c\
\x15\xf7\xd2p/\xed\xfae-#\xa8\xae\xaa=\xff\xea\
[\xb8\xfd\x9eG\xe1\xf5G\xe9B\x02\x9cr\x80\x03\xb7\
\x9c\xdd\x0f\x82\x12A8\xa2\xa8\x8b\xaf\xedDr\x9c\xa1\
\x1fr\x98\xa0\xcd\xa3\xaf\x03\x8d\xef\xfb\xf9\xbfh\x93]\
\x088\x96\xbcFi=\x842\xda\x02\xccv\xe6<\xdf\
\x90*\x9c\xb00)\x87\x0d_}\xf7_\xdc}\xf35\
l7P)..f\x1d\x89D\x08i\xa3\xdd\x9f`\
2\x04\x19S\x06-\xa7(\xe3\xb1\xcb\x06\xe1\xe5\xaf\xeb\
\xf0\xce\xfcv\xd4\xb7\x84q\xf6e7\xe1\xdb\xef\x7f\xc2\
\x03w\xde\x80\xee\xdd*\xd5K\x9bd\x22\x04\xb5]\x8b\
\xad\x18\xc5\xb6\xe2\xf4\x83\x07P\xdf.\xa0nG\x04\xbd\
\x83\xea\xe4\x9a\x8dK\x9c\xe6f\xce\xa2\x80 \xa0\xbe\x83\
CC}\x14M\x01+\x5c%Upf\xe1\xae:\xc8\
E*\x1c\x11%-\xfe\xba\x0d\xd5\xb8\xe9\xaeG0w\
\xde\x02\xe6U\xe4\xf1(\xb8\xe2\xf8n8\xe7\xb0J\x84\
#aPP\xbc\xc80\x81\x04\x86O\xc1\xa0\x14>G\
\x7f\x14yT#\x11%\xc4j\xf7\xfa0\xff\x97\xdf!\
\xba<\x99\xf3\x07\xe5(f\xc7\x9dt\xdf\xd0\x16\xc8\xd3\
\x95 \xef\xd7\xb1\x05\xb2\xbb\x5cX\xb1r-\xfeZ\xb1\
\xca \x80J\x96\xc7WA \x22\xb3\xc4\x89\x0c\xef2\
hG\xcd\xadK\xa1\xd2\xb1h\x0c\xd7\x9d\xd2\x0bOO\
\x1f\xc8\x02J\x14\xce\x81\xd9o~\x86\xfd\x8f8\x15/\
\xccz\x9b\xed6Z|=%\xacYm\xd2=}\xe9\
\x87,m\xf4Y$\x1c`f\xe1\x22\x8f\x1a\x8f\xaf\xe3\
\x12jQy\x221t\x22H\x92\xc89\x0b\x87pP\
5T\x11lkn3\xe1I\xac\x86\x8e\xe9\x8b\x1f\x0c\
\x87\xf0\xc0c\xcf\xe1\xa0\xa3N\xc3\xdc\xaf\x17\x00\xa2\x03\
c\xfa\xdb\xf0\xca\xf5\xc3\x98\x9e\x1f\x0cE\xd8\xa2\x9b\xb5\
\x1a\x22\x1e\x22|\x12\x86C\xe4\x0e$p(//5\
\xb4\xa9\xef~\xfc\x09\xb5\x9b\xb7\xc3\xee\xb0g\xf7\x89\xdc\
\xa5\xccnj{\x9a\xa3I\x16\x86_\x10\xd7I\x98(\
\xc9\x8bE\x0aI\xf8\xe8\x8by\xc6\xb7\xbd\xab\xba\xb1\xdb\
\x89\xfda\xb0\x18A\x1a|\xeaR\xb0\xcc\xad\x02\x8f6\
o\x04\x07\x0d\xb6a\xd6u\x03\xf0\xb7I%\xe8R\xe1\
\xc2\x8e\x16/f\x5c{\x17\x0e\x9fr6\x16\xfd\xbe\xd4\
\x94\x12\x96T1\xed\x1c\xd7<}\xd9\x8f\x16fF\xd0\
.-\x96]K\xd6\x90\xcc\xb1\x14\xc3\xc3I\x14y\xf5\
\x9a\x98\xb8\x82H4\xd6\xb9=\xd3\x0f\x9b<\xba\xb7@\
\x10\xf0\xcdw\xf31~\xd2i\xb8\xf3\xaeG\xd8%\x12\
\xdd\xbb\xd9\xf1\xf7\xa9e\x98u\xed@\x0c\xed.\xa2\xc3\
\x1fS\xbdz\xb4\xcb\x1dUU[\xbb\xd3H\xe0\xd0\xe6\
S\x10\x88r \xf9\xb4{7=g!\xf0\xc1\xa7_\
\x03|z{]\xf2Z\xa6Q\x0fs\xae\x15\x9b7\x0a\
\x0f7/\x5cj\xcb\xbb\xce\x18\xe8\xde^\xd1\xed\xc1\x9c\
\xb9?0\xb3/\x95\xfe}{Ct\xbb\xd0\xe1\x8f\xa0\
\xb69\x0cA\xd4b\xfb\x99\xce.Ca\x16C\x15\x8e\
*q\xdb!+\x02\x22\xe1(&\x8c(E\xffnv\
&\x08\x15Wu\xc7\xcf\xbf\xaf\xc6\x84#\xcf\xc1Y\x17\
_\x87M\x9b\xb7\xe4\xf4\x1a&\xfb>\xc9\x1ev-#\
G\xf2\x18\xe3F\xda{\xd2L\xe8\xe2\x0a\xa2B\xda\xb1\
l\x9a\xd2jx\xea\xfb\x96,[\x81cN\xbd\x04S\
N\xbc\x14+6lGI\xaf\x9e\x8c\xe8\xc8\xa7\x7f\xdc\
\xa0\x126N\x82x\x8b\x98s\x9f\x9a\x94Y\xbf\xe5S\
\xf7\xe3\x22G\xd9m;#\x90\xa2\x0aJJ\x8aQ\xd5\
\xa3\x1bk\x9b\xee+\xf8n\xfeo\xb0\x17\x15\xa9\xf2R\
!\xa5\x80\xa4_b\xd6E\xce\xcb;8=\xf7\xa0c\
\x80,~[6l\xc1g_\x7f\x87ig\x9d\x82~\
}z\xa1ky\x09\xeaj\x1a\xb1\xb1.\x80#FR\
\x82\x05\x12~\xccW\xa7*\xb0Zm\x98\xfb{\x1b\xfe\
\xbb\xac\x19kk\x83\xa8gn\xe4\x02\x05\x1a\x22\xec\x0b\
\xa0\xa4\xa2\x14c\xf7\x19\x8e\x01}{i\xd0q\xe7\x84\
\xa7f\x80&\x14\x0a\xb3\x9d\xe4v\xa9\xb7\x81'\xa1\xbb\
\x8a6cL\x0e\x01\xact1\x11'\xa8\x16Dc|\
\xc9\xc5\xe8\xa9\xa2`\xd8\x90\xfe\x08D\x22X\xb6j\x03\
\xda\x1b[\x88\x8d`\xc1\xca\x0e,X\xd1\x82^\x156\
\x0c\xeb\xe5\xc2\xd4\x03\xbb\xe0\xe0\xe1n\x84\xa2q\xc3\x1f\
Oo\x952\xa5\xac\xaf\xf1\xd2=9\xe8\xdbk\x00\xbb\
\xd9\x84\xfa=\xfb\xdf\x1f\xc3\xdb\xd2\x0eO\x97r\xc4\xc9\
z\x98a\x0dR\x97O\xbfl&7\x01\xb0\xbcCt\
{\xb2\x06\x05\xa6\xa0J\xf9 L\xe6,!\xc6o\xa6\
\xfa,\xda\xd7j\xc5s\xb3\xde\xc5\xb9\x94\xcb\xbf\xbc\x0c\
\x03\xfbT\xa1\xae\xba\x16\xab\xb6\x05\x99 H\xd27-\
\x82]\xddz\xecRG+\xaf\xc0]5\x16?\xbc\xf8\
>,%\x0e\xb6s\xbb\x94\x95\xe3\x80\xd1\xc3p\xcc\x11\
\x130\xf9\xb0\x830\xa0_\xdf\xd4\xde\xa4\xcd\xfcA\xb8\
D$\x1ca_\xbb\xdd\xae,\x8b\x09\x96\xc5\xccFg\
\x00%\x84\x0ci\x04\x90f\xfc\xec\x1cW\x80\xfd\xc6\xec\
\xcb~\xa8\xacY\xb7\x01\xdf|\xff\x13~X\xb8\x18\x7f\
\xadZ\x0f\x9f\xd7\x8b\xda\x968\xea\x9a\x9aq\xc6\xc4\x0a\
\xf6\x1er\xf0\xa0K\x22H;!\xa1\x8f\x8e;_\x88\
\xd2\xc7\x85\x80X\x04\xfb\x0c\xe9\x0f\x9b\xd5\xca\x8c?o\
\xbc\xfb\x09,.\x17\xe3\xa4\xd9\xaf}I^+\xb6\xf4\
9\xb8\xb6\x0e\x7f\xd0\x7f\xd2\xe7V\xd3\xb3\x81\x17\xc0\xfe\
\xd3\x81\x11$\xa9;]N\xfc\xb1x\x19>\xf8\xeck\
\xb6 \x07\x8c\x1d\xc5\xd8\xee\x86\xba0\x9a|\xa46q\
p8D\xfc\xb55\x82\xa5\x9b\x03\xf0\xb8\xechmn\
\xc6\xd9\x93z\xe3\xe9\xa7\xefB\xac\xa3\x9d9I\xf6\xec\
V\x8e\x8f\xde\x98\x89\xcb/:\x9b->\x1d\x1d\x04\x10\
\x19B\xa0>\xb8\x14\x8fb\xba\xa4!@\xce\x14\x0ae\
\x1fw\xa4\xc178\xe37\xba\xd3\x8fr\xf5P\xff|\
\x01\xf5\xd8J\x97\xa1OO\x10\xa9\xa6\x8eW\xd9\xf3\xf0\
\xa1\x83q\xe3\xd5\x97\xe0\xcd\x17\x1e\x84\x87\x1cN(\x10\
F\x09\xe3\xb1\xcb\x06c\xfc\x10\x17\xbc\x81\x18<\x0e\x1b\
\xe6\xaf\xf0\xa2\xa6Y\x86\xd3F7\x9c\x89,C\xc8\xd6\
&r\xfe\x971~\xff\xb1\xac\xad\x17_\x7f\x17u[\
\xeaX&Q\x22\xe0|K\xde\xcbe\xda\xa9,]<\
\xfb\xd3\xbc\xe3s\xb2|]\x890g\xa8\xcb\xf0.B\
\x06-\x16<\xf8\xd8\x0bLO\x9er\xccd\xf0\x0e+\
\x1a\xdbevc\xb7\xdbaA4.\xe2\x919\xb5x\
\xfa\xf3z\x96\x19\x83,v\xeb\x97|\x87\xeb\xa6\x9f\x82\
;\xee\xb8\x011\x9f\x1f\x8b\xffZ\x87C\xa7\x9c\x8f:\
\xcdXB\xb7r\x90\xad \x11z\x9d\xbe\x84B\x11\xcd\
!D\x81C\xd3\xb1\xcd\xc6B\xe8x\x80VD^M\
\xe3\xea\xf7\x07\xd4vS ?\xf3\xd1BB \xe9\xf3\
Q\xcd\xc1c\xed\x86j\x1cv\xfc\xf9\xd8\xb8\xad\x81-\
\xdcmg\xf7\xc7\xd1\xa3\x8b\xd1\xe2\x8d\xb2\x940\xed\x01\
\x19\x0f|P\x83\xe7\xbfj\x80 Xa\xb7\x8aXZ\
\x1dD\xc0\x1f\x87\xbb\xb4\x08GO>\x8c\xc1\xe5\xcf\xbd\
\xf26\xacE\xa4\xfau>\xfb3\xceu\x0e\xb7@#\
\x87\x93\x0a\xdc\x18\x85\xd7O\xa3\xfc\xe1DM\x8aUg\
\xc3xy\xa6B\xbb\xc4\xe1vb\xcd\xf2U\x98\xf5\xd6\
\xfb8\xf4\x90\x031``?\xc4\xc32~X\xd6\x06\
\x8f\xc7\x8d7\xbek\xc4\xc6z\x09\xab\xb7\x86\xf0\xc1\xc2\
\x06\x14\x17\xb9!\x85:P\xfd\xfb\xe7\xb8\xff\x8e\xebp\
\xc35\x17B\x09\x87\xf1\xf3\xe2\xa58\xf2\xc4\xf3\xf1\xc7\
\xd2\xe5LOfx;\x13\x90\xcc&`\xad\x97\x9a1\
\xc8\xeb\xf5\xaaB\xa8(\x18n\xe8\xc9\xf3\xc6\x19\xb6z\
j\xc7m#+\xa2\x80\xb6\x0e?\xa2\x9a&\x90.\xa1\
\x94\x0a\xfc\xa8\x89\x1d\xa9/_}7\x1fG\x9ex\x1e\
\xd6n\xdc\xce4\x03\xca\x81|\xf6a\x95\xe8\xa0\x9b\xa4\
@>\xfe\x16\xbc\xf6\xedv\xb4x\x15,\x5c\xe9\xc3W\
K\xda`s8\xf1\xd3\x1a?8I\xc1\xe8Q\xc3\xd1\
\xafO\x15\xfe\xf5\xc83h\xaam`\xd0o'\xe4\xd3\
<\xd5\xfa\xce\xcb\x13\xb7a\x1c]7\x97\xb3\xbfU\x8a\
H\x22\xefBq\xa6|\x89\x86\xd4*kQ\x09\xee~\
p&\xa2\x910\xce8\xf98\xb2\xe0\xb0$Qo\xcf\
o\xc1\xbb\x0bv2,\xdcf\x11\xf1\xda7\x0d\xec^\
\xde\x92\x92R\xecX\xf7#\x82\xfef<\xf1\xe0\x9d\xb8\
\xe7\xf6\xab\x98\x1f\xc1\xba\xea\x1a\x1cu\xf2E\x98\xf9\xf2\
\x9b\xcc<\x9a\xb8\xd2Eb\xc4\xa6/$\x9d\xb3$\xdd\
\xafZ\xbf\x11mm~p\x14\x878\xb0o\x8a\xad\x03\
Z\xc2\x05\xddeKf\x81\xac\xb0\xda\xb0m{#\xc3\
\xe1\xa9M]\x0ag\xf7\x081\xb6O\xa6bR\xe1D\
\xe6\xcdt\xfb\xbf\x1e\xc5)g_\x8a\xfa\xa6vX\xc5\
8n;\xad+\xce?\xbc\x9c\xf9<\x92\x1b\xb8\xc7m\
\xc1\x9f\xd5A|\xf4S\x13\x1c\x0e\xf5\xce\xa2Y\xf3\x9a\
\xf0\xe1/m\xd8P\x1faP\xf6%\x17\x9c\x89m\xdb\
k\xf1\xe2\xcbo\xc1^V\xaeZ$\xb3\x15\x93i:\
\xf7Q\x9d\x18o\xb2\x97\x10E\x06\x15\x9a\x00`\x17T\
C\xf2\xf3\xb59\x9dhjh\xc1\x1d\x0f\xccd\xf9\x80\
\x04\x97\x05-\xbe8\x1e|o\x0b\xc2\x92\x08\x91\x8bC\
\x14d\xb4\xfa\x05<\xfdE-D\xbb\x13\xf1\xd0N\xd4\
.\xff\x84\xb5\xf1\xcf[\xaf\xc3\x1b/<\x82\x22\x97\x1d\
\x1d\xbe\x08\xae\xbf\xfdQ\x1cq\xd2\x85\x0c*%6\xcd\
\xbc\x8fMw\x031\x0e\xc1qx\xf6\x95w\x99\x9c\xdb\
\xa3g\x0f\xec?v\xdf\xce\xa9g\xa1\x9f\xe9\x1c\x22R\
\x1c\xe3\x06\x17\xc1]lA\xc0\x17\xc4\xb3\xaf\xbc\xad\xde\
\x1d\xa4\x01Y\xc6]B\xf4\xb7\x02|\xf4\xf978\xf8\
\xe83\xf1\xd0\xe3\xaf\x22\xa6\xd8QY\xcc\xe1\xb1K\xfb\
\xe3\xccC\xca\xd0\xde\x11`QH\x14\x16G\xe3{\xf2\
\xd3zD\xe2V\x08\x88\xc3\xc2\xcb\xa8o\x03\x1e~\xaf\
\x1a\xe1P\x0c\x15=+q\xfaI\xc7`\xc6\xcd\xf7!\
F\xd1A\x14\x00\x82=Y2\xb7\xc6\xefAl1+\
\x22E\xbb\xc8\xd5\xa5\x1cO=\xf7:\xaa\xb7n\xc7\xd4\
)\x93\x10ni\x85\xc5\xeaD\xb4\xa3\x03/>v\x0f\
\xae\x9f~\x11\x10\xf1c\xc1\xea0\xde\xfc\xbe\x1e\x15\xe5\
\xc5\xa8_\xf9\x05\xda\x1a\x960\xdc\xfc\xc2sO\xc3\xfc\
o\xde\xc3\xa1\x07\x8fa\x96\xb3\xf9\xf3\x17\xe3\xb83/\
\xc7Q'_\x80W\xdfz\x1f\xeb7V\xb3\xf3>\x1c\
\x89`\xf5\xba\x8d8\xfb\x92\xeb\xf0\xfd\xc2\xdf\x98\x93\xc7\
\xdf\xce9\x19e%\xc5\xac\x1f\xe6~*\xda-\xa2,\
\x9bIL\xc1\x88^N\x1c\xb1\x0fA\xd66\xbc\xfa\xc6\
\x07\xb8\xf1\x8e\xfb\xb1\xb5f;s\x13\x0b\x04\x82X\xb5\
f=\x9ey\xe9\x0dL8\xe6t\x9cq\xf1\x0dX\xb6\
r3\xbbBn\xf2\xb8\x12\xcc\xbaa$\x0e\x1f\xe9\x81\
7\x10Q\xaf\xb5\x8f\xc7X\xe4\xcfS\x9fn\xc7\x9a\xba\
8\xe4\x88\x1f\xcf>v/n\xbc\xe6\x12DZ\x9a\x99\
U1\xda\xd2\x8c\xcb\xa7\x9d\x86\xcf\xbe\xf9\x01_}\xfe\
=\xbb#\xa1`\xbd?u\xee\x0b\xd8\xa0tq$\xa1\
$*I\x17\xfc\xd6\xc2\xce\x0d\x12\xda\x22\xc1\x10\x06\x0e\
\xe8\x89k/\xbf\x007\xde\xf6\x10BQ\x09'\x9d0\
\x09\x9f\xbf\xfd\x02c\xa7\x87\x9dp\x1e\xfeX\xb6\x9e\xe5\
\xc8y\xe4\xa2>8b\xa8\x00?\xdf\x05\xfb\x9f\xfe\x04\
8\xc1\xcd\xf0v\xc2\x0e^x\xed\x1d<\xf6\xec\xab\xd8\
V\xbd\x9d\xd9\xd1a\xb52\x9d\xb9G\xd7r\x88\xbc\x88\
\x9a\xfa\x1d\xf0\xb5\xb6\x92K-&N\x9e\x88o?~\
\x1dv\x9b\xcd`\xf9\x84\x82\x87}\xf5\xf8\xeb\x93\x1b\xa1\
\xc8Q\xe6n\xc5\x8c#\x22\xcf2\x96_\xf1\xd4*l\
m\xa0K\xb4#(\xebZ\x8e\x1e\xdd+\xd9\xf50\xdb\
\xebw \xd4\xdc\xa6^/\xebpbX\x1f'.:\
\xaa\x07\x8e\x1d[\x8cx,\xac\xa6z\xa5\x9bN\xe3q\
\x94\x16\xd9\xf1\xf6\x82f<\xf6I#d:\xfaN=\
\x16\x1f\xbe6\x93\x8ds\xfcQ\xa7a\xd5\xca\x8d(\xeb\
R\x8c'\x1e\xb8\x0d\x7f\xbf\xed!\x96>\x97\xdd7\xc8\
fk\x0f\xdd\x09\x93\xb5\xa4\x5c\x1e\xfd\xbf(tf\xfb\
[\x9aq\xfc\x89\x93\xd1\xdc\x1e\xc4\xea\x15k\xb0\xf6\x8f\
o\xd1\xa3[%\x9b\xb8\x0d\x9b\xb6\xe0\xe0c\xceD\xab\
/\xc4\xee\xd7yn\xc6P\x0c\xae\x88A\xecq\x08\xf6\
=\xfaf\xb6;(Z\x97\x16rgk+\xde|\xe7\
C|\xf8\xd9<\xac\xdaT\x83\x109\x9c\x90=\x9d\xd8\
\x85\xc3\x05w\xa9\x1b\xa7N9\x1c3\x1f\xbe\x07%%\
E\x09\x09^c\xf9a\x8d\x00\xe8\xae\x22\x12\xfch\xc6\
\x89\x96(\x9dM]k\x1cO\x7fR\x83_7I\x08\
\xd3e\x901\xc2\x12x\xc0n\x85\xdb\xc5cHW\x01\
\xc7\x8c-\xc1\xb1\xfbU\xa0\xcc\xc5\xc3O1\xdeL\xaa\
\xe2X\x82\x8aR\x97\x15?\xac\xe8\xc0\xad\xb3\xb7\xb0\xeb\
\xe5\x07\x0f\xe8\x85_\xe7}\xc0\x04Q\x9a\x83\xc5KW\
\xe0\xa0\x83O\xc0\xa9g\x9f\x82\x9dM\x8d\xf8\xe9\xe7?\
\xe1.\xdd\xb5\xdd\xbfKE\xc3\x8bT\x02\xe0x\x8b\x9a\
\x99:C]\x13\x1a\x98W>\xba<\xdeM\xb7v\x15\
\x17\xb9\xf0\xcc#w\xe3\xac\x93\xa7\xa8B\x9bF _\
|\xfb\x03N9\xe72(67z\x94\x00/^;\
\x0aU\xae\x10\x5c\x83N\xc4\x90\x83/b\xe0\x08Y\xc7\
\xf4D\xcc\xa4j\xaeZ\xb3\x01\xcbW\xafC\xf5\x96m\
\x88\xc7$\xf4\xeaU\x85C\x0f>\x00C\x06\xf5\xd7\xea\
\x98\x5c\xb7\x0c\x02h`\x04@1\x03\xaa\x93\x82n\x8b\
'\xc9^\x8d\x22\xa6\xeb\xe1\xff\xda\xd4\x81\x96\x8e\x08l\
V\x11U\x15\x0e\x0c\xeb\xe5@\xdfJ+\xec\xa2\xcc\xae\
\xb3\x8f\xb3s\x9brm\x901KA\xa9\xc7\x86\xc5\xeb\
\x83\xf8\xfb\xcb\xeb\xe0\x0bs\xf0\xd8\x05\xcc\xff\xfa\x03\x96\
\x12\x86\xfaM\x1c\x8c\xce\xf9G\x9ey\x15O>;\x0b\
\x1d\xfe \x04\x96\x94b\x0f\xd9\xe4\xf2^\x05vs\xa8\
:!\xe9\x14\x0e=\x0c!\xc9t\x92\xcbI$\x17t\
\xac}/\x8a6&\x14\xfa|>\xf5c\xf2\x97\xa7\x5c\
y\x92\x84\x93\x8e\x9d\x8c\xa7\x1f\xbd\x07\xd7\xde\xf0O4\
\xf0\xe5\xb8\xe6\x85uxj\xfaP\xf4\xdb\xf4\x056@\
\xc2\xe0\x83/UQ>\x96\x91[%\x9a}F\x0ce\
?\xa9E\xbfp\x22\xbd|\xc2i)h\x93\xc7H\x88\
 e4\x89Ia\x8c\xeci\xc5\xe8\xbe\x95\xda\xdd\xc4\
4\xfe8\x8by\x88D\xa3\xf0\xb2h-\xc2\x02\xc8\xe9\
\x85\x1cA\xd4\xbb\x0e\x16\xad\x0f\xe1\xd6\xd7\xb7\xc0\x1f\xb5\
\xc2\xa2\x04\xf1\xee\xeb\xcf\xb3\xc5'\xed\x81\x16\x9e\xd2\xce\
P\xf1\xf9\xfchjh\x86\xa7\xbc\x9c9\xafd\xf2\xc0\
*4YG~E]\xd9\x0c\xb7,h\xb9\xe7\x0dx\
-\x9f\xf6\xf2\xbc[\xc0\xd4\x96\xb3\xb8\x04\xd3\xaf\xbf\x17\
\x9f\xce\xfd\x8eE\x0a\x13jGV3\xca\xb1\x7f\xcde\
\xd3\xf0\xd8CwB\x0e\xfaQ\xd3\xc2\xe1\xcag\xd6\xe0\
\x8f\xcd2\x02\xeb?\xc5\xda\x05\xcf\xaayny\xba\x15\
T\xd3\xc9e\x8aE\x94\xd8$\xeb?\xf1\xb4\x8bo\x1e\
\x98\x92\x02d'2\xe6\x11DM\xb7z\x04#\x12\xb3\
\xe6\x91`\xd7\x1e\x88\xc0\x1b\x8a1L\x9f\xc6A\xf9\x87\
H\xa1 \x8f'\xeaC\xb1\xcb\x86\xcf\x7fm\xc3\x8d\xaf\
T\xa3\x95\x92\x8cp\x12\xfe=\xfbY\x1c\x7f\xd4\xe1l\
L$\x03\xd1\xbf4\xd6\xe7^}\x1b\x0f<\xfc\x02\xdc\
]\xba\xa8\x80O\xb6\x1bQ\x0aZ|S\xaef\xd3\xbf\
\x09\xc0?\xb9$e$N\xf8\x8bk\xae\x0e\xb90e\
\xb3\x8f\xb9.\xba\xe4\x81CS}B\xcah\xcc6\xbb\
\x13\xe7^r\x03>\xfb\xea?lb\xd8.\x11T\x17\
\xb0\x7f\x5c}\x09\x9e~\xe46(a/K-{\xdd\
+\x1b\xf1\xc1oQ\x04\xb7\xfc\x88\x0d\xff}\x1c\xa1`\
\xbb\x96\x07\x90|\x09\xe8\xaaW\x91\x09\x89\xaas\x86h\
\xc4%v\xeeA\xe7\xbf8\x13<j\x90\x08\x8b\x13!\
\xdf\x03\xd5lK\xce>\xc4\x1dT\x9b>\xd9\x19To\
\x1e\x87E`\x06\xacg>\xdd\x8e\x7f\xbe\xbd\x05\xbe@\
\x1c\x1e\x1b\x87\x8f\xdex\x06\xa7\x9fx\x0c\xe3j,\xf0\
E\x92\xd8\xb1\xf5\xd2\xec\x7f\xe3\x9a\x9b\xee\x87\xab\xac\x94\
\xf9\x13$\xa5\x00LAf\xd5\xb5\xc8RR\xbfNq\
\x117 \x00s\x98\x18[3u\xc3\x1aN\xa1\x89\xa1\
\x17h\x07\xc875\x89\xde\x09S\x87\xe9,gR/\
\xcf\xe3\xcci3\xf0\xfe\xa7s\xd9\x041oZ\x92\xa4\
%\x09\xd7M\xbf\x10o\xbd\xf80(\xadC(\x1c\xc7\
c\x9f7\xe1\xdeO:P\xb3\xfe\x0fl\xfb\xf1^4\
\xd7\xfcn@\xc2\xea%\x0d)\xefMw?o2\x1a\
\x02]\xb3\xe5R\xc7\x94\xfc\x9f$\xe2a\xc9\x9c\x15\x05\
\xa5n\x1bjZ\x80\xeb^\xd8\x88Y\xdf\xb7 \x16\x0a\
\xa1\xaa\x8b\x0b\xf3>~\x0d'\x1c;\x89\x8d\x81\x1cc\
\xe9x\xa0\xb1=\xfd\xe2l\x5cy\xcd\x1dp\x92e2\
\xe9\xda:\xd3u;&\x22\xc8\xe7\xeax3\xf12x\
>\xe73\x89\x97P\x5c\x80\x9a\xcd]?\xf53\x9a\x80\
5\xc7\x0b\xfd\xbax\x13\x8bQ\xeb\xe6\xa1\x13\x9a\xb2Z\
\xe8\x7f3\xbf\x01r\xfa\x84\x13\xe7]\xfcwttx\
1\xfd\xa2s\x8d\xec\xdb4\x81\x17\x9c}\x0a\xfa\xf7\xeb\
\x8d\xcb\xaf\xbe\x15k6n\xc7\x97\x7fx\xb1bs\x00\
\x17\x1d\xd6\x82cwnGx\x9f#\xd1e\xd8\x19\xb0\
\xbb\xca5\xd79\x82\x9e2\xe3\x12\xa9\x9f*\xa6\x7fu\
nf|\xc6%\xff\xa2&\xb4T\xe0q\x88\x08D8\
\xbc\xf1\xc3N\xbc\xf9}3\xbb\x02\x06tK\xd8\xa4\xf1\
\x98\xf5\xfc\xa3\xe8\xd7\x9b\xae\xbcQ1\x07\xf2\xba\xe1E\
\x1e\xf7>\xf2,\xee\xf9\xd7\x13pQZ\x18\xcd\x98d\
\xee\x85>5\x85\xde\xde\xce\xc6d$\x8d\xc8\xe3\x1c6\
\x1f\x0b\x8e\x1ec\xa2\x94\x8e\xc2\xd0\x022\xbc\xbcS\xc2\
B\x8dR\xb8\x5c\x04\xa0\x8d\xcal\xa7\xeeTS\xcb\xe4\
A\xff\x06}>\xdct\xfd%x\xf4\xde[\xd8W$\
\x1cQ]\x8bha>\xf37\xdd\xf5\x10^\xff\xf7'\
,\xcf0o\x111n\x80\x0d\xe7L\xf0\xe0\xf0\xf1\xfb\
\xa0\xef\xb8\xd3P\xd4k<3\xb4\x98\x03G:uI\
\xd3\x08\xc2\xbez,\xfb\xe4&@&\xe7\x0f\xad\x87I\
F\x15\xb5\xb7\xe47Cy{)\xc9\xa5\xdb)\x22\x14\
\xe3\xf1\xc3\xb2V\xbc\xf3C\x03V\xd7D\x99\x8a\xe8\xf4\
8q\xebu\x97\xe2\xf6\x7f\xcc0\xb8\x97~e\x0c\x01\
SW\xddx\x0ff\xbf\xf9\x11\xdc\xa5j\xd2\xecT\xb1\
\xdb\x1cb\xa7/N>\xc5\x98\xff\xbc\x10Z\xadb\xe2\
, 5P%\x80\x9c.\xe0\x86\x11D;\xef\xf7\x82\
d\xaaB\xad\x22\xfc-\xad8\xe1\xf8\xc3\xf1\xf23\x0f\
0\x07\x09=.@\x87d?\x9b\xfb\x1f\xdc~\xef#\
X\xbb\xb6\x1a\xb0z`s\xd8p\xe0 \x1bN\x9dP\
\x82\xc3'\x8cC\xff}\x8f\x85\xbb\xfb~,\xdf\x90\xee\
\xf0\x91\x84\xfe\x19\x04\xd0\x80\xa5\x9f\xfc\x03\x9c\xa2\x12\x80\
\xfa%\x89E\xfa\xce$\x1b\x03\x09{<\x9cv\x91\xb9\
m\xfd\xbc\xd6\x8f9?5c\xe9\xe6 \xe2\x94\xf2L\
\x0a\xe0\xd0C\x0f\xc4\xe3\xf7\xdf\xce\xa0f=\x06\x90\xd7\
l\x05\xeb6l\xc6\xc53n\xc5\xaf\xbf-\x83\xa7K\
)\xe2D\xd0f\x87\x94\x04\xe9\x15~#\xfbn\x17E\
\xe1\xecD\x00$\xb0\xe6\xa8j\x00(\xe9<N\x0c6\
\xb9':\xa5f\xeb\xf2\xb5\xb4\xa2w\xefnx\xee\x89\
{p\xe21j\xae\x14\x12\xa68\x8d\x10\xc8\xc2\xf7\xcc\
\x8b\xb3\xf1\xf2[sP[\xdb\xcc\xee\x0f\xb6\xb9D\xec\
S\x05\x9c\xb4\x7f\x11\x8e\x9b4\x0e\x83\xf7;\x01\x9e\xaa\
\x83Y\xfe`370\x13\xc0_\x9f\xfc\x03\x90\xc9c\
H\x13\x87\x18\x01\x10\xb8(C\xe0df\xc5k\x0f\x00\
\xdf\xfd\xd5\x8a\xcf\x7fm\xc5\xeaz\x09\x0a\x85\xf3 \x86\
\x11\xc3\xfa\xe3\x86\xab.\xc2\xdf.8\x8b\xf5+\x95P\
g\xbd\xfd!n\xb9\xf3!\xb4zC(*)fZ\
N\xfa\x89*\x0cR\xdd\x1d\xb5\xd0\x10\x06UUA\xe1\
\xec=\x89\x00\xe8\x08\xd0\xce\xbe\x0c}1\xce~\xf3\x09\
\xa999fzfw\x0a%O\x0a\x05\x83\x88\xc7\xa2\
\xb8\xf2\xe2\xb3q\xefm\xd7\xb1\xbcz\xb4x\x84\xcb\xdb\
l\xc4\xe69\x16g?\xeb\xad9x\xfd\xddOPM\
\xb00o\x01o\xe50\xb4\xab\x8c\xd3'\x94\xe1\xd4\x13\
\x8e\xc0\xb0C.\x82\xb5\xa8\x1f\xc3\x1a\xd4\xa3\xc6\x04\x04\
}|\x83\xca\x01(\xa14I\xf6\x84\xfe*\x94\xe0R\
\x84?\xcc\xe1\xab\xc5;\xf1\xe1\xc2&l\xda\x11\x03\xc2\
\x14'(c\xd4\xbe\xc3q\xc5Eg\xe3\xc2sN\x85\
\xd3\xe9d}\x22\xe2d\x06(\x8a\xe6\xd9\xb6\x1d7\xdf\
\xf5\x10>\xfa\xf8\x1bf\xd7'\x0d\x81\xd9 \x92\xa4\x8b\
=XR\xb5\xdc|\xeak\xf6|\xceY5&\xa2p\
\x1c\x05\xc9'\xce\x91\xb4\x04\x90\xa1mMz\xde\x13Q\
+\xa9E\xcf\xa7\x17hkC\x9f\xbeU\xb8\xfd\xc6+\
\xf1\xb7\xf3\xcf`Q\xb6\x8c\x10b1\xe6BE\xa5\xad\
\xbd\x1do\x7f\xf0\x19^\x9c\xf5\x0e\xd6\xad\xdb\x04\x88.\
\xf0V\x01\xfb\xf6\x02\xa6\x9f2\x1cg\x9e7\x1d\xa5}\
\x8f\xd0\x80!\x15\xc0\x09\x13\x14\xfc\xf1\x0d\xe0\xe5\x18\x14\
\xba\xe8QQ`\x15\x05\xe6\x89\xb3`\xa5\x17\xaf|\xd3\
\xa0\xa6\xb5'x\x99\x8b\xe3\xc0\x03Fc\xc6e\x17\xe0\
\xf4S\x8egq\x88T\x08\x10\xd2\xfb@\xa9q\xc8m\
\xfd\xf1\xe7^\xc7\xce\xc6V\x06\xedRLa\xb2\x1b\xfa\
^*\x05mB\x9dbd\x99d\x80 8\x8e\x92\xd5\
\xe5p\xed\xd9}\x98rW\x19\x05\xb1Tr\xec\x94\xfc\
>\xecw\xc0h\xdct\xed\xa58}\xeaq\x06\x81P\
^B\x1b\xf3\xe5\xe2\x18\xba\xf6\xe6{\x1f\xe3\xf9Yo\
a\xdd\xba\xad\x80\xad\x18v\xbb\x82\xa9\xfb9\xf1\xf0\xbd\
7\xa3\xef\xa8\xa9\xc6-\x1f!_\x1d\x96\xd1\x11 \x05\
\x11\xe7m(r\xbb\xd0\xea\x8b\xe1\xb9/\xea\xf1\xe5\xef\
\xed\x88\x12\xabW\xc28h\xec\x08\x5c\x7f\xd5\xdfp\xfa\
)S \xf0\x22;\x1e\xe8\x1a\x1c\x95\x0b\x81\xf9\x0f\xbe\
\xf3\xe1\xe7x\xfa\x857\xb0v\xf5Fm\xd7[ S\
\x98;\xfe\x07\xc50\xf7\xe7\x86\xe9\x93\xa1|E\xe6\x1c\
=\xc7x\xc1\xf1\x1e52&w\xd9\x03t\xb0K\x85\
\x80\x1e\x8a\x17\xf0\xfb\x02\x80\x14\xc3\x81\x07\xec\xcb\x8e\x86\
\x93O8\x1a\xc5Z4M\x5c&\x19\x81g\x84Ai\
Uf\xbf=\x07\x8f??\x1bu\xf5\xad\x14>\x84}\
{\xc6\xf1\xf6\xec\xe70r\xdf\x89\xac~\xc4\xdf\x88e\
\x9f\xfe\x03\xe1`;F\x1cs\x1d\xbe\xff\xe6K\xdc\xfe\
\xf4w\xd8\xdal\x07b\x01\x0c\x1e\xd2\x17w\xdc0\x1d\
\xe7\x9e1\x95\x01L\xa4\x91P\x0a\x1cr\xe5\xa6\xb2\xa3\
i'>\xf8h.^y\xebC\xacY\xbd\x11\xbc\xc3\
\x01\xa7\x93.\x97H\x04\xac\xec\xed\x92-;XnX\
>\x1e\xe7\xecU\xa3\x1b9\x8e\xafT\x14\x16\xac\xb4\xab\
\xa2\x85\x894\xf2\x1dx\xa2n!D\xc5\xd0=\x8eg\
\xec\x16\xd1\x08\xfa\xf7\xef\x89\xa9S&\xe3\x94\x13\x8f\xc6\
\x01\xfb\x8d\x81M;\x87\xf5BYI\xae\xbe\xe9^|\
\xff\xd3\x1f\xcc\xb7p\xea\xd4I\xf8\xec\xddY\xec\x9dQ\
\x7f\x13~{\xffZ\xf4?\xe8\x1c\xf4\x1a9\x15#\x0f\
:\x0a\xabWo\x83\xcd.\xe2\xfc\xb3\xa7\xe2\x91{o\
By\x19E3%\x0a%\x90\x5c\xb4x)>\xfa\xec\
[|9\xefG4loT\x17\xde\xe50<\x86\xf6\
D\xd1\xa5\xad=_Lk\xa4\xc8a\x22\x80U\x1c'\
\x8c\xd0\x0e\xaa\xdd \x00\xed\xae\xdb\x02\xf5\xd7|%\xda\
\x04\x80\xa4\x0aR\xba\xf7O\x98\x8e\x06\xca\xfea\xb7b\
\xf8\xe0\xbe8b\xc2A8r\xd2!\x18;j\x04z\
t\xefj\xc4\xe7\x1fw\xfaE\xf8\xcf\xe7\xff\xc1Ig\
M\xc5\xa7\xef\xbc\xc8>\xf3\xb7nC\xfd\xc6\x9f0\xf8\
\xc0\xf3\x99\x04\x7f\xc0\xe4\xd3\xb0\xfc\xe7\xc5\x98~\xfde\
x\xe1\x89\xfbX\x1d\xc2\xeek\xeb\x1a\xf0\xc7\xb2U\xf8\
q\xc1\x22\xfcw\xe1o\xd8P]\xc3.B\xb6\xb8\xdd\
\xec\xfe\x1f\xf52\xac<\xa5/\xfd\xf6\x8f\x9c\xb9\x1d\xf7\
\x82d\xad\xb5k\x88\xc1\x8aT+r\x8a\xd2\x08\x0e#\
\xcc\x1b\xd1\xd0G\xf5~dj\xca\xe8_b\xe1\xb3u\
{W\xd4\x97$`K\x0b\xa9\xa2\xa2\xef4\xca\x9c\xe9\
p\x90AE\xc6\x9a\x0d5X\xbdb#\x9e\x9b\xf5\x01\
\xca\xba\x94aP\xbf\x9e\x18\xdc\xbf\x17F\xef3\x1c\xd1\
\x98\xc2\x92S\xca:\x9e!+p\x14u\xc3\xc0\x03\xce\
1\x8c@\x941\x8cR\xb7\xb4\xb4y\xf1\xf83\xaf`\
\xe9\xf2\xd5X_]\x83\xea\x9a:t\xb4v\xb0\xebo\
x\xbb\x1d\xae\xa2b\xa6\xe73\x7fA:\xe7\xf3!`\
]yN\xc1b\xb2\xce\x93iKf\x9d;\x1dl\xcb\
c~\x13(7\x1bq\xab\xa8@Y\xce\x01\x93RA\
\x08\x03\x95\xca\xd0h:\xc41\xdf\x9d\x9c\xaf\xadAM\
`\xa6\x12W&\x84S\x07^\xa8\x90J&\xb8=\x8c\
\xbc\x03\xc1\x08\x16/]\x83\xc5\x8b\x96\xe0m\xf9c\xd8\
\x99\xd5\x8d\x1d{\xac.aq\x82\xa8&]0\xe2\xf3\
e\x89\xa5\x8a\xfd\xf4\xeb\x1f\xf1\xe1{\x9f\x02\xa2\x85\xb2\
<\xc2f\xb7\xc1]\x5c\xccx\x0fC\xf1\xc8\x1f\xa1\x80\
\xa3\xcb\x1c~\x9b_:wM\xbd6\x8f3\x87\x9d\xc5\
\xd0\xcc\xf3J\xf1\xa3\xaa\xc3\xbc\xac\xd4\xf0\x82\xa2\xfc\xc1\
\xb0s-u\xbcy\xa2S;\x9b\x8d\x00\x0b)\x09\x8b\
c\x01D\x93G]b\xc3\xb1\xb8\xc4<j)\xcc\xcb\
\xe5\xb2\xc3]^\x8a\x92\xee\xdd\x10\xf6\x07q\xda\xd9'\
\xe0\x85\xc7\xefe\xf1\x09\xc4\x01b\xba\xd9X#\x8a\x0f\
^\x9b\x89\x83\xc7\xef\xcb\x0c:%\xdd{\xc0]V\x0e\
\x97\xd3\xce\x22\xd7\xa8M\x96\xbc\x8aNJ3\xb7\xcb\xb9\
\xe3L\x08d\xa1\x5c=\xdf\xa3\xd1T\xb2&\x88\xd2\xb8\
\x90\x06pC\xe0b+9w\xb7A\xc3\xe2\xbc\xeb\xbf\
\x1c\xc7w5\xeee\xcd\xd2\x90~\x82\x98\xa9?/\xb6\
\xb3\x0b0\xa7\xbe\xf0yMt\x86\x89\x10D\x01\xfev\
/\x8e=\xea\x10|3g\x16kMw\xcc0\x17B\
\xe9\xc8\x1c\xdd\xde\xe1\xc3\xe1\xc7\x9f\x83U\xeb\xb7\xb1\xdb\
<t\xf7\xecNX=\xfb\x10\x99\x8b\xce\xed\xf3\x8e\xaf\
4ZMA\xeb\xb2<e\x92\xbb\xf3\x9aW\xc3.C\
\xcf\xc6%\x9b\x12<\x9e~\xe7\x9d=F}\x0c\xdez\
\xb2B\xd7S\xe4\xf0\x14\xd6\x17\xf3\x7f\x87W\xe7W\xd2\
M2\x09\x894\x227%\xa4\x5c\xf0\x09\xfaTu\xd7\
\x1c2,X\xf4\xc7_\xf8\xfa?\xf3\x19\xe8s\xca\x89\
Ga\xf8\xe0A\x1a\x9e`\xc5oK\x96\xe1\xb0)\xd3\
 R^\x9et\xa9`r\xf1\xfe\xdd\xd1\x95\xf7\xa6\x9e\
\xad\xb6\xcd\xcc\xac\x82\x1c^\xd5;\xd64\x9e\x16[\xe6\
9\xe9[\x85\xa27\xf2x\xb5\xf2\x7fp\xf1\xa9\xa4\xeb\
\x13\xa9\x8c\x11_\x07N>q2[|Z`Z\xfc\
\xd9\xef~\x84\x09\x93O\xc7\x03\x0f>\x87;\xef~\x0c\
\x07L\x9c\x8ao\xbe\x9f\xcf\x16\x9f8\xc1A\xe3Fc\
\xfc\x81\xa3\x11\xf4\xf9U\xb5\xb3\x006\xcbJ!\x5c.\
\xb5\xf2\xde\x9c[\xd3\xd1%B\xfan\xcd\xce\x9d~\xb6\
\xdb\xad\x9cw.\x10_\xab\xa8&\xb3\xec\x8al\x8aL\
\x90\xb8\x0ee\xaf\xf7{\xd7J\x5c\xc2!\x07\x8c\xd5L\
\xb3j\x8e\xde\x9b\xeey\x02\x82\xb3\x08\xee\xca2\x14w\
\xad@ \xaa\xe0\xb6\xfb\x9eV\x8dMZ\x98\x18]x\
\x81\x88\x9a\xcd<s\x7f\x0a\xebYz\xe7\x94\xc2\xdd\xbf\
;\xdf\xd0\x96wwT3\x98\x12\x09\xda\xf8\xe8\xfb\xf4\
\x01\xf3\x09l\xad\xad\xad\x13\x14\xfa@=y\xf2\x1d\x96\
\x11\x8e\xbc\x97\xcb\xae\xbe\x81I4\x16\x11\xe5]\xca\x8c\
\xa8\x9e\x0d\xd5[\xd0\xda\xee\x87\xd5&2[\x02]&\
a\xf7\xb8PS\xd7\xc8\xd2\xdb\x92l@u\xbbU\xea\
\x99:\xf6\x1cqgD\x07\x0bl\xbf\x13\x072\xa9\x81\
\x19\x9f\xd1\x1f\xe5\xc0\x89\x88\xfe|h\xed\x96%\xf4\x94\
\xe1\x14jSBs89\xbe\x82\x11H..`\xf4\
;s\xde\xdc\xb4\x9f\xfe\xaf\x8f\x0e-\xf27J\xa9b\
\xb5\xc9\xef\xde\xb5\x92\x85\xa0\x91=@\x14-\xecH\x90\
\xa3\x12\x9c6\x0bK\xd0\xa4\xc7\x17\xeaI%\xd2\xf6\x99\
+\x904u\xd6\x9b\xe7\xd6*$\xe5\x8f\xb9+\x9a\x08\
\x99v\xa2U\xdc\x89\x83\xa0D#v%\xf6\xdc\x1cJ\
\x89\xac\x1a\xc1\xd9bs-\x0d\xdb\xd6\x89\x88\xbe\x99\xb8\
[5\xf7\xe8\xf4T)j`e\xba\xce\xa5tD\xd9\
\x13\xdb;\xff\xd9a\x13\x19\xe7\xd8\x1d\x054\xf9dF\
\x1e\xd0\xaf\x0f.\xbb\xe0tD\xea\x1a\x10\x0c\x84\xe1\xf5\
\x06\x11m\xd9\x89k.?\x9f]\xe1F\x1a\x02\xd5e\
\xf7\x1a\xb0\xec\xe2\x86\xfb\xcc\xae\xf7Y\xdf~y\xda\x07\
\x0a1#t\xaaJ\x097\x8c\x17\xa6T%\x0fv%\
2\xe7\x8a\xfa-_i\x03\x8a\x9bO\x0f\xa5\xb2_e\
\xd7@\xa4\xe2C\x99\xb7\x1f\xca.\xac\xcb\x99\x0f\xb3\xd3\
\xdb\x93\xba\xb5\xc7\xc1\xcc\x02%db\xf9\x91H\x0c\xfd\
{w\xc7\xb2\x9f>c\xbb]\x7f\xfc\xd9W\xdf\xc2\xa7\
_\xfd\xc8\xbcv\xa6\x9du\x02.:\xe74\xa6!\xd0\
\x11PS\xdb\x80\xd1\x13OB(F\xce\xa9\xbb\x1f\x08\
\xf3\xbf+\xe4\xd3\xa9n\xc6\x94i\xd2$\xff\xc0\x16\xb7\
\xdc~\xc2\x8e\x1d;(\x83'\xdb\xfc\xe6zl\xbd\xca\
{\xf4\x9f\x1c\x84\xeb}\xc0\xda\x85\xc5\xc80\x80\xc8\xb4\
\x94zl]\xd2A\xa4\xe1\x02yi\x08\x89\xb6\xf4\xa0\
\x0c\x95js\x94\x144-\xdfB\xae\xe2\xbe\x96f\xdc\
t\xe3\xe5x\xf4\xde[U\xff|\x16V\x9e\x8c\x03\xe8\
;\x9fl\x07g^t5\xe6|\xfcm\x8e@\xcd\x84\
\x19.\xdf>\xed\x9d\x00\x0fs\x8f4\x98;\xd5\xe3\x92\
\xe4\x1f%,\xb9\xe2\xfe\x8b\x9bv\xd4\xbc\xa3/>}\
i\xde\xe1l)Z\xea7\xff`E\xf0!\x8e\x92\xab\
\xea\xed%\xbdD{\x95.\x1b\xa9\xaa@\xfe\xc7\xa1y\
\xd24l*\xdb\x90\x185\xeb;\xbf@\xf5\x8a\xf1\xb8\
\xb8\x04gI\x09\x1e{\xeaU\xe6\x92M\x5c@\xcf1\
(Iq\x03\x09dq\x04\x82\x80\xebo\xbb\x0fs>\
\xfa\x1a\xae\xd2R\x03bN3zu\x1cZ\x9f\xf22\
\x03\x15\xc0\xbd\x12\xf1\x16\xf4\x9e\xfc\x07\xad\xcf\xa7I\x18\
d\xad\xf0\x908\xbb\x12z\xbeWU\xcd\x07\xa9\x19\xb5\
R[g\x7f\xf7\xec\x09\xbb/>\xf0\xa9\x18\xef\x99\xae\
\x09\x84\xc6\xf4\xa7\x0a2\x06\xcagd\x9e\xc8>\xb0B\
\xd045\x7fU\x8a\x03j\x8e\x89\xd4\xb1t\xcd\xdb\xdd\
\xc8\x0aK\xbd\x0by;p\xde\xd9'\xe3\x86\x19\x97`\
\xf4>C\x99S\x08\x15JL\xb9x\xc9r\xdc\xff\xf8\
\x0b\x98\xf7\xed|\xb8\xcb\xcaTa\xb0\xd3{\xb4\x85\xd7\
\xb9X\xfet\x9f7\xaa\xd9\x09\xd1T_\x9b\xb3mV\
\xd7h\x9cmz\xea)e8\x16l\xf0\xcd)\x0b\xb5\
_\xba\xa9\xb5\xd5\x9bz2g\x92q\x95>}\x8aK\
\xdac\x153c\xbck\x9a\xa2\xd0\xe5\xbf\xec\xcau\xf5\
\x0e+\xd3b\x18^(y\xb0\xf1\xdd\xb1\x06\xe6\x0b\xbd\
&}\xd4\x09\xb3\xe0\x11\xf0\xfa`w;1|P_\
\xf4\xec^\xc1|\x00\xb7\xd56`\xed\xc6\xad\xcc\xcb\xc7\
C\xe9i\xb2D\xe8f\xc4\xde3\x10f!X\xbd\xf9\
\x99B!\xf3\x94\xf6\xc9bANn\xb0\xca\x81\x8fl\
J\xf0\xaa\x1d;v\xec4\xb3~\xe3\xd9LmR[\
={\x16\x95\xf9\xe5.\x8fD9\xd7\xa5\x0aX\xfa,\
\x99n\xe6M\xf0~\xf6J\xed\xff\x99\xccu&5H\
)\x8ce\x16\x84\xbd\x9b\xb9\x91\xe9nc.\x8dL@\
\xa6c\x96\x06.B\xfe\xb0tg\xa3\x0dN\x07\xa5\x80\
\xa7\x9b\xbb\xd3/\xbe\xbem\xcc\x16\xca|\xca\xae\xb8z\
k{8\xf7\xf1h\x02\x91\xb4SX;\x038\x9e\x97\
#Q\x9b\x12x\xd5\x86\xc8=\x0d\x0d\x0d\xcd\x99d\xf2\
l\xddb\xd4B\x9c\xc0\x1f+\xbf9\x0c\xe7\x0c\x99\xb7\
\xb1 {\x95\xbb\x90I\x5c\xf7r\xcd\xec\xedJ\x13\xa6\
\xdb\xf0\xf7\xb6\x10D%\xc9H\x95\x85\xc5Q\xd4\x11\xaf\
\xf1I\x96\xa7t\x0fy\xf2\x18\xef\xd0\x09q\xafa\xfb\
)\x1e\xd9\xec\xd6Mus\x0arh\x93\x03\xc1\x07\x87\
\xd7o{{\x01@\xd6\xac\x8c\xd4\x94\x0f\xaa\xad\xfc\x13\
\xe0_\xec\xd9gjDv\xdc\x1e\xe3\xec\xfb)\x9c\xc8\
\xee\xdcSo\x5cR#%\x8d7\xa4\xbc\xcaL\x00y\
\x0fm\x17v\x8d^R\x0f7\x83+\xa4\xb4\x9f\x0fG\
\xd9\x9d\xb2\xb7\xde\xd1y%\xd5\xb3Y\x95\xceb\x8a\xa8\
D>\xf6p\x81\xfb\xea\xea\xeaVd|$\xa5\xbd\xbc\
\xdf\xd9\xbf{\xf7\xdem\x9c\xf3\xf4\x98b;M\xe6\xad\
\x073\x0f\x1a=\x18/Q7\xaf!'{\xa7\xee\x19\
\xc4 E35\xe2\x16v\xbfa\xe45\xaa\xdd\x1d\x85\
\x11\x9b\xa9\xbf6}\xdf\xd5M\xaf_\xc6\xc8\xe42\x89\
\x92R\xfeeC\xe4\xc5\xf2\xb0\xef\xfd\xf5--\xbeN\
\xa0L\x96>\xe7\xd77\xf5\x87-t\xff\xae\xae\xcaV\
\xa1\xdb\x19\x12g\xbbPV\x84\x91\x0a\xdd\xd5\xc2\x0c\x03\
\x06\x1b\xd5om2\x83\x81\x19\xde\x95\xa3\x9f\x09\x81\xdb\
\xa8\x91\x1fIk\xbf\xe4I\x00\x5c\x92w\xed\x1e\x86\xb0\
\x92a\x94\xe4.\xa5\x10W\x8a\x96E\xbe\xbaz-v\
p\xe9G.[{9\x0a\x9e\x936X\x10\x9a\xe3\x11\
B\xaf\xd5\xd44n)t\x00\x852\xa8\xa4\xd5\xea\xd1\
\xc3S\x1e\x94\xcbG\xc6y\xdb\x14\x19\xc2\x91\x0a\xc4\xc1\
\x0a\xc7\xbb\x13\xd97S \xe2d\xbd,\xcd\xf8\xd3l\
5\x9d\x87\xe7\xebxg\xf6\xa7\xcdK\xdaD\xa2\x14R\
?\xe9\x05\x05Kx)/4\x9fW\x86\xbem\x12\xae\
5\xb1\x906\x98\x22\x05y\xc4\x1by\xc4\x97Y\x14\xe9\
#;\xdf\xbe\xb0\xae\xae\xb56]\xef\xf2\xed\xce\xae\x94\
$\x8e@\xa5w\xef\xe2Ro\xb4t\x1f\x85\xb7\x0d\x8c\
\x83\xabR8a\x00\x14n\xb8\xc2)]\xa1\x10Q\x80\
Bi(\xfeJ0\xef\x02]uUsF'\x7f\xaa\
\x1e\x13\x1a\xc1\x1b#K\xb0u\xfd\x8c\xd5\xe9*i'\
i\x8c\xc3\xcc\x80tA5!7\xc1\x98.]\xe9`\
\x7f\xa6Z\xd6\x12\xe9D\x0d\x0d#\xe1[kj\xca\xd4\
-\xc3IVe\x84z\xd0\xb1\xb1\x9a\xda/\x9a\xf2\xcc\
\xa2Q\xb5\xf4$\xda]\x22\x9cB94\xc2\x80\xd2\xc2\
)\x0a]\xb0\xbcN\xe0\xa2[D\xc47\xd8\x94\xf0\x86\
\x1d\x0d\x0d5fQ+1\x92\xc2\xca\xff\x038.\x86\
\xcd\xc9v\xfdd\x00\x00\x00\x00IEND\xaeB`\
\x82\x89PNG\x0d\x0a\x1a\x0a\x00\x00\x00\x0dIHD\
R\x00\x00\x01\x00\x00\x00\x01\x00\x08\x06\x00\x00\x00\x5cr\
\xa8f\x00\x01\x00\x00IDATx\x9c\xdc\xbd\x05\x9c\
\x1c\xe5\xfd?\xfe\x9e\x99\xf5\xdd\xb3$wq!\x09\x01\
\x82$8\xc5\x8b\x14o\xa1\x85\xba\xd0\x96\xbaA\xdd\xed\
[\xeaPww\xa3P\x0a\x94b\x85R\xdc\x82EH\
\x82$\xc4\x93\xd3\xbd\xf5\xdd\x99\xff\xeb\xf3yd\x9e\x99\
\x9d\xdd\xdbK\xd2\xef\xef\xf7\xfb\x0f\x5cnov\xe6\xf1\
\x8f\x9b\x85\xff\xb3\x97\x05\x5cd\x03\x7f\xf1\x00\xb8\x81o\
\xe6\x1c\x93\xce\xa2\xb0\xb8\xe6Y\xfbzp\x969\x9ew\
\x90g!\x018\xbd\x16\xdc\x99\x00f\x00H\xdb\x80\xe5\
\xc1\x025@\xffX\x96\xc7\xbf=K\xb4\xcf\x7fZ\x96\
\xf8\xdb\xe3\x07\xf8\x0b\xcf\xa3\xb7h\x00\xfc\x05\x7f\xf2D\
+\xb0U{\x167\x1e\xb8\xe8\x19~\xc7\xf3d\x1f\xa2\
\xbd\xe6\xa7\xd4\x04\xa9\x11\xd9\x05\x0fK\xf5\xe57\xef\x89\
\x81\xc9\xb6\x5c\xcb\x06<^\x0c\xd1\x8d?N\xfa\x9b>\
\xab\xf9\xc99\xf0\x9c\xe4\x02\xd0\x5c\xd5\x18\xf4\x0b\xc6j\
\xfb\xb7=\xd8\xdc6\x8d\x85\xfbUK\x08[\xfe\x16}\
\xe8W-\xcb\xb2\xe0\xd2\xd3\xfe\xfaF_\xf4\xa5\x15\x5c\
\x0b\x9e\x83\xfa \xdbl\xd5F`\xcd\xd5;4.\xcf\
\x82k\x07\xdf\xb7i\x1fd\xa3j\x5cb\x87\xc4C\xfc\
\x89\xd7Q\xec=\xcd\xd9o\xde\xa3\xef\xd5\xc9\x90\xad\xc8\
\xfd\xf5\xbb\xe7\xc9X\xfcH\xe80\xc8\x0d\xb5<\x94<\
\xcf\xdbnY\xd66\xcfuG\x1a\xb6\xe5\xda\x1eVZ\
\x9e\xfd\x84g\xd7\xb7V\xc6\xadG0\xfa\xd8H\xe8U\
\x1b8\xc9\x06\xfe\xed6\x9d\xfd\xff\xc5\xab\xdd6\xfe7\
/\xdaF\x98\x13\xcf\xcd<|Z\x0d\x8dC-\xcb=\
\x06\x9eu\x04lk\x7fx\xd6\x80e[\xbdt\xf0\xd4\
\x0eI\xf8V \x128\x8c\xe2\xe0\xc8m\x0c\xdck\x7f\
`\xd5A\x8f~\xc48\xb1\xa1\xfev\xe72[S\xc8\
)|\xb0\xd4\x1d\x1f\x894\xbf\xcb0f\xccM`\x12\
\x1f\xc1\xf1\xfd\xa8>Bs\x0d\x8c\xc7x\xc7U\xf8(\
\x04\x90\x01\x18\xb6,\xd9\xbe\x00>\xff{\x1f\x09I\xbc\
\x17\x00\xaapcz=\xe5\xdf\xb6k\xec\xa9\xfc\xca\x8d\
@\xc6z\xccr>\x93\xde\x17\xaf\x19\x02\xd4\xf8E_\
\xe69\x12\x88\xc4\xd2\x88?b$\x12\xf9\x88\xe7\xe5\xb8\
\xbd\x06\x0dp\xab\x05k\x8d\x07\xef\x11\xcf\xc6\xedN\xd9\
^Q\x1a\x5c\xb1\xa5\x1d<\xfc\xff\x15\x01\x04':g\
\xe9\x94T#q\xa6\x07\xef<\xc0;\xc1\xb2c\xb3A\
\xf4\x8fI\xb8ZJ\xcf\x93k\xcf\xa7I\xd08>\xd1\
\x9a\xbaGafEm4Y\x9b`\xa6\x82f\x84\x00\
Q\xb5/\xa1\xc2\xa4d\xe1C\xa0\xbf\x8b\x1c\x0d\x93O\
\xc1u\xc8\xdf\xcd\xfd\xb4F.Q\xc3o\xd5O\xab\xd9\
)\x0a\xc9\xed\x19\x80\xdb\xfc\x9c\xea14\xeep\x7f\x06\
\xd7\x115\x1e\x8d\xa8\xc3M\xb7\x18\x1dB\xeb\x12\xde\x8f\
\xf0\x1a\xf8k\xa5\xe8\xb6\xff\x9ez#j\xad\xdb]\x96\
\xe6\xac\x14B1\xdaj\xb57>b\x22FN\xa1a\
\x93\xac8\xfc\xbff3\x5c\xc0u\xf3\xf0\xac{-\xcb\
\xbd\xdeu\xad\xeb*\xdb\x1f{.\xc4\x11\x13|t>\
\xf0\xff\x07\x10\x80mb\xb7\xc4\x8c\xe5K-\xcb{\x85\
\x05\xeb\xb5\xb0\xad\x85\x96e\xc3\xf3\x5c\xc2\xae\xae+\xb9\
u\x9b\xe0\x9b@\xdf\xb2\x08\xf9\xea\xc3\x1b\xa6Xn\x80\
\x8d7&\x16\xb5a|h\xe5\x81\x95\x87\xa3\xf5\xc1j\
\xd1\x8e\x1e\x8c\xe0\xfd\xa2\xa8R\xf4\xd5\x0c\xc6&\xab\xda\
r\xcc\xc6\x5c\x15[\xce\x8fDQC\xe3\xc0G\xcdK\
1\xb8\xa6(\x10\xd5\x87^\x1b\xa2\xc6>\x1a\xd6\xc2Q\
\x14`6\x8f=\xcc\xbfD \x89&\xe0\x0dsG\xa1\
\xd6$\x05\xf69=\xf9]\xc4\x9aM\x16\xf8\xf5e\xac\
\x8b\xe2<\x15*\x0ap\x9b\xa1\xb5\x0a_\xa1{\xd4\x80\
bY-\xcf\xb2l\x1b1q\xdb\xad\x8fZ\xf0\xae\xf6\
P\xfbEy\xeb\xea\xff\xf8\xaf\x5c\xe4\xfco \x82\xff\
6\x02\xd0\x82-\xfd\x91\x9eq\xe0\x91\x9e\x95x\xa3g\
\xb9\x17\xd8vl\x86\x00F\xfe\x87\x98>\x12\xe7\xdb\x1f\
\xff\xc0\x09\x91rx\xf8\xa0\xef\xe1\x8aE\x01\xe1\x9e\xb6\
\x19\xd1\x8b\xf1\xb9\x8dL\xdd\x92\x9d\xe8d@aT\x19\
A\x96;\xe0\x8c&\xea\xb8\x93&\x02Bvh\x5c\xcd\
|W\xc4\xfb\x1d\x88qL%\xf8\x99pk\x93\x9e\xe4\
\xc4\x0bm*J&\xba\x0c\x16\xd4\x1f\x89<\xf3|\xc3\
v`[\xf0\x1a\xf5\x1a<\xef\x0e\xc0\xfdu9\x99\xbf\
\x0a\x1b6\x94e\x0b\x0e\x80\x06\xfe\x1fC\x00\x82\x88\xcb\
\x81\xc7\xa6\x1fr\xb4\xe3\xd8\xef\xb6\xe0\x9dg\xdb\xb1\x1e\
\xa6C\x9e\xeb\x12\x93f\x8e\x81\xb0i\x14\x16\xddml\
\x1e\xc1~\x9bmw\xd2n+\xe04\xdf\xd5\x0a:\xa3\
\x8fp\xfb\xbb;\x87\xf0\x9ah\xb9\xd9\xe8;\x1a\x84\x02\
\xb87\xf2\xf2\xc5\x16B\xae\xa6tf\xb7\x9dKSO\
\x13\xeaE|\xcd\x80\xa2\x9aj\x8c\x92k\x8en_\xaa\
4&D\x10\x01\x8e\xc6\xe4X\xd4\xf7m\xc6\x8e\x0e\x91\
\xbb\xd1v\x00}\x1b\xfb\x1b\xee\xd7\x9c\x07\xab\xaa\xa5,\
\x1b\xf8\x8aeZ\xcf\xb5`;\x9ee\xc3%\x90i\xb8\
+,\xb8_/o}\xe2\x0f!t\xe3\xfd\xbf\x80\x00\
|v\x7f\xea\xa1\xb3\x92\x09\xf72\xcb\xb2\xded\xd9\xf6\
\x14\xa1\xb8#!\x88\xd6\x82\xb7Enr\xe7\xc0\xd1\xcc\
XN|\xb5\xdb\x9c=9\xd8Z+n\x0e\xac\xcd\xb3\
~?\xcd\xb2v\xa7\xefN\xb8V\x86\x983\xd1\xf1V\
J\xad\x962A\xe4\xd8Cm\x18=\xb5\xeeG\x1c\xfe\
\xb6C\xdd\x1b\x97\xd4\xd7G!\x80\xa6{\x93P\xe6Z\
|R\xa5\xadF1\xa3\x123M\xcc\xbf\x04\x86\xe7+\
\xb3\xc3\xe2\x10/\xb1\x1c\xa1e\xdb\xaclt\x1b\xb79\
V\xed\xcb\x85-\xabo\xfdoq\x03\xd6\x7f\x07\xf8\x0f\
\x8f\xa7f\xd4_\xe19\xd6\xfb-\xcb>\x94'\xe3y\
.\xc3\xbc\xd1\xe7\x9e0g\x9d\xb2\x86\xbb\xd3f\xa7\xed\
\xed\xd9\xf8;\xd4[D\xbd\xb9'\x14\xad\xe9\x81\xddA\
\xa9\x11\xcd\xee\xa1udo\xb6\x19^\x9f\xdd\xe1\xbe\xac\
\x16\x9c\x95\xa9\x8f\x9ad\x83\x13\xe2{\x1f\xc1x\xaeF\
\x04n\xa3\xeeY\xee\xaf\xecx\xe3\x93\xc5\x0d\xab\xb6I\
$\xb0\xd7t\x03{k\xcb4I\xcb\xcd8\xf0\x80\x9a\
\xe5|\xd6\xb6\xec\x97\xc2\xb6cp]\x97\x15y\xc2h\
\xe4\xab\xed\xa2\xb0r\x0bJ-\xb0\xad\xc0\xc0B\x114\
\xc1\xc1\xd0\x96[\xbfWu5\xb5\x1d\xa1\xbd\xe6\xe7&\
\xa0\xfca\x169\xfc]\xa7W[\xc5\xdf\x1e\x8a>\x13\
\xf6-x0aq\x09\xf0\xd1\x8a\xda\xed~\xffM@\
\x18b\xff\xc5W\x9dk\xea\xdb\x8ab\xe6\x014|#\
\xccv\xdb!k/\xe2;m\x99a\x13$YM\x0c\
\xdbi\x08\x81\x0a%v\x08\x91\xf2\x9a\x06\x99\xb1v8\
@+\x1c\xa5x'\x95\x8f\x0d\x0fp<\xdb\x81\xe7\xd6\
\xd6\xc7\x1a\x8d\xcb\x8a\xdbW^\x1f\xa5X\xff?\x89\x00\
\xf4@\xd2\xb3\x97_\xe4\xb9\xde\xe5\x96\xed\xec+7\x82\
\xcc\xb769o\x08V\x93u\xfb\xbe\xdd6\x925n\
%CuN\x15\x02mJ\x04\x10\x85T\xa2d\xce\xc8\
\x15i\xb3sa\xf3^g\x07\xda?I\x81\xf9\x18\xfd\
\xb4jor\x0a\xc90koX-\x02\xb2\xb58\x9d\
J$\x13\xa6Oe\xa3\xd8=\xbdEp\x0d\x82\x0b\xdb\
)\xeb\xdfd\x91\x89\x10\x85\x94\x18\xa6f\xab\xed*\xc6\
\xfe\xb7\xeb\xccSm\x87\xc6\xaf\x14\xcchayi\x0b\
\xcc\x01\xa5g\xf0y='\xdd\x80\xdac\x9f\xb8\xf9v\
\x07\x89\x8b=\x22\xa2\xb6\x034\xea\x9eW\xffr%Q\
\xb8\x5c*\x09\xf7X$\xb0\xf6\x0a\xf0/^\x9cL\x15\
s\x1f\x05\xac\x0fY\x16\xb2\x9a\xccO\xa2\xfd\xd0\x11\x09\
.\xaf\x89\x00\xcco\xf6T\x86\xf8\xff\xc9\x15\xc5\xc5\xc8\
s$AB\x1d(\xf1\x94\xfaW\x00\xbc\xdc&\xe5u\
hz\x12\x0a\x0c\xfd\xdf\xb6DE\xcf)\x80\x18'\x00\
\xe2\x90\x82\xb7\xa9\xad\xddDda\x14\x11\x5c\xd7\xff\xc5\
K \x0a\xc2s6[\x0c\xbc\xea\xdf\xacr\xf5\xdd\xa5\
\xa1u\x9b\xf7\x14\x09X{\x0a\xfc\xdds\x96N\xa9\xba\
\x89/\x01\xd6[$]!Y_\xa9\x94\xdbj\xde}\
\xb6\xd3?|\xe2\xbb\x10\xaf\xd5\x01\x07\xb0'\xda\xf7\x09\
\x95}\xa1\x03\xd4\xae\xfd0\xf5\x98\xec\x15u\x90;\x12\
\x93\x0c\xd1\xc5\xf4b\xe3\xad0|z\x85[l#@\
\xa9l\xcb1'\xeb\x9b\xad\x5c\xa5\x857\x15\x85-L\
\xa5M\xfb\xda<\x87\xb6\xcaX\xed\xc6\xdb\x82\x09\xa3\xef\
m\xc5\x8aG\xacy+\x0d|\xab\xb6\xda\xea==\x89\
s|Q5\xf2\xa9\x96\xf3\x90\xd6\x02u\x0e&\xb1V\
\x81\xfbR\xc9\xa8W\x9fU\x03\xa4N\xb5l\xcf\xad>\
\xe2\xc4\xea\x17\x176=\xf5\xc4\x9e \x01kO\x80?\
5\xeb\xc0\xb9pc\xdf\xb1l\xfb%\xc2U\x8eNS\
\xfb6;\x96+'\xa1\x9b\x9a\x1c\xfb\xdd\xa2\x8dV\x88\
E\xc9\xc4\x93m\xb0C}\xc5n+\xac\xa4fZ\x06\
\x13\x84\xd6\xc9?\xddl?\x12\x8e\xfc\xb0\x09\x19\x90\x5c\
\xd6\xa8\xb3\x8b*\xa9g\xf8\x19'\x86X,.\xdat\
]\xd09c\xd5\x8d\xd2\xa8\xcb\xf9\xb3\xdf\xfd$N\xcc\
D\x16\x16n\xdb\xc4\xf5\x12\x01(\x7f\xfdNL\x80\xff\
\xb7(-\xad\x10\x02\xf6=T%2\x10\xdf\xee\xd9|\
\x842\x9d>1\x91\xf5\xdc\xc6\xd3@\xfdM\xe5m\xab\
\xef\xdc]$\xb0;K\xc0\x1d%\x07\x0e^h9\xf6\
O,\xcb9Ei^X\xdc\xde\x0b\x0b\xdb\xbc9\xe6\
Q\xc4n\xb3\x82\x13\xf5\xd5N\xe6\xfc\xbf\xf1j\xed\xb5\
(\x0f\x1d)`,\x1bv,\x86j\xad\x8er\xa1\x00\
T\xcbl\x89\x8d'b\xb0\xe31\x8e\x01\xaa\xd7\x1b$\
]\x0a\x1dM2\x8dl&K4\x06n\x9d\x10\x85X\
u\x1d\x5cc\xae\xd7\x1ep;\xed(\xfe\xff\x09\x8b\x82\
5\x89\xbd6]\xb7\xe9jjW,e\x08\xbb\xed\xf9\
%]&\xa4\x1d\x12\xa4\x17 $\xb0\xcd\xb1*o)\
nYs\xfd\xee \x01kw(?\x03\xbfm\xfd\xd8\
rb\xa72\xc9`/\x12?\xb6-\xdc\xecd4\xbd\
\xc6KA\xb6{/j\xcb\x9b\x22\xfc\x22\x81h\xcf\xfb\
1\xfb\x9a\xec\x81\x8e\xea+\xe0\x12mHG\xa6B\x89\
\xb6Bue'\x12\xa8\x94\xab\xa8\x8d\x8d\xa2wj7\
\x8e9z\x19N<\xe6H\x1c\xb2t_\x0cL\xebG\
*\x9baJ\x9f\xcf\xe7\xb1u\xdbN<\xfc\xe8\x93\xf8\
\xcf=\x0f\xe3\xc1\xc7V\xa2V\xae\x22\xd5\xd3\x83\x98\x1d\
\x039\xa9\x09y 4\xc6\x88\xa3\xdd\x9e\xea\x0b\xf7i\
5~S\xb9\x16\x85\x84\xf7\x86\x8a\xc7lco\x22\x16\
\xcbdR\xc3\xd4\xdf|`7\xfb\xf3c5l\xe3\xb3\
B\xb8z\x0d]\x8f\xbc\x8aQ\x1f\xb6\xbc\xda\x9bJ[\
W\xff\x8d\xfc\xee\x00\xd4'3\x8fI\x01\x7ff\xde\xe1\
3\xeb\xf5\xfa\xcfm\xd8g\x92\x02\xd6\x22\xc5D\x07\x07\
<\x88\x0b#\xe4\xfc\x88\xa1\xec\xae]\xdc<L:\xb2\
M\xf6\xd0\xca\x86\x1b>\x80\x93\xdd;\x1f8\xc5\xce\x07\
9\x0b\xff\xe0\xb7\x1b\xbb\x1fx\xa3L\x98MO\xcbh\
4_0\x09P}\x15\xf2J\xb2\xb2ec|d\x04\
s\xe7\xce\xc0[^w!^\xf1\xd2s\xb0d\xdfE\
\x13\xcf\xc3\xf3p\xdf\x83\x8f\xe0\xa7\xbf\xfa#\xfe\xf8\xb7\
\x1bQ,5\xd0\xd5\xd5\x83z\xbd\x0a\x97t\xbbl\xd6\
\xb1\x84\xe3v\xd4\x9eM\x92+hf\x9d'\xa9\xf0l\
A_\xcd\xc0'\xf9\xa9m\xbb\x9e\xec\xbf\xed\xf8eg\
f\xa0Y\x14\x07\xd9\x84\x9c'\xe5\xf5d\xc4\x80\x87t\
_\xe6X\xf9\xb7\x12\x07\x08\xeb{\xb5\x11\x0b\xb5W\x16\
\xb7>u\xd3d8\x81N\xcf\xb8\x18\xce\xd4\xfd\xba\x92\
\xa9\xd4w,\xd8o \xec\xa3bE\x9a\xa8@D \
G4\xb8\x0b*/h\x96\xc6kRC\x1d|a\xb7\
\x1cB\xa2\x22\xfcB\x83\x8a\xc2\xe2\xed\xae\x89\x1cA\x82\
\xa3W\x00:YMzH0n\xb2\x88(D`\xba\
\xf7\x13\xd2h\xc0\x899\xa8V\xaahTKx\xe7[\
^\x8bO|\xe0\x9d\x981}\x80\x9f j\x1f@6\
A\xb9\x92\xef9\x8e\xaf\x10|\xe4\xf1'\xf1\x91O}\
\x09\xb7\xde|'\xd2S\xa71\x12\x13\x8c\x80\xcc\x980\
Iq\xab\xd3\xe8\xc7\xbdu)@UA\xfb\x13\xed\xb1\
e\x06S)\x84\xd0\xc1\xce\x85\xdb\xdd}\x075c\xdf\
Mb\xc2\x81g\xf4\xd9\x8d41z.E\xd2\x11\x12\
\xa8o\xb3\xec\xf2\xf9\xa5\xcd\xeb\xee\xef\x14\x09t2D\
\xf1\xcc\xd2\xa5\xf1\xf4p\xfcrX\xd6\xfb,\xcb\x8a\x09\
\xec\xc7j\xd2\xdd\xb0K+1\x06\xc6b\xfb\x0e\x1d\xda\
d\xa5\x0e\xd8$\x14\x82\x91\xbd\x9a\x98\xd9\x18\x82\xfa\xa8\
XQo7\xd8\xfe&\x96O\x99\xdd\xa48\xb4'\xde\
\x8a-\xf5\x13\xa1\xb5\x13^\x18.\xec\x98\xcdr~w\
6\x8e\x9f}\xff\x0a\x5cp\xee\x19\xfcL\xbd\xd1\x80\xcd\
\x9c\x816\xce\x88w[\xccK!\x8aX,\xc6S\xfa\
\xe4\xe7\xbf\x8a/~\xf9;H\xf5\xf4\xb2\xc2PDq\
\x08\xa9\x8f\x9f\x97\xebg\x22\xc6&J\x1d\x81\xcb\xd4\xf8\
\xdb\xadQ@\xafc\xee]Dd\x9e\x06Z\xad\xb7\x88\
^\xf4\xc9\x05{y\x92\xf3\x0a\xb1\xf5!\xce\xc5l\xb7\
\x9d^\xa9\xed\xe5\x85\x89ch\x9f[\x9c'\xc5\x09\x90\
\xfcgy\xd5\xa7<\x94^T\xde\xfa\xcc\xc6N\x9c\x85\
\xac\x8e5\xfe3\x97}\xc4\x02>\x0b\xdbN)\x0bS\
\xab\x89\x85\xa9\xa4\xcf2\xc9\xa9)yU\x01\xb9\xb4\xc9\
\x18\x08\xbbI\xc6\x9a\x1c\x00IlI|\xaa\x18Q\x93\
|\xa6>\xab\xfe\xd4[\x13\x223\xf9R\xb3\xd9\xcd\x18\
\xefnj\xaf\xfd5\xf3\x93O\x849\x0a=R\xdd\x87\
\x98\x08\xb1\xfd\x95R\x01\xfd=\x19\x5c\xf3\x97_\xe2\xe8\
\xc3\x0ea\xb6\xddq\xe2\xe2\x00\xb7\x00\xae@\xff!s\
Z\x83\x9d8\x01\xc7v\xf0\xe3\x9f\xff\x01\xef\xbc\xf4\xa3\
Ht\xf5\x09\xdb\x82nO \xbbH\x89\xa5i^F\
\xdf!\x0e`b\xd3\x5ct\xbb\x01@\x0fl\xa0\xdas\
q\x06\x14\x07\xd0\xc4\xae#\x8c\xc0#\xc4-y^\x9b\
\xceK\x1b\xc0\xef\xf42\xcfa\xf82u$\x0a\xc9\x86\
\xdf\xd3,\x81\x90\x1c\x84\x09\xde\xad\x5c_J\x14.\xc2\
\x86\x0dU\x1f\xd0\xa2\xaf I\x88\xfe\xdeM\xcf<\xf8\
%\x96e\x7f\xd4\xb2\xed\x14/\x07\xfd\xd3f\xa2\xe1\x0d\
\xa7\xc1\xfb\xb2\xbf\x91\xfd*\x94T\x22r\x1fw\x8bz\
\x9aK\x1a\xc6FR\xc6\x0f-\xa8\x1e\xddD}\x99L\
\x89\x81\x05\x99E\x0b3,J^\x9c,\xeb\xa2\x95\xa9\
j\xac\xcd\x7f+\xf9\x9f\xd9q\xc7F\xad\xde@:n\
\xe1\xea\xbf\xfc\x82\x81\xbfZ+\xb3'\xb6\xb0\xce\x18\xfa\
\x11\xcfC\xa3\xd1\x10\x9a\xff\x86\xfaq\x03\xe2\x81B\xca\
\x0eSy\x0b\xe5Z\x0do}\xd3\xabp\xc5W?\x83\
\xd2\xe8\x10\xacxBr\x98J\xdf\xd1Lk#eV\
#\xfbO\x13R0\x9ei\xbb,M7e\xb6\x18u\
\x94\xf4\xfe\x8aC\xc6k\xd5Nf\xf3B\xbf\x8d\xbe\x9a\
\xc6\x121\xfe0\x07\xd0\xae\xab\xc8\xee\x9b\xcea\xf0/\
\xda\x12\xf5L\xe4\x9a\xc9I\xcb\xbd\xb3=\xcfkxV\
\xe2\xdct%\xf3i\x1d\xda\xd9\xe6\xb2'\xd4\xf8\xf7\x1f\
\xba\x18p\xfe\x07\x96\xd5K\x18Fe\x9dS\x87\xdb?\
\xe4\xad/\xc5\xd2h`\xd1\xb3\xf3\x17!\x8a\x92\xf2[\
\x93X\xd0\xe6\xb1\xd0\x1f\x22^/\x80\x03d(E\xf8\
@F.r\xc4L4\x063\x90\x97\xa2\xd6\x8a\x22\x07\
Y\xb7\xd6\xe3\x0d\x8cV#\x90\xd0\x91h:\x9c\x12\xe0\
l\xb9hN\x0c\xd5\xc2\x18\xbe\xf7\xed/\xe3\x98\xc3\x96\
\xa1V\xab\x22\x16Oj\x04\xab^o4\xeaZ\xce\x8f\
\xc5\xe8'&\x7f\x1c-\xfb7\xea\x9c\xc2\xca\x9f\x17\x80\
x\xcc\xe16\xdf\xf7\xf67\xe1u\xaf\xbb\x08\x85\xe1!\
8\xf1\x18(|5\x88\xae\xe5\xe90\xd8tsO\xa2\
\xe6\xdb\xc4=\xb5X\xb7H.\xc2\xb8\xaf\xfb\x09q\x9e\
\xe6\xf7\x01\xb6\xd9 \x04t5\x11\x03\xad30\xd6\xa2\
\xc5yo\x9aG'g\xd6\x18\x8cB^>\xb2\x0f\x9e\
\xc9\x88W\xfc\xcf\xfc[(}\xa5Z\x96\xb0\xb6\x0b;\
\xf1\xa1\xf4\xcc\x03\xce\x17z\x00J.\x12}\xb5\xe4\xda\
\xe4\xefXz\xe6!?\x82\xe5\xbc\x91\xed@\x16\xc9\x18\
\xbb\xab\xb8Qi\xa8\x04\xb0D]&{\x1e\x9epG\
=D\xb0dF\xf7\xba\x93\xa8vM\xcd\xeeDs\x08\
\xc8\x01&\xa5\x93\xc4S\xcf\xa5\x0d;\xdbj\x1d\xc3l\
\xaa\x1e{\x80\xa2\xfa/\xc6\xe2\x09\xe4\x87\x87\xf1\xea\x97\
\x9f\x85\xdf\xfd\xf8\x1b\xa8\xd7\xeb\xb0c\x8e\xce6DN\
5\xac\x09\xf2<8\xb6\xcd\xfe\x00\xb7\xff\xfbn\xdc}\
\xdfC\xd8\xbcm;\xe2\xf1\x18\xf6[\xb8\x0f\x8e?\xf6\
h\x1cy\xf8!\xdcf\xbd\xda\x80\x1d\xa74V&\xe7\
 \x1c\x83v\x0e\x0f\xe3\x88\x93^\x82\xedCE\xc4\xe3\
\x0e\xbc\x86\xc0\xa6>\x87'h\x8a\x0a36\xcd~b\
\xec\x9d\xadC\xd4\xba\xf8\xf3\x0f\x7f\xe7on\x00\xa0w\
W\x16\x9f\x04\x01\xea\xd4\x84\xdcN=\xdd\x0a\x09\xb6\xea\
'\xbaE\xdf\xff\xde\x8f\x5c\xae>gU\x1b\xc7\x16w\
\xad\xd9f<\xd2\xf4^k\xd6\x7f\xc6\xc1\x17z\xb6\xf3\
K\x0bVF\x8f[\x8d\xb4CSYX\xd6\x8eb\xbb\
\xc3\xc0\x17\x85\xad\xd5\xfdVr\xa3)\x9b\xe9\x89\x85\x06\
\xd8\xbc\x97\x1dI\xfd\x01%\x13\x99\xc0\x94\xdcej\xf7\
\x03Rz\x87r\xac\x15!\xdb\x99\xfdi\xc5S\xe0p\
H\xfd\x80\xfc\xab\xe1\xd9H\xc7]<t\xc75X8\
o\x8eP\x9a\xd9\xb6v\xde\xa1\x93\xd0\x80\x85\xb8e\xe1\
OW_\x8f/^\xf1}<\xbe\x8a\x1c\xc8\x1a\x06\xb6\
\xf2\x90H\xc6q\xdc1\xcb\xf0\x99\x8f}\x00'\x1dw\
$j\x8d:b\xac4\xf4\xddaIl n\xe1\x07\
?\xff-\xdey\xe9\xe7\xd05u\x9a\xf0\x11 .+\
\x9c\xb0\xc9X\x99&\x8b\xc5\x1e\x22yS\xa1+\xd6\xc9\
\x87\xfa=\xf4\xb5\x83\x898ZY+L\xfdA+\x82\
\xd2\xea\xf2\xb7T\x8aOf\x7f\xea\x99\x0e\xcfOx<\
\xc1\xbf\xc9^c\xdbp\xcb?/m]\xf5\xe6V\x0a\
\xc1\xa8n\xf8^\xf7\x9c\xa5}\xb5F\xfc/\x1e\xacS\
\xc8{T\x08\x9bV\x07Z\xf2\x00(\xf8S5NF\
`\xf3\xcd\xc96\xf1\x81rSC\x16\xa7\x96\x986b\
\xe1v[#\x1bqE\x1dZS\x11e\x22\xba\x09\xfb\
\x0b\x8d5J\x09\xa6\x0f\xb9\xb9.*\xa5\x82\x07\x06\xc6\
\xfc\xd00\xde\xfa\xe6\x97\xe3G\xdf\xf8\x02\xb3\xefd\x06\
\xd4$\x00.j.Y\x00bx\xdf\x87>\x8d\xef}\
\xff\x17\xb0\xb2S\x90\xcd\xe6X/\xa0L\x81\xf4\xac\xeb\
\xd6Q\x1c\x19B\x0cu|\xf7\x9b\x97\xe3moz-\
j\xf5\x1a\xe2\xe4\x22\xac\x86,E\x83B\xa9\x8c\xc3O\
~\x09\x9e\xdd\xb8\x13\x89D\x02\xae\xdb\x10m\x09W\xf5\
\xa0L\xac\xe6\x1a\x98\xba\x91\xeagw\x10\x80Z\x0b\xc5\
\x22\x9b\xdc\x9d\xf9w\xd4\xfb\xe1\xf3\xea\x85\x9e7\x98;\
}\xcb\xfc[\xf6;\x19\x85e\xf3\xb9\x91\xc0\xaf\x1bi\
\xbeZ\x9d\x9bN\xce\xb0!\x1a\xb9\xf0\xea\xae\x8d\xda\xd9\
\x85\xadkn\x892\x0dF\xe9\x00xT\xd5z\xec\x1c\
\x0f8V\x0a\xb7\x91jd\xed\xb0\x12\xea^\xb1\xf8J\
\x01\xa6\x13Q\xca\xdd\xd3\x7f\xab\xde\xcc\x9e\xc3\x7f\xcb3\
/\xce\xbed@\x22\xd8y\x93Z\xaa\xbfM\xd6JQ\
\xf0P\xd3\x93\xba\xc2\xba\x0a\xffP\x04\xe5\xb9\xa8\xcfM\
W\xf8\x90I\x00S\x00\xa3\x0e\xbaXB\x99\x9d\x9e~\
\x91\x09NY\x07\x08\x09\xc4m\xbc\xf2e\xe7\x86\x1c\x87\
\x04\xd5v=\x0bq'\x81\x8f|\xfa\x8b\xf8\xde\x95\xdf\
Gn\xda\x0cd\xd3I4\x1a5F\x16$\xd77j\
\xf4\xb9N\x0a\x02\xe4zz\xe1d\xbb\xf1\x8e\xf7|\x04\
\xd7\xfd\xf36\x06~V\x0e\xeaiZ\xfcw.\x93\xc1\
\x85/>\x03\xb5b\x01NL\x1e!6\xd7\xa9q\x99\
\xfb/\xa8\xbf\xd6\x12\x98\x10;I*\x17\x06~\xdd\x9e\
Z+uN:o\x16\xfa\x18\xb6\x90\xedM\x05\xa6\x9c\
\xa6\xf8\xdd![n\xbek\xb4\xac\x09\x87\xaf\xf7\x898\
\xa7\xf2F\x00?u\x82p\xcc\xce\x11\x8f5\xe0|\x9e\
\x22v\xa3PV\x18\x01\xf0rf\x07\x0e\x9a\x0e\xcb~\
\xa3e;)R.\xc8L>MW+v\xcb\xd7\xc0\
j\xe6\xd9o>\xcc\xd2\xb6Q\x22\x86\x11s\x13\xb2\x09\
k`\x03@\x19T\xf0\xe8\xb6B\xf2VG9\xf8\xc2\
\x08\xc5jq@\xdaQ\x9e\x88\xaf\x03\x9b\xa9\xa8\xbb\xf1\
\xa0/a(\xc4\xe7[Pl\xc7F\xb9Z\xc5\x82\x05\
\xb3q\xd4a\x87\x88`\x1f\xc3\xceO\xda}\xfa\xfb?\
\xf7=\x84+\xbf\xf5\x13df\xcfg\xfb}\xddmH\
\x93\xb1\xb4\xaf\xf3\xffB\x8e'k@,\x1e\x87\x9d\xea\
\xc6\x07>\xfe?\x18\x1b\x1f\xd7\x9eq\xe6@i\x1f\xce\
<\xed$\xc4\x92\xe4\x13\xa0$Z\xc9M(\xe5\xa4^\
>9v\xdb\xf7\xc8l\xb7NQ\xc8:\xb0V\xe6\xef\
\x10p\xaa\xcfQ{\xdb\x92\x11\xb3\x8c~[\xb4\x19x\
\xd6\xb4 u@\x89\xcdw}\xc2a5\x7f\xa7\xfa6\
EB\xf3,t\x88\xd6\x14\xd1\x95\x04\x91\xfc\x88]\xcb\
\x8a\x1f\x93)\xc6^)6\x9e\xd2\x8e\xb7\xe7\x00\xbc\x86\
m\xbf\x06\x16\x8eW\xb1\xb9\x93\x97\xaa\x94\xbf\xb2!\x06\
\x04\xce\x90\xa1\x5c2\x0bC4\xb5b\xbc\xd2\xa6\xb7\x00\
\xa5o\xd6\xcd\x85\x1en\xd3\x89\xa2\xc2-:\x9e\xb4\xbc\
\xaa\xc2B\x15\xab=\xc1\xf3j3\x94\x18\x11fg\xd5\
\xc1\x11\xce16\xea\xe52\x96\x1d\xbc?\xb2\x19\xe1\xd3\
\x1f@^\xf2\xf3w~\xf4KxV\x02\x96CN=\
\xd2\x81\x87\xdbP\xa6\x10\xa2\xf0R\x9fa[p\xeb.\
2]]X\xb7n#\xae\xfa\xdb\x0d\xdc&!\x13\xdd\
\xac\xcd\x04\x01K\xf7\xdb\x173\x06\xa6\xa2Z\xa9\x09\xd7\
cN\xec\xec/R\x93\xa2\xae9\x94 z\xcd\xd4O\
\xc4b\xed\x89\xf8\xa69\x90Hq\x15M\xdc\xa3\xf9\xbb\
\xe5X'\x01\x18&\xebn\x22r\xfd\x9d\x1cd\xd4\xd9\
\x15g\xa7\x99\xdc6[\x87T\x1f\xc6\x17l\x06\xb5\xe1\
z\xb1\x0f\xcc\x9c93#S\x8d[Q\x08\x80\xe3\x97\
\x92\xf38\xd0\xe7\x8d\x96\xe5\xc4'r\xf5l\x9f\x84!\
\xda\x04\x13E\xf1;\x89\xe0k\xb7\xd6^\xa7\xf2S\xf8\
oE\x01\xbd\x0e\xdf\x0f\xaek\xe4\x01\x98(\x9e?\xaa\
\xcd\x00\x02\xa3\xb5\xea`<\x5c\x22\xab^\xc7\x01K\x16\
\x8b\xbfE\x169\xf1Yj\xfcw\xec\x1a\xc4\x7f\xee]\
\x81x\xae[h\xebU\x07z\x5c\x06{\xaf\xd8M\xe2\
\x22\xe8w<\x85\xbf\xdd\xf8/\xfe\xce\xe4,\xc8\xa3\x90\
\xe63\xa5\xb7\x07\xf3\xe6\xccB\xadV\x91\x81[\xe6\x80\
\x83\xba\x10n?j\xee\xbc\xfeQ\xa2e\xeb5\xd2c\
\x8dx&\xb2\xfd\xc8{\xea\xc7k\xfb~\xc7\x5c\xe2$\
\xaf\xf0|\x14\xd1\x0as\x15\xd4OS_a\xae\xd1\x18\
k\x0b\xbd\x98\xcd\x99\xc5\xac\xd8\xc1\xc3V\xcf\x8b\xc5\xa3\
>\x17`\x22\x00Ap\xea\xd6\x05\xb0\xec\x03E\xad8\
\xcd\xb4E^Q\xf9\xf5\xf4\x04\xa3\xd8\xb60\xbb&\xff\
\xe94R\xb0%\xc65\x5c@\xc3\xd0c\xca\xaf\x01\xb6\
\xcb\x18?\xa7,\x9b\xa0\xff0\xa7\xd2D\x9d#\x92R\
t2/\xbfn\xa1!\xa1\x05\xcf\xa6!\xef\x1a\x0b\xca\
\xcf70{\xe6@xVp\xd94\x07\xac^\xf7\x0c\
\xb6\xef\x18D\xccq\x84RP\x02\xb2\xd0\xd1\x98\xaa\xcb\
\xa0]\x9c\x10\x03\x99\x01\xd7\xac}\x9a\x15~\x84\x00\xc2\
\xf3\xa2\xf9N\x1f\x98\x0a\x8f\xad\x00\x8awm\xed@\x1f\
\xc9RGa\xbb\xc85\x9a@\xb7b*\xe5\xc2\xedG\
\xf5\xd9\x8a\x1f\xf3B\xed\x9bm\x9a\x00\xbb\xa7!\xe2-\
\xc4\x8b\xf0\xa8Dn@\x03I\xc9q\xe8\xb3\xa6\xee\x93\
'\xa8AD\x02\x04\x97\xe36\x94r\xc6!k@\xcc\
\xe4\x02\x02\x5cg\xd7\xac\xfd\xa7Z\x9e\xf5R\x95\x8e\xc4\
\xa2\x92F\x06\x1b;\xd1\xe5M\x92BG\xc9\xc5f?\
\x81lBmD\x055a!\xa3Ec\xccp\xae\x00\
\xf3)\x1d@\xdb!eij\xa0\x83C1\xe1\xfa\x85\
\xe7\x17\xa2\x9e*{\x92\xfa-\x0a\xcdxH\xa7\x92\xc6\
\xf32\xb7\x9c\x9c\xc8\xe0\xd0\x08\xbcj\x09\x9e%\x9c\xa1\
\x04\xd2\x92\xba\x19v&R\x855\xcd1\xda\x9c\x04\x93\
(}!_\xc0h\xa1\xa8\xe7\xe7\xff\x88\xe7S\x89\x98\
P\xfeE\x00U\x93\x08\x10\xb5\xaf-\x0c\x01\x93\x06\xaf\
\x0et\x0b\x93jg\x82\xb6\xf5\xf0w\xb3\xbf\x96\xd4\xda\
\x9a\x88s\x91\xefG\x84\x89\x9b0e\xea\x1b\x84\xb8a\
q.%\xcb\xb2O\xcaN\xdf\xefx9\x04;\x8c\x00\
Pq\xe3\xa7x6\x96k\xaa 7<\x8c\x04&:\
\xcc\x0a\x9b\x85\x1d\x1c\xa2&Oi\x9e\xc4\x00$\xbb\xd3\
.uT\x94p\x14\xb5\x98a\xbfi\xc3\xdem>\x13\
\x18S\x8b\xfdg\x1e(\x0a\xb8\x0d\x8e\xa2\x93ui\x8d\
 \xe4Z\x87\xc6\xa4\xfb\x90\xd9|\xc2\xaf;\x82T\xa3\
P\xaa\x84\xda\xf7\x1f\xccd2:r0\x88lU\x81\
\x0a\xff$\xeb\xf4l\xb2\xd62\x99\xf6R\xe9\x84hC\
\xbe\x13\x1es\xa1Xn!\x9d\x86\xa7\x11\xe2\xbe\x0cU\
\xba^\xbb\x89\xa0\xbe\xcd\xf7\x81`\xa1\xf0\xbd\xa6}1\
E\x80\xce\xf4\x0bZT\x94\x83\x140\xd1\xeaXD\x91\
\xb5f\xee\xd1d\xf6\xc4\x8b>\x0c\xb4\xe6\x5c\xda\x8cQ\
\x89\xdbF\x7f\xa17\x5c\xcfI\xc6\xddX\xec\x0d\xc60\
\x18\x01\xd0;.\x0e?<nY\xd6E\x1e\xec\x0c\xc3\
\xbdJJ\x16\xc2\xfe\x81\xc1\x182~\xd4eb%c\
\x9e\xc1\xe7U\x8e7][\x91\xc3\x1b[\xcc2\xd0m\
\x1b\xd5n\xe8O\xd5n\xabg\x8c\x10\xd0\xf0\xf7\x02N\
\x22\xf9\xd7\xe6\xf6\xdb\xc9\xfa\x13\xc9\xb5Q\xeb(\x15\x92\
\xda<(\xe5{1<\x92\xd0\x80m[w\xa8/\xa4\
\x1d\xde\x97\x1b\xf7]8\x1f]\xbd\xdd\x1c\x0d\xa8\xbcv\
\x95\xfd_\xd7\xe91\xd7^bg\xca\x22\xe4\xd6\xeaX\
\xb8`\x1ez2)\xf1~\x80e\x12\x99xw\x0d\x0e\
Q\xa4\x90\xaa\xda\xda~\xce\x119\xfc\xc4}\xc1\x8d\xb6\
\x03@\xb3Rq\xdb\xab\x95\x87i\xe0\xbe\x00\xbfV\xde\
\xa8Q\x97\x12U\xfcWT\x0aoE\xbcd\xdf\x9dI\
4\x01)O?\xae\xcc\x82\xbb)^\x98\xd6\x0c\xb3\x1f\
\xe3\xb2-\x97N\x8f}nz\xee~\xb3T\x9c\x80\xad\
\xb8\x80\xf4\xb6\xdaa\x00N\xd6,A'N3\xaa\xd3\
\xddd\x85\xb4\x92\xc3\x04\xa6\x88\x91Gu\xdb\xee\x91\x96\
@\x1by\xb5G6\x9d\xb4\xd2\xa9x\x148\x86\x1d4\
\xdc\xac\x002\xcc\xa8\xec\xe8ea\xed\xba\xf5\xe2+\xc3\
-\x9fd}\xb2\x0a,\x9a?\x07/8j9j\xc5\
2\xbb\x07\x8b\x83\xeb\x0b\xb6\x9a\xe3\x92+\xca&_\xfa\
\xcfI\xc0\xab\xd5q\xf6\xe9'\x8b&\x0d\x1f\x03V0\
Z6\x86F\xf2\xd8\xb4i3\x1c\x0a\x19f\x84\x1dA\
\xb5Z\xb1\xacM\x9a\xf8`\xf4\x83B\x86\x9dr\xf6~\
\x0a\xed\xe0\x93Q\x5c@\xc0l\xec\xb5@\xc8\x1aA\x86\
\xdbj\x16V\xf4j\xea\xbdi\xa1_\x98\xc4>\xef\xa9\
\x921\xb2\x0f\x9e\x1em\x943\xcd\xaa;\xe7\x88\xbb'\
1\x02\x10R\xa3\x873-\xcb\xe9\xe7\xb5Q\xb1&f\
\xb1\xe5(\x97\xd5\x0e\x02\x81\xa2\x00>,\xcf4\xddo\
\xb1\x00\x01\xcdi\x9b~y\x0bZQ\x9c\xe6V\x03\xae\
\xa5Z\xedi:\xe2\xb4\x98K'\xf7\x82=\x85\xc6\xd9\
FN\xe6\xef\x03\xc9;\xfc\x08@\xbe\xc8\xec\x97J\xe2\
\xf1UO\xa1T\xa1\xb0_\xb1\x95\x12\x94\xf5\xbb\x1f|\
\xcf[ay5V\x06\x0b\xdb\xbfxJpt\x06\x80\
0\x02\xf1\x10sl\x94\x8aE\xccY0\x13\xaf}\xc5\
\x05\x22/\x00\x07\x0a\x05\xc5\xa8\xa7\xd6\xae\xc7\xe6-\xdb\
\x91\x88'$\x82h=\xf7\xd6\xec\xb8\x04\x7f\x83\xdb\xa2\
!\x11i\xa2}h\x18n\x11Q\xe7/ \xba\xc8\xbf\
\xf5z\x85\x14hf\xa2\x8f\xa8\xcb\x0bp\x7f\x91F\xb7\
\xe8\xf7\xb0\xe7WX?e\xc2\xc4\x9e\x22\x84@;B\
\x0f@\xdb\x7f\x96\xf8\xf6\xdflLr1gN\xda\x83\
}\x9aH\xb7\xac\xb9\x19\xb1\x88zT\x11\x93\xed\x945\
3&\x16%J\xe8{\xfap\x07{2\x91\x90\x1a\xcb\
d\xd6dB\xb6J+\x00L!\xb2\xfd\xd4\x22\x0f\xd7\
\x1ej\x87#\xd3L\x9b)\xc3\x0cOn\xa2\xf0\xa9T\
\x0a\xeb\xd7?\x83'V\xad\x11\xca;\xf2\xda\x93\x94\x88\
\x1c\x85\xe8\xef\xd3O>\x1e\x1f\xba\xf4\x12\x14vl\x13\
\xb9\x01\x18^(W\x02\x99\x05\x8dq3ewPw\
\x81Z9\x8f+/\xff8\xfa\xa7N\x91\xfe\x05\xfeZ\
(s\xe3\xbf\xee\xb8\x0b\x8dB\x091\xf6\x04l\x06\x96\
VJ\xab&n@<\xae\x91\xad\xd0@(\x07%\xd3\
L\xa8\xb8\x94 P\x08\xf1C\xe9\x18\xdcI\xed\x83\x17\
\xda\xe0v\x5cYT\x1a\xef\xe8n&\x88\x95\xef\xf0\x8a\
\x14\xb9#{\xeb\xac\x1d\xb9\xbe\x1c?\xea\xc29&7\
c1\x11{F\x00\x88W{\xf7\xb5<\x1c\xe8+\x81\
\xc2r{\xb4\x1f\xd2d\x98\x9d\xce\xd8d\xb5\xc8\x134\
l\x06\x0eu\xc8>\xb5\xee_\xccV!\xbc\xa0\xdc\x8a\
\xbd~E\xca\xfa\xa11F\x01\x0f\xbf\x17\x18\x1c\x85\xf5\
\xda\xa8\x15J\xf8\xf3\xd5\xd7I.A1\xf3\xbe\xe5\x80\
\xde\xff\xd2g>\x88W\x9f\x7f8\xf2\x83\x9b\xd8qG\
!\x08\xaa5Co\x91\xcf\x00\xec\x18\x8a\xd5*\xdc\xf2\
6|\xe1C\xaf\xc4E/9\x9b\x1d\x80\x04g\xe1w\
L\xefUju\xfc\xf5\xda\x1ba\xb1\x03\x92\xc4\x9ea\
`\xda]dh\xa8\x97L9Y\xa4 \x0b\x89\x15\x06\
\xd10\xa4\xf1\x96\xd7\x9e\x83\xa5\x15!\xbe\x18\xdc\x8d\x1c\
y\xdb\xfc\x03-\xae\xdd\x96\xfd'\xf1\x1a\xd7\xe5b\xd9\
\xd1\x99\xe9\x22u\xa4\xb8G\xff\xc4\xecc-\xdb\xeac\
\x09Q\xf0\x0c\xfc\x82b'\x05^6\xc8o\x1b\x11\xbb\
\x89\x16\x18\x1a\xfd\x89X\xf1@\x1b\x01\x96\xac\x8d\xa2\xb1\
\x05\xd5\x8cz\x8e\x11YX\x1fD\x1b&\x15\x1fV\x9b\
1h9/<d\xe3\x0c4\x89H\x01\xe3\xb1\xe1\xdf\
\xaf\x9e7e\xd06\x88,l\xf7\x15\x7fX \xaf\xde\
x\xcfT\xfc\xf6\x8f\xd7`\xdb\xaeA\xa1\xbc\xe3\x5c\xff\
\xea=\xe9\xbf_\x1b\xc3\xa5/?\x10\x9fy\xe3\xc1\x98\
\xdf[B9\xbf\x0b\x85\xfc(\x0a\xf9q\x14\x0b\xe3(\
\x8c\x0d\xa3Q\x1a\xc4\x91\xfb\xd8\xf8\xe6{\x8f\xc6\xabN\
[\xc4\xebE\x1e~&\xd4\x91\xab0!\x8b\x1bn\xbe\
\x0d\x8f=\xfa\x04R]\xddhH\x8e \xa8\x85\x96k\
m \x22=\x9b\x00\x17\xe7?\xed\x0fZd\x99e+\
\x87\xd4\xaa\x09\xe4\xecs\xa4-\xc5\xaf\x00\x03\x17\xb1\x1b\
\x06\xc5jrFC\xa0\xb1\xe6\xf5Wf\xd8\xe6\xa7%\
\xd5o\x7fN\x9b\xc6\x1ab\xcf\xcd\xfbm\xc5\xc4\xce$\
\x93\xc8\xbe$\xf5\xf1\xa8\xca\x98e\xe1d\xc8\x14\xc2\xb0\
=\xeb\x18f\x0e\x84\x8a\x99\xf3\xcdp\xe7\xc6\xbfM\xfa\
EQ\xbcP\xecQ\x0b\x00\x98\x9ccL\xf0 5\xb1\
gb\x16Ri\x15\xe4\x00:\xe9C\x9c\xa7Pd\x85\
l\xc8\xd7\x08\xfbi\x9f\x9a\xb7\xb8\x19\xdd\x9a\xb2\xab\xfe\
;\x80\xb8\xfcC\xa9\x19\xd9V\xf3k\xc7&\x9bV\x17\
Ch\xa6\x95H\xa53\xd8\xbeu\x17\xae\xf8\xf6\x8f\xf1\
\xb5\xcf\x7f\x8cCv\x85\xe7\x9e\x9fY\xd8u+(\x8d\
n\xc1\x8b\x8f\x99\x86\xe3\x0f\x9e\x81\x07\xd7\xec\xc4\xaag\
\x8718Z\x86\xed8\x981%\x8d\xe5K\xfap\xc4\
\xfe\xfd\xb0\xab\xa3\xc8\x8f\xec0\xd6UZ\x0a8\x0f \
8\x9f\xc0\x97\xaf\xf8\x1e\xec$E\x14\xc6|\xb6\xdb\xdc\
'\xb9\x92:]\x97\xa2\xd4\x81\x8dS\xa9Z\x82\xebn\
\xb6B\xffj\xfe\xc3@\x22\x22\x9a0\xd8a\xd4\x9ai\
\xeb\xaf^-\xff\xefp`\x97g\xbcK\xe7!\x10\xa6\
m\x9c9\x7fd\xc1\x01\x04\x91zhp\xa1wL\xd6\
\xbe\x95\xa8d\x85\xdc\xf0Zy?N\x18\x19\x18\x16\xb7\
9\xb2\x87}A\x88\x03\xb0c\x98sL\xdakT\x96\
\x8b:\x06\x0aML\xc0\x7f\x9b\x1d\x84\xa8d\xab\xb7[\
\xd97\xcd\x04z\x0a\x10\xc3\x14\xd2\x97\xfd\xfd\xe5\xa7{\
\x9c\x9b\xb6C\x1e(\xd2oZNGU\xa2\xe1\x94\xda\
\x93\xe0\xa9\x04R0\xa1[\xfd\xa3\xe6!\x99\xd7V\xdc\
\xd2$xR\xdd\x8d,\x0e\xa5\x02S\x88\xe2g\xa7\xf4\
\xe3\xbb?\xfe-\xce?\xe7E8\xee\xe8\xc39)\x08\
k\xe7\xe5[\x84\xdb\x89r\x17\xf3\xa3\xe8N$q\xe6\
\xe1=8\xf3\x88>r$\x94\xb6 \xf2\xf7\xaf\xa1Q\
\x1cD\xb1RBR\xa8\xe1\x02\xf55\xeb\x8d:\xe2\xf1\
8\xbe\xf0\xf5o\xe1\xc1\x07W\x22;u\x00.{\x01\
F\x0dR\xd9\xa1\xfd$0zy\xcc\x13$7@\x12\
&\xf9\x8ef\xf8\xf5>k\x93\xa5\xa2\xbf\xadb=B\
\x08\xc6\x17\x9e\xfc\xf6\x03\x8f{Qm\xc8\xd4\xec\xc6a\
\x0e\xe3uc\xf0\xfexdU\x9c&_\xfc\xc0\xe0&\
\x99p6\xa2)\x1d\xeb\xd2\xc61\xae\xdd\xc5\xcb\xe9\xb9\
\x14)\xbaoO\xcf\xfcn;\x8d\xb1\x83a\xb9\x0b}\
\xd0\x0b\xd2\xfd\xc8K\xbb\x926?7YIFx\xa3\
\xcb\xf6\x22\x00?l\xae\xd1\x13\xd1\x87\xb3\xc3U\x88x\
,\x80W\x14\x9f9\xc96\xc2l\xa7Ta\x05\xbel\
\xe5\xc7>\x99\xfd\xd3\xb8\x85\xd6\x84U9\xb27\x91\x98\
\x19u/\x8e7\xbc\xed\x03\xd8\xbcm\x07\xa7\xf9\xaaW\
\xa9\x98\x87\xd1\x07#\x01Qp\xbaT,\xa3<\x9eG\
\xb94\x8erq\x1c\xe3\xf9q\x94K5\xb8V\x8c\xbd\
?\x05QW2\xb6\x87j\xad\xc6\xc0\x7f\xddM\xb7\xe1\
\x0b_\xfd>2}S\xd8\x058\xcc))\x91\x83\xaf\
p\x92P\xe5\xd0\xa4\x9a\xd6_H\x9b\xbcF\x12\x0a\xb9\
I\xcb\x90\xb2\x8f\x9bg+J$2n4\xc7\x0e4\
\x9f\xad\xe6\x05\xb6\xf4:7\xd1\xc1\x16\x08'0w\xc9\
\xe5t\xb2\xa7-\x1d\xdd\xa2\x9em\x95\x04g\xb7/1\
9\x0b\xd6\xb4J:s\x88\x0d\xd7\x99a[vW\x98\
?\x8e<\xeb\x8ad\x1a\xca\x18i=\x9a\xf0\x8a\x94\xd5\
I\xd6\x0bE\x89i\x7fts\xfd[l^\xd8\xd4\xe3\
O\xb15\xbe\x0e\x87\x0b\x87\x830\xda\xcd%\x92\x811\
\xeei7Y9`\xcaHk\x1e\xc60\xe6\xee\x14Y\
\x8a6\x14\xf4\x87\xd8J\xb2\xee6\x5c\xa43\x19<\xb3\
q'^\xfc\xf27b\xe3\xa6m\x88'\xe2\xa8\xd5j\
\xbe\x9eLV\xf6\xf1l\x8f\xdd|9\xaa\xcfq`\xc5\
b\x9c\x0f\x90\x83|tim\x19\x1e\xcce\xc3\xeaH\
\xc4\xe3\xb8\xf9\x8e\xbb\xf0\xda7_\x8aX:\xeb'r\
\x0e\x89m\x9azj\x5c\x15!\x897\xc9W\x22\x12Q\
\xa3M\xb9\xf9,>H\xfd\x82:\x0bB\xe44\xea\x18\
\x98{\xe0E\xc4W\xe8\xf6\xd5>\xfb\xf7\xf5o/\xd8\
\x96\xb9\xb4\xe6\x98\x83~\x00F\xa5`\x83S\x09\xbf\xd7\
\xea\xea,F\xc4?\x97\x9a\x19i\x97T\xb5\x83\xcb\x9f\
\xa3\xebZ\x8e\x95\x84\xed\xcc\xb0=\xc4\x16\xf3\x82\xc9\x03\
\x16n\xd7\x9c\xb6I\x8d91\xa5\xda\xac\xdd\xc6HF\
 \x8c\xd9\x9f\x998\xb8\x83H\xb0&.$\x10@\xa1\
X\xccf\xc5P\x94#H\xf8\x80\x98\xecj\x00\xe3\xab\
\xdb\xa1\x9b>\xee\xa1\x0f\xa2\xbc\xae\x0a\xe2\x09o^G\
\x0a#\x8d4T\x16`U\x80\xd1\x9f+}\xdf\xa8U\
\x91\xeb\xca\xe1\x91G\xd7\xe0\xd4\xb3/\xc2\x83\x8f=\x81\
d2\xc9\xe3Qi\xbb\xb8\x86\x8cL(J\x94^\x94\
d\x11\xe1\xbd\x82\xa3\xa0\xc4O\xc4\x1ez\xa87\x88\xea\
;\x88'\x12\xf8\xd9o\xfe\x84\xf3_\xfe&\x94\xeb\xb6\
\x08,\xe2\xc2\xa1>U\xf6\xdax\x5c\x0a\xe0\x16\xeb\xe1\
##c\xee\xf2\xdc\xa9\xbfUjK\x93\xf2\x93\x88\xc6\
b\x9aI\x89C\x9d\x0b]\x83\xb9O\x061Sk\x15\
b\xdb\xe9\xd2\x5c\x86\xa1<\xf5\x91\x82/|\x04\x0fY\
\x18\xf1\x99w\xd5\xa7\xc9Ch\x08\xc5\xf8mF\x14\xb0\
i\x1f\xa6\xd7\xe22\xf4vb\xcd\xad\x03m\xdbr\x17\
K\xd0W\xb9z\x82\x14\xcb\x98\x99\xb8\xaf\xf2\xab\xfbb\
@x\x12\xe6\xa7(g!3rO\x1dp\xff\x9e\x81\
h\xc2\x14\xb3\x03\xb9\xc7\xa4\x06\x22~^A\xb5\x9f\x86\
Q\xb7mn\x99\xd9v8\xe7\x9c\xf6\x05W\xed\xca\x94\
[\x11?>\x8f+\xd9N\x1d,\x13q\x19\x893\xda\
OHq\x00\xfa$\x07\x04aQ\x86\xdaC\x9d\x90@\
o/\x9e~~;^t\xeek\xf0\xad\x1f\xfd\x02\xb5\
Z\x1d\xa9\xdc\x14F\xf0F\x1aJ9W\xe9\x08j8\
\x8e\x13\x1cPZ\xb1\x98\x93\xc6\x96\xed\x83x\xc7\xa5\x9f\
\xc0%\xef\xfa\x18\xdcX\x96\xb9\x0a\xb2\x04\x88\x93\xe2E\
\xcfCS.?\xd0\x94\xd2\x8b\xaa\xb3cRK\xdf\xdb\
Op\x1c\xea\x19Sz7\x110#\x03\xb5$\xf2K\
\xdf\xd6\xe0?/d\xf8\xa0I\xb7\xe5\xb9\xf14\xdfo\
LA\xb5*\x11\x90\xba+\xcfk\x00\xf0\xd5\xdfn\xb3\
\xac6\x11W\xe0\x8f\xc9\xb7\x22\xe8\xf6\x94H\xa1\xd6(\
\xac\x1fk1\x9dV\xf3U\x1c\x84\x8f|\x09\xd57\xf6\
\xb7\x92\xb3\x97\xfd\xd2\xb6bo\xb0\x5c\x972Hq\xd6\
\xdf\xc8F\x88\x1dS\x1b\x1d\xc2|\x9d_\xea\x10\x8bU\
\x0f+\xf942\xd8-\xfc\x19\x96\x8fd-yI\x85\
\xd4\xc0#]A#\xea\xbc\xf1\xed@\x10\x8e8\x0a\x9a\
\x0d\x0d%\x8d4^j.G\xb6\xa7r\x9b)\xa6\x04\
\x12k\xda\xa2F\x1f;\xf5\xf8Z\x19\xaa\x07@)\xc0\
\xcb\xf9Q\x1c~\xc42|\xf4\x9d\x17bV\xedn\xa0\
\xb0\x05v\x8c\xd2\x85\xcbf\xe9}\x1e\x98R\xf8yh\
\xd4\xcb\xb0\xa6,\xc7}\x9b\x06\xf0\xad\x1f\xfc\x1a\x9b\x9f\
\xdf\x8aL\xff\x0cq\x00\xd9\xd1\xc8_\xb3\xf09\xd0t\
S\x9aC\x94<-(\xaa\x80\x90\x06+Z\x9b\xd7.\
,\x16Ym\xd6M\x1d\xe0\xa8\x8c\xc3\xec,E\xe7T\
J\xb4\xca\x80\xdd\xb6\xd0\xac\xe5[\x97\xfc(\x1f\xe19\
\xa9\xef\x9b\x0ag\xab\x85\xc2p7\xcf\xadyV\xf5<\
\xbc\xf0~\xd3\xd9\xf3\xf37\x84\xc7\x1e57\xa5,\xf6\
\x93\xb2\x8aF\xd9\xc0`\xd9\xb6\xeb\xd5\xae\xb1m\xd8S\
\xd5\xc05\x960\x07\x11`\xabB\xf3\x0f\x8d&\xb8Y\
\xe6I1\xd3i\x9b\xdf\xa9\x17Cl\xb1\x99\xe3\xadM\
\xed\x81 \xcb\xa5\xfa\xb7\x9aR\x93\x85_\x08s\x14\x01\
n\xd4l_n>\xd3I\xa9\xe5\xa5\xc0J\xf2\xab'\
\x9b\xbb9o>h\x92\xe2\x87\x87:\x19\xe07\xd7A\
\xcf\xdbP\xac\xf9Zq\x09\x00\x14\x04\xa4\x5cWy\x8c\
\x94\xfd\xc5e\x87\x9d\xdc\xd4ixx\xc5Sx\xe3\xdb\
?\x88\x1dC\xa3H$\x92\xbe\xaaG\x8fIf\x06b\
\xe5\xb0\x8b\xae\xee\x1e\xdc~\xe7\x03\xf8\xf0\xfb?\x89m\
#yd\xfb\xfb\xb9L8\xfb\x8f\x04Hj\xe8\xb3\xda\
7\xed1\xe7S\x1c\xb5>\xf4\xc1`lC\xfb&\xe7\
\xddB\xbc\xd2\xf7\xd5A\x959\x1cx\xc6\x8e\x0d\xc7\x89\
\xc9\x8aE\x92~k\xa5^3;\xde,\xdeyM\xa3\
\x12\x9c\xa3t\x86\xd7H]\xb6\x1b|P\x8b9\x9d\x02\
\x7f3G\x1c\x01\xfc\xe15ni\xfa\xf0\x91 \x1f\x07\
\xf3\xb8\x1b\xecppM\xd4\xfc\xed\xbe\x98\xe5y3$\
&\x0d\x122m\xd4\x962g\x94\x0fw(e\xb2\xdf\
@\xf8t\xa8g%ph\xe0\xf11\xaa88!\xbb\
\xb9\x89\xa9#&o\xd0\xf5\x00R\x12\xe5\x9c\xcc~1\
\xa9\xcbg1\x83\xca\x1e\xaa\xc0S*\x95\xe1\xd6* \
g\x0a\x0a\x95%\x8a\xa3\xec\xd2~!\xaf \x0f\xa3Y\
\xaf\xceG\x10\x98t\xd4\xf8\x95\x18\xe6#\x04\x13`\xc4\
\xa0\x1b\xf5*R\xb9\x0c\xba\xe3\xe4\xfaK^|\x16,\
\xaa\xec\xcbg\xde\xe4Yi\xcc\x82\xba\xd36\xdb\xb18\
bS\xfa\x91H\xa6Y\x09(JT\x8b\xd4R\xea\x9d\
f>\xc78\x132\xf9\x90/OJ\x04\xc3\xc0Cc\
\x09\x85#\xf3\x90\xd5Yh\xb1Jz\x13|\xff\x04B\
\xca$\x92\x14\x0b\x05\xee8\x91\xce\xb0\x98\xe2R\xf4\xa2\
\x5c\x03s\xed\x95\x1e5\x84\x7f `Cfu6\xce\
0\xaf\x89\x8cs \xe4\x22\x94\x8b\xa2@\xa7\xc6\x07\x92\
P\x98Si\xc7\xc1Fi\xf3}8\x0a9\xaa\x19\x96\
1-R\xb6Z\x17\xa3\xef\xa6K\x9aW\x8d\xb6\xc5\x1d\
\xaf1+\xe6\xc1\xebW\x93\x11\x0f\xf9\x89#\x84\xfc\x11\
\x8d=\x9b\xfe\xd6lP\xabU\xa6\x05\x14\xdf\x0b\x00\xf3\
];}\xdfi\x9f\x9d\x09\xb0\x84\xad\xfc\xf2\x0d\xa5\x98\
\xbf\x98\x06\xe0\xf3|T\x8e|\x93u\x0e\xcd\xc3`\xe1\
\xf4\xbb\x92{\xd0)3l\x07\x85\xfc\x10\x8eX\x9c\xc3\
\x19\xc7,\xc5\xbaMC\xb8\xfe\xee\xcd\xb0\xe2}\xb2\x09\
\xc9\xf6*\x96\xcc<\x10&w\xd3\xe2\x10\x98\xdf\x9b'\
\x93\x0e\x9c\xf8N\x02*cyQ\xf0#\xb0\xda\xda\x9f\
Ay\xcf\x09\x9d~\xc3s\xd1\xa0\xc2\xa1\x9c\xeaK\xe4\
\xff\xd3\xbd\x18q\xed~\x1c\x96\xe0d\x88\x8b\x905\x95\
\x82\xf8\xc84\xc1\x99\xeb&\x9be\x14az\xfei\x8e\
H\xca\xd0\xa68\xa6r\x11\xcaw\xd4|\xd4\xf3f\xc3\
*\xc1\xac\xdak\xb2b\x90\x95\xa3/U\xc4\x9b\xce\x5c\
\xc4&\xcek\xff\xfd\x0c6\x8d\xc4\x90\xc9d\x19\x09\x18\
\x87\xa4\xe98\x9al\xbb\xa5\x90\x8a*)\xc60\x10J\
\x17\xc7\x92\x92\xac\xce\xab\xb3T\xfb\x9c\x9f\x12\xa1\xfce\
\x8a\xb6\xf17!s3\xeaQ\x13\xc8\xe0\xf3>\xb2l\
M\xc9\xc2\xe7\xc8\xfc[p_\xd2-\xcb2\xec.\x96\
3\x10\xf3,'\xcdN@\xc2E(\x90\xae=L\xe1\
#'\xa0\xbf0fd\x0c\xca\xac\xda\xa2e\x9a&\x1e\
\xc8\x5c\xbaf`oI9C\x85 \xc22=o\xa4\
\x8cm0\xcfA\xf8\xf0j\x93\x8b*\x06)\xf3\xeaC\
RM\x92\x93\xcb\xe3\xbb\xf0\xca\x93g\xe3]\x17,E\
W\xbc\x08;9\x0b\x03\xdd)\xfc\xe0\xbag\x90\xcaM\
%r\xab\x8bd\x92\x5c\xce\x00\xdaF\xf6\xb7\xa2\x80H\
\xaf}\xf8\xe4\xf9k&R<IY\x9c\xf7U\x8a&\
\x0a\x19r\x82N\x15\xbbN\xa64[\xe8\xf6\x95\xef\x86\
L\xf8\xa1#\x01\xcd\x03&\x17\x82\xd1\x04\x99\x08\xed\x18\
l\xaf\xa1\xb9\x0c!\x12\x89\x5cD\x819\xc8?\xb4\xd7\
\x9f\x0f\x1d\x06w&\xd2\x86\xfb.\xb5\xd1U\xa5\x9b\xc4\
:\x7f\x05\xe4m\xd2q\xd8\xa0\xacg\x19'\x8f\xcf\xbd\
\xf9h\x9c\xb0\xb4\x8b\xad\x16\xa7\x1c:\x13\xff\xf3\xf3\xfb\
\xb1\xe2\xb9\x11ds}p\x1b\xf5\xa6\x91j\xab\x0a\xe7\
\xc8\x81\xeeJY\x11\xb4\xd4\xc8\x1bi\xb2\xff25\xbb\
\xe2\xf4\x0c\xcc)\x96\x8f\x92\xa8H\xf5C\x1b\x07\x1f}\
\x06\x9b\xf6\x5cv\x11J\xe4\x11\xe0\xea\xc2m)\xc2\x1d\
A\xc0\xcc\xb3\xa3xS\x9fuQ\xa7\xccJ\xc7,\xb8\
\x1c\x12b\x02G\x04|*\xae2\xd8n\x1bL\x17I\
\xf9B\xca\x0e\xf3A~F&\x9a\xd0\xb2\xae\xe1/\xae\
7%\xa2\x8f\x00\xb63\xd3\xd2i\x84\xa3\xc6j\x8a\x19\
\xfe\xaa\xa9x6M\x8d\xa4\xc6\x9cL^\x95Z\x15)\
\x8c\xe1\xc3\xaf\x5c\x8a\x0bO\x9a\x83Za\x08\xe3%J\
\xb0Q\xc0\xc5g\xef\x8b\x0d\xdb\xf2\xb8\xee\x81!tu\
\xf5p~}\xddgh\x9d\x82\x1bc|\x1f\x11#\xa0\
\xc3k\xb5b\xca\x7f\x818\x02EeU\x98\x1e=\xde\
\xa858\xe57g\xf0u+\xa0@\x01\x8bX~^\
\x8f2\xbcF\x83\x91\x00\xc7\xee\x8bS*\xcf\xb8\x11M\
\xc7\xdf\xbb@\xa3\x8aXm\x0c\x8d\x8a\x87\x12\x05\x0f\xb1\
_l\x0c\xe0\x1a\x821\xae5\xc0\xb5\x04\xc9\xa7\xc0\x8f\
4\x93\x13P\xfc\xbf/\x8a\xf9\x9c\x8f\xa9\xb0j#\x97\
\x19\x98\xc5\xf7\xd2\xf4E\x1d\x12!\xdd\xe2.|\xe0\x0d\
\xcbq\xec~]\x18\xda\xb9\x93\xd3\x98\xcd\xedI\xe3\x8a\
w\x1f\x87o\xfd\xe5q\xfc\xed\xde\xed\xc8\xe4\xa6\x8a\xa6\
Tm\x03\xc9f\xabCnY\xb6\x5c\x0fs_h]\
\x04\xa5\xd7HJ\x03E\xb0d\xb7\xdc,\xe1M\xc9I\
\x95\xcd\xb3\x15}\x99\xf0e\xa2x\x9f\x08\x05\xef\xb5\xbb\
\x02\x0a\xd9\xf0\x12r\xbe\x18\x19V\xac\x08\xa1v)\x17\
\x15\x04\x99\xdc\xa5g\x1d:\x0c\xa0\xd7o\xc8/\xe5\x14\
npB\x13\x9c\xa1\x15m%\xaf\x048oC\xe3\xaf\
\x18@q \x83\x08@!\x85\xa8&\xc3:\x88Ik\
\xdbC\xb2\xa5\xc2\xf7t\xc0K\x85q\xcc\xec\xaa\xe2c\
\x17\x1f\x8e\x13\x96\xf6`<?\xc4\xa2\x00\x91x\xda\xf6\
\xb8\x13\xc3\xb8\xd7\x83K\xbf}\x17Vm\xb6\x90I\xa6\
d\xde\xfd\xd0\x18\xa5\xdd6\xd2\x02\xa1\xc6`\xccA<\
\xe3\xcb\xd9\x02/\xa9\x84\x1d@\xad\xe1r\xe9\xefF\x95\
\xd2\x81\xd5\x91p\x1a\xe8\xcd\xda\x98\xda\x9b\xc6@o\x16\
3\xfa\x92\x18\x98\x92\xc2\xb4\xde\x14z2\x0ezS6\
\xf6\x19\x88!\x11k\xc0%O?O\xc4\xf7\x0bvZ\
\xca\xe4r\x18\xb6\xe5\x22_\xb6\xb0e\x98~708\
V\xc1\x8e\xa12\xb6\xec*b\xebp\x09;\x86\x8a\x18\
\x1e\xabc\xacJJ\xc3\x18(y4\xd5'\x8c\xc7b\
\x12\x00\x84c\x12\x83\x85\x96iM\x1anPb\xff+\
c\xa5\x82\x1c\x9d\xaf\xb0\x13z\x03\xc7\x8e\xa10>\x88\
7\xbeh>\xdes\xc1\x12\x8c\x8f\xed\xe0x\x06\xc1\xba\
\x88\xd2ev\xaa\x0f?\xbfa\x1d~r\xddZ\xc4\xd2\
S\xf8{\x0ekf\xd6Lm\xb7\xc6\xb6R'\xe5\x8f\
K\xe6(\x12\xf7\xc3\x9a\xff\xa6-3>\xb5s\xeb5\
\xe7\xab\xf21\x06D\xab\xe69wr\xb5\x17\x0c\xc4%\
\xaa:j7/C\x07\xe3\xd6\x08\x01\x8cZ@w\x98\
:5\x8d\xc1d\x99\xdb\xb1\xe5\x1d\x98\xe7\xc2\xec\x18\x01\
\x87-\xf3\x94\xd2g\x8a\x04#9\xd74\xf7\xb4S\xe4\
\x05\x0f\x8aA\xf5#X\xaa\xe0\x08\x22\xe4X\x96/\x81\
\xe2\xe80\x0eY\x90\xc0'/>\x12\x0b\x07\x80r1\
\x0f\xdb\x89\x0b\xe7\x19\x09\x90\x947/\x93N\xe3\x99\xe1\
8.\xbd\xf2Nl/e\x19)4\x05\xef\xb4\x1a\xab\
\xd7B\x91j\x1cz\x92u\x1b\x0d\x0f\x95Z\x0dn\xbd\
\x8c\x98\xdd@_\xce\xc1\xfc\xe9\x19,\x9e\x9d\xc3\xfc\x19\
\x19\xcc\x9b\x9e\xc3\xcc)I\xbe\x9fN8H8T$\
\x84\x1c\x7f\x5c\x01\x8c\x8d\x06\x07\xf1\x08\x0d\xb1eZ\xb6\
\xb9C\xc1q(\xdf\x06b\xb1\x89\xd8\x13p;lR\
\xa4!\x91\x8d\xb8Z\x07\xc6\xcb5\x0c\x8e\xb9\xd84X\
\xc6\x86\xad\xe3xzK\x1e\xeb7\x17\xb0m\xa8\x8a\xf1\
\x0aQ\xd3\x18\x92\xb1$bIZ+i:\xa4\xcex\
\x7f}\xea\xef\x1f\xc2\x16\x97\x12a\x8c\x84-\xa4\x9c,\
\x94\xc6p\xc6\xb2.|\xee\xcdG\xc0-\x0e\xa2\xc1T\
\xce\xdfP\xc1\xe54\x90\xce\xf5\xe1\xc6\x07\xb6\xe3\x8a?\
<\x86\xb1F\x0e\x99T\x86\xf5!\xe2Lp`,\x14\
\xe7\xa3\xf6S|'\x09\x90\xa4\x9e>7\xe6\xdf\x8b\xda\
\x5c\xc5A\xb5\x93\xfd\xdb\xcd\xb7\x1dQ\x90\x9b%\xd9\xc4\
I$\xc3\x08\x9f\xff\xa6\xf3H\x08`\xe6\xa1y\xd8\xc8\
E}\x1f\xa5AW\xca&_\x1b\xdb\x09\x0e\x8aRL\
HQ\xb1\x85Mvw\xae\x00k\xd5r\x8d\xcc\xe2\x18\
\xbe\x92\x8b\xb3\xa5I\xd9\xb8\x94\xdf\x8e\xb3\x8f\x1a\xc0\xfb\
_\xb5\x0c9\xa7\xc8\x15x\x88\xb2\x88\x03I\xa1\x94\x12\
\x80,\xaa\xa6\xd3@Ww\x17\xfe\xf5x\x01\x1f\xfd\xc9\
\x0a\xd8\xf1\x1e\x19M&5\xde\x92qU\x1c\x80\xb9Z\
QJA\xe5\x95Gn\xb8e\xa2\xf0\xf52\xb2I\x0f\
\xf3\xa7\xa7\xb1lQ\x1f\x96\xed\xdb\x87%s\xbb1\xd0\
\x97\xe6\xfb\x96[c\xab\x049\xfc\xd4\x19\xe0\xc5\x1a\x8a\
e\xf4\xad-\xcaD&\xbc\x13\x15\xf0\xcb\x852]\xaa\
\x95\x08\xa3\xc4\x12\xc9\x0e\xab\xf9Rz\x80X,\xce5\
\x01)uX\xdds0Rh\xe0\xf9\xed\x05\xac\xdc0\
\x86\xc7\xd6\x0f\xe1\xa9\xe7F\xb0y\x84\xc6\x93@,\x91\
\x10\xd5\x86\xa8\x01\xb7\x11\xc8\x1e$\xba\x97\xfd\xabN\x02\
\x0e5\x06Kl\x03\xb5z\x1ds\xfbj\xf8\xe1\x07N\
@o|\x0c\xb5\x9a\x12\xba\xa5\x19\x94\x91\x8c\x0b\xcf%\
\x1dA\x0d\xd9\xeen<\xfal\x05_\xfc\xc5\x03xv\
\x97\x83\x1c\x89i*|Y)y=.zm\xd85\
|\xef7\xf6\x8d\xe4b\xab\x06\xb7\xa0\xe56\xf5\xd1\xe7\
\x1e\x02\x99\x91B\xb6ys\x9f\x959T\xeb\xc2\xa2(\
\xaa\x06\x10c!\xd4ZD \x99v\x9cpS\xff\xfa\
rkVj\xf6a\xe3\x16\xbcl\xf8+\xfd\xb2\xda$\
\xadX\x0a~\x17F\x01\xad\x81P\xb2I\x92\x9ak\xcc\
\xab\x9d\x5c$\x0bn\xf8\x93\xf3~\x862\x0cG^\x11\
T\xbcy\x1e\xc6\x09\xd3\x1a~5\x062)Q\xe9\xec\
*P\x1e\xc4\x9b\xceY\x82\x8b\xcfX\x04\xb7:\x8c\x9a\
K\xd4\xd4Td\xc9\xd6\xe8\x1eSM\x8a\xcb\xaf\xc3J\
\xf7\xe3mW<\x84\xd5\x9b\xea\x9c.\xbb\xa14\xdeR\
F\x0e\xe6\xcd\xf1\x15\x05*\xd1\x85m9<\xdfr\xa5\
\x0a\xb7ZD6\xe5\xe1\x80yY\x1c\xb3\xb4\x1f\xcb\xf7\
\xeb\xc7\xa2\x19)\xf4\xa6\xe9\xdd:{\xfc\x11W@\x87\
\x99Ls*\x9b\x92\xca\xe3\x1a\x08\xca\xe1:\x01\xe2\xb7\
\xca\x16$x\x00\x9f\xed\xd7JA\xc9\x0dX\xc6)\x12\
\x0e\xc2&\xd0\x08\xf1G(\xcd\x84K\xb0c{,\x02\
8\xf1$\xea\x88c\xc7X\x1dO<3\x82\x87\xd7\xec\
\xc4\xc3O\x0dc\xe3\x8e2jn\x0c\xf1d\x16\x09J\
%\x0e\x95\xc0\xd4\xd7\x19\x06\xb6\xd7\xd4\xe1\xc8\xed\x22[\
\xffx>\x8f7\x9e\xb5\x00\x97^0\x17\xa3\xa3C\x88\
;q\x06PFQl^\x143R\xfe\x1f\xe4\x0c\x95\
\xc9\xa4\xb0}<\x81\xaf\xfdv\x05\xee|b\x04\xd9\x9e\
~\xa9\xa6\xa0=\xf4\x81V\xf8\xfc\xf8\xba\x17qN\x8d\
\x13.M\xd5t\x168\x09\x8a\x92\xf7\xd5qRv\x17\
\xc9\xcd\xb6u<\xf2u\xa1\x13\xb0\xfb\x1a\x0a\x02\x86\xd7\
(x\x13\xb0e\xbcip\xc1&l\x18\xcc\x0e\xb5]\
\x8f\xe90\x8c\x16\x8313\xbe6\xc5\xde\x9b\x9c\x89l\
\xb85\xab\xe3\xb3\xfdj\x12ZY\xc4\xff\x18X\xd4\xa8\
u\xeeE\x88\x00M\x07&\xd0\x9f\x02\xb7`\x07\x02Q\
\x9b\x18Zm\x029\x92\xc4Q,\x150-5\x8e\x0f\
\xbe\xe1h\x9c\xb2\xac\x0f\xe5\xf1AxV\x8c\xc3h\xd9\
\x14'\xed\xe7\x02\x09\xf8&L\x92-3\xa9\x14v\x94\
=\x8c\x8cW9\x0c7<?\x89c\x027\xd5FP\
\xdfD\xd9\x8a\xa5<\x12v\x15Kg\xa5\xf1\x82C\xe6\
\xe2\xd8\x03\x07\xb0\xef\xac,2\xf1\x06\xcb\xfb\xb5\xea\x18\
\xf2yz\xc9\x16\xceH\x1c\x11(\xc1\x98N\xb2Z#\
\x95\xcfE\xb1\xb8\xf4\x18\x89\xfd\xae\xb0\x1e\x04\x16\x8e\xc5\
-\xe2V\xe8\x14\x0b[\xbf\x98\x97Jk\xa5b\x04L\
\xaa-\x22\x08\x04\xd7D\xc8\x87\x22\x11=\xd4+.P\
.\xf0cS\x126N;$\x8bS\x96\xf5b(\xef\
q\xee\x81\xff<\xb1\x13\x0f\xae\x19\xc2\xe6\xa1\x1a\x10\xcb\
!\x95\x12q\x0ah(\x8f\x7f\xd3|*m\x0d\x0ch\
\xd2\xb9\xc7\xa2\x0cHq\xec\x18\xa9\xc0s\xd2\x88\xd9\x8e\
\xa0\xce\xf2\xcc)>\xc5\x8c\xe4#\x85e\xa9T\xc1\xb4\
T\x1d_z\xc71\xf8\xd1\xb5k\xf0\xbb[\x9fE\x22\
3]\xea\x05\x1a\x823bQ@\x95K7DT\xe5\
\x9f\x12\x15\xb3\xaf\xccj\xdaP\xec#\xfb\xd6Zy\x7f\
\xdd;\x13\xa3\xc3\x94-\xfc\xa95\x02\xd1JE\x13\xd1\
(\xee\xda\xf0t\xb4\xd2\xb3\x97\xe7\x01\x8bE\x80\xf0\xa5\
\x92Qj\xbb\xbd\xe6{&\x88h\xf2\x11iG\xca\x82\
@R\x04s\xe2r\x83\x99\xde\x84}\xbb\x8d\xdf\x81m\
\xd3}*\x0a\xadp\xb3\xe0#\xb5X#\xf3\x09\x10\x00\
\x8e\x8f\x8f`\xe9l\x0b\x9f\xba\xf8(\xec7\xd3\xc2\xd8\
\xe8\x08\x1f\x1e\xd5\x9e8T>{Hy\x15E\x83.\
2\x99.\xec\x1cO\xe1\x0b\xbf~\x04w\xaf)#\x95\
\xcc\xc8\xc0\x12\xdf=\x97\xe5]\xcdb\x0b3\x16\x8d\x85\
\xe4\xfaz\xa5\x84\xe9\xdd\xc0\xb1\x07M\xc3\xa9G\xcc\xc6\
\xc1\x0b2\xe8J\x01\xf5j\x05\x15\xe2\x06\xb8\x1f\x1b\x8e\
M\xc1;\xd25Uk\x9bm\xa6\xc7\xfa h\x84\xe3\
/\xbc>\xbf\xca\x07@/\x92&l\xc6C\xa6\x83\x8e\
.\x97\xe2\x1f8e\xd6U\xb1\xfbJi\xaa\xdf\x17|\
\x0e\xe7&d\xee\xa4\x81\x84\x05$\x92)X\xf1$\xb6\
\x8fy\xb8\x7f\xf5\x10nyp\x0b\x1e[?\x8aB-\
\x8ed*\xcd\x89H\x09\x18\xc5\x12\x85b\x08u\xa0\x92\
\x08`jTF\xf0\xfa\xd3\xe7\xe2\xad/^\x02\xaf2\
\xcc\xa1\xcaBx\x93\x9cL3\x8d\x14\x94\xdb\x02\xb2\xdd\
\xd3\xf0\xb7{\xb6\xe0[\x7f~\x82\x95\xb7\x89x\x02\x9c\
\x04Q\x89:\x12\x11\x8aq(\xd5\x99\x84\x03\xed\x5c&\
\xce\x14)<E\xcd\x88\x10`)\x22\x18\xc9\xfa\x07\xe1\
Y\x03\xa9\x9a\xa7\xe6\x80\x95\xc5J\xbe\xac\x5cy\x0d\xf1\
8\x0c}\x01\xc2\xdb$\xcbKe\xba\xcc\xb6\xa4\xd6\xc8\
\xf2\x1a\x0d\x89\x00\xec\x5c\xb8\xc9&\xa0\x9c@.o\xa2\
\xca\xe1\xef\xa3\xe4\x96&q\xc9\xe4UBNAJ\xec\
\xeaP\xeb\xaf\x90\x97\x8fK\x04\x9b\xaf\x80\x92?\xdb6\
\xca\xe3\xc38my\x0f>\xf4\xba\xc315UF\x91\
*\xe1p\xa4\x9c\x17\x90\x7f\xd5x\xd9\xeen\x93\x87X\
\x03\xb1D\x1ak\xb6\x00_\xfc\xcd\x0a\xac\xdb\xee \x9d\
\xce\xb1\x9ck\xf0D\xbe\x83\x08e\xd4\xe1H\x16\x8b\xbd\
\x09\xbd\xda8\x16\xcdL\xe3\xcc\xa3\xe7\xe2\xd4#gb\
A\x7f\x0a\x9e[B\xa5Tf\xf6\xde#'mE\x09\
\x95{\xab\x96\x95}j\xc9\x9awe\xc6\xd5\xeb$\xe6\
M\xae<\xfc\xadL\xdb\xcdm\x19\x0b&\x14l\xbe\xd0\
\xadE\x02\xb6\xbc\xf8m+d\xa3\xf5\x06\xcc\xfa\xf8l\
\xaeh\xd2\xa7\x8c\x06\xd3H\x8e\xc9R\xb4\xf3\x90\x88\xc7\
\xd8[\xafX\x8f\xe3\x89\xa7\xc7p\xfd\xdd\x1bp\xf7\x13\
;0\x94\xb7\x10\xcffY\x8c\xf0t*\x1e_\xd9\xea\
\x93La\x09)\x15\x07q\xda\xa1\xbdx\xf7K\x0f\xc4\
\xd4L\x89\x0b\x9a\x12\x84\xeb\x99\xc9)\x89W\x94(&\
\xc6\x96\xeb\xed\xc3#\xcf\x94q\xf9/\x1e\xc03;\x1d\
d\xb29\xb8\xf5\xaaf\xb4\xc3\xe6W\x9f\x88\x99\x00*\
~S\xd6b[\x8a\x03\xca\xa9\xaa\xa5\xc7n\x08.\x99\
k\x91\xe1\x06a\x18\xf1\x89\x9a\xe1\x82\xdc\xa2\xd5(E\
rKx\xd0\x80\xa6\x9c\x9c\x5cB\x00\x87J\x0e \xc4\
ck<l\xc6\x88+\xa6<(\x834i\xb2'@\
\x06\x13]\xe1\xf7\xd9J\xd0\xa2A\xed\x0c\x11\x81\x10\x82\
\x93\x16l\x8f\xce\x1f\xeb\xbahT\x06\xf1\xba\xd3\xf7\xc1\
[\xcf?\x10vm\x0c\xb5j\x9d\xb5\xeeJ\x08a\x16\
Sm\x81L\xbc\xa1\x14E$\xf7\x0e\x16\xe2x\xdbW\
\xee\xc0\xe6\xd2Tv\x0b\x16r\xad\xaf\xe1\xd6R\x87\x94\
7K\xa5\x12\x1a\xe51\xec7'\x89\xf3O\xdc\x07\xa7\
\x1c:\x03\xd3\xbam\xd4\xabE\xd4j\xe4p\xe3\xb0\x92\
M\xd12\x95_\xc0\xd7\x83\x98\x11f\x8a\xb7S\xee\xc0\
\xe2\x00:\x96\xc5\x14\x95\x92y\x92\xbb2q\x1b\x9c\xe4\
\xc3\xb3P\x07\xf9\x09\x08\x87\x95\x06s)J\x84\xa0\xf9\
\xd0\xb3\xa2/N\x12J\xc8\x83\x94\x8a\xe4[\xe0\xd6\xe1\
J\x9dC\x83\x15\xfbR\xd7 \x8bK\x09t!\xc6\xe3\
#]\x8b\xc5\x0b\xcd9\xb1\xb2\x8e\xf0#\xb1\xda\x82+\
\xf0\xac4\x9e\xd9^\xc6\xdf\xef\xde\x80\x9b\x1f\xd8\x84\xc1\
\xbc\x83D\xae\x8f\xc3\x90\xc9z\xc1\xec\xb9\xa9\xa9\x90\xc0\
\xe1\xc4c(l\xdb\x82S\x0f\xcb\xe0\xf2w\x1e\x83j\
i\x9c\x0b\x94\x98%\xde\x8c\xbaM\x01_\x12\xd2\x0bd\
s=\xd8:\xea\xe0\xf2_\xdc\x8f{\xd6\x8c#\x9d\xed\
\xf1)\xb92\x83\x9bb\x8f\xf2~\x0c\x9c%\xc9\x15\x88\
/\x22\xce\x9b\xc9\x9e*\x0e!\x9a#\xf6i\x9d\xe0Z\
\xc5\x9eJ\xaef\x12\x8a\xf6\xce/\x8d\xc5]B\x00\xe3\
\x80\x955\xe5\x1e1\x10\x7fP\xfe\xc6\xee\x9d\x81\x98X\
\x94\xae@\x00\x89\x17\xa1k08\x806\x8d\x1a\x1ba\
\x8c;(\x17\x88/\x89\xa8\xd6\x86\xf0\x9e\x97.\xc1E\
'\xcfC\xa98\xc2\x87\x8d\x93j\xea\xd4\x14\xd2\x0f<\
\xb0lj-\xc8\x06^G<\xd5\x85\xdf\xfek+\xbe\
{\xf5j\xf6\x06d\x14\xc3d@\x00\x1c;\x87\x903\
Q\xb5\x8eZy\x0c\xfb\xcep\xf0\xb2\x93\x16\xe0\xb4#\
\x06\xd0\x93\xac1\xb5\xaf5<\x167\xd8\xe3\xd00\xd0\
)\xb3\x9c\x22A\xc2\x17B\xfc\x16\xf1\xf8\x16\xbb\xbf\x12\
\xb0\x93b\xcd&\x1fx/\x8eR\xcd\xc6X\xb1\x81\xe1\
\xb12\xe7\xfc\x1b\x1a+a8_\xc5P\xbe\x8a\xb1B\
\x05\x85b\x1d\xe5Z\x03\xd5zC\xe4\x08\xe1:\x80\x82\
:\xa7S1\xe4\xd2qtg\x13\xe8\xebN`Jw\
\x02\x03=i\xf4u'\xd1\x93\x8b\xa3+e#a\x13\
b\xa8\xb1\xe7]\xbd\xd6@\xa3.\xdc\x8d\x05\xf1t\x94\
\x9f\x22\x8bI\x8e\x9e\x8f\x90\xaf\xc9\x94(\xb9k\xd4Y\
\xc6w\x91$\x0bA2\x83\xe7v4p\xed\x9d\xcf\xe1\
\xc6\x07\xb7a\xa8\x98@2\xd7\x05\x0a\xefa\xcb\x81:\
\x07\xd2\xc7\xa2\xd6\xa8\xa1\xcb\xce\xe3\xab\xef<\x06\x07\xcf\
\xa5<\x852\x0fb\xd8e\x5cn\xbb\xc9:\xd38\xea\
\x0d\x0f\x89X\x0c5\xbb\x0b_\xf9\xed\x0a\xfc\xe3\xc1]\
Hg{\x19\xc9i\x80\xd5\xefK-\x9ft\x11\xf6e\
~3\x02\xc5<\xc3\xc6\xd95\x09\xae\xe9\xfb\xaf\xf1\x82\
\xcf\xee\xfb\x165\x85p$\x7f\xd5\xe4\xb3\xbe\xfb\x97\x22\
\xe8\xda\xe4K\xfc\x16!\x00\xcb\xb2\xb2\xe1t\xc7\xc2-\
\xd8\xd7\xfc+\xccn\xe0\xd5\xa0\x16\xafCY?r\xa1\
\x22\xbe\xdf\x1dv\xa75b\xf1\xff\xa6\x83R\xc8\xe7q\
\xc6\x11Sp\xf9\x9b\x0f\xc2\xf8\xe8\x0e\xc4\x9c\x14\x1fX\
\xc6\xe8\x8cyU<\xb9\x11*\xab4\xa7\x8a\xf5\xe5\x15\
l \x91\x99\x86/\xfc\xea1\x5cw\xf7V\xa4z\xa7\
\xca\x14]$\xb3\xc7\x18\x10J\xe3\xa3\x987\xcd\xc1\xcb\
OY\x88\xb3\x8e\x99\x81)\xc9\x0a\x0a\xe3\xe3h\xb0u\
A(\x0cyC\xa4|\xcdQ\x87Z\xd5\x22u\x18.\
QmA\x09\xe3q\x8b\x93txV\x1c\x85\xaa\x87\xed\
C5l\xdc^\xc4s\xdb\xc6\xf9\xf7\xa6]\x15\xec\x1a\
\xab1\x12(\xd7<\xd4\xea\xc2\x86\xdfd;\x0e\x08\xa0\
j\x13\x83r\x199\x05\xa5b@*i\xa17m\xa3\
\xbf\xdb\xc1\xaci),\x9c\xdd\x8d}f\xe60\xaf?\
\x8bi=q$)\xa2\xa4^FMZ'\xb8\xfe\x0c\
\x890\xac\xa8T\x22\xa4\x10?\xd8J\xa9\xe52\x15e\
\x5cG2\x91@\x22\x9d\xc3\xfa\xed5\x5cs\xd7F\xdc\
p\xef\x16\x8cU\xd3\xc8e\xb2\xd2\x8b\xb1\xcea\xcf\xb4\
+\xb5\xc2N|\xe6\xcdG\xe0\xdc#z\x91\xcf\x8f\xc1\
\x22\x9f\x05vq\x96N\x1c\x06\x88*@5u\x03\xec\
9\xd9h \xe1x\x18j\xf4\xe1-_\xfe7v\x14\
\x92H\xc4\xe2\xfes&A\xe1\xcc\xd1\x12XC\xe7Q\
\xebM\xda\x99\xfdZ\x9cS\xe3N\x10\xb8\x95\x03\x95\x0e\
\x92k\x86\x01c\xc7\x9aA\xcf\xf4\x9aT\xbbk\x84\xb0\
\x1b&O\x973G\x06\xe3\xba\x94\xec\xaa\x80?8\xb8\
(\x0c\xab\x89\xab9\xa8\x08`\x9e({\xefD\xa9\x92\
t\xa8\xa3\xd5Y\x06\xd4\x96\xfdZ@\xa5^G\x8d\xb5\
\xc0\xac\xb6\xf2=\xc24\x02\xd1\x1a\x1e\xed\x0b/XC\
? \xc4\xf5\x1c\xd4J\x83x\xdf+\x0e\xc6\xf3;\xc7\
\xf1\xe8\xd3yN\x95M\x87\x91\xac\x0a]\xf12^~\
\xfa\x5c\xbc\xe2\xb4E\x98\xdd\x0b\x14\x0b\xa3\x18/\x10\xb5\
\x12)\xb8\xfcscIG(!\xf3\x0b\xff~\xa1\x98\
\x22\x18\x22\x0aO\xdev\xe5z\x0c\x9b\x06K\xacU'\
3\xdb\xda\xe7G\xf1\xfc\xce\x22\xc6\x8a.\x1a\x8d8@\
.\xba\x89\x14\x1c'\xc9\x00\x18KZ\x10\xe1\xff\xd4Z\
C\xeb?$/\xee\xd7\x11\xe2S!3\x03I\x7f\x01\
}\xf4]\x17\xc5\xba\x8b\xb1\xe1\x1a\x9e\xddY\x87\xb7v\
\x18pw\x22\x11\xf70\xa5+\xc6H`\xe9\xfc.\x1c\
\xbc\xa8\x17\xfb\xce\xe9\xc5\x8c\xbe\x18\x12N\x0d\xb5\xaa\xf8\
\xe1v\xb8\xbc\xb8/C\xb3\xda\xc1\xd7\xc4\xc2\xb1\x12\xa8\
Q\xfa\xb1\xf11\xec3%\x8e\x8f\xbe\xf2\x00\x9cu\xd4\
\x02\xfc\xec\xfa\x95\xb8\xeb\xc9\x1d\xb0\x129$\xe2\xc2\x03\
\xb34\xba\x13\x97\x9c\xbb/\xce:r\x1a\xf2c\xbb\xa4\
s\x96\xd0\xcd\xe8\x05\x95\xc8T\x10m\xb1\xa7<W\xa3\
\x84\x19\xadI\xbd\x114\x9f\x0a>Wr\x12!k\x97\
t\x9f\xd0W\xb3\xdf\x80q\xde&\x1d\x81\x1an@Q\
\xff\x88'M\x117\xf4\x9d\x86?\xbd\xcf\xa1\x1eLb\
.?Y\xe9Y\xcb\xc7`Y]>\xdb\x1c\xd1i\x14\
\xb0\xb6\x18\xc4DT\xdfl\xb3U\xfe\xfe@'Vk\
]@x\xa1\xa3j\x10\x98\xbe\x05\xfc\x0c\xc1\xba\x0d\xd4\
\x8b;\xf1\xf1\xd7-\xc3yGOa\xfb2\x99\xefD\
\xfez\xa5\x99\x91\x14\x80\xe1\x81\x84GU\x90[\x84\xd6\
\xaa\xe1\x11\x90&\x12\x0e6\x8d\xa5\xf0\xde+\xfe\x8d-\
#\x09\xc0+\xe3\x05\xfbO\xc1\xdb\xce?\x10\xcb\x16\xe7\
P-\x8e\xb1\xb6\x9a\x00_\xad\x99V\x1aK\xb6^\xf5\
IQx\x94\xae7\x95\x8c#\x95\xca\xa2\xd4p\xf0\xcc\
\xb62\x1eyj\x18\x0f\xac\xde\x8e\xd5\x1b\xc6\xb0s\x94\
\x82\x5cb\xb0bqN\xd6I\xc0\xaeS\x85\x89\x85\x08\
d\xb0\xe7q\xaa\x94b\xcc\xe1P\x1fJn\x97\x0aF\
\x86\x13\xe5\x16L\xcf\x90NBRS\x99$T\x1c\x11\
\xb5\xae\x94)\xb8\x81z\xb5\x0a\xafV\x82\x13\xf30\xbd\
7\x81\x83\x17\xf6\xe0\xe8\x83\xa6\xe3\xf0%\xd30w*\
\x05\x13UQ.\x16Q\xa5$\xa2\x16\x89Y\xa2O\x1d\
\x89H\xe2\x92\xca\xa5\xa0\xe6\x0f\x17\xe9t\x16u+\x83\
\x1b\xef\xdf\x84\x9f\xfe\xfdIl\x1e\x16{\xf0\xa2\xa3\xa6\
\xe1so:\x14\x8d\xc2.\xf1\xae\xd4\x99\xf8\x00o\x9c\
3\xdf\xe5C\xc0>Y&\xa4.\x85L\xab\x99\x9e\xa9\
\xf8\xde\xdf\xd6\xe2W7m\xe0\xb8\x01e\x1d\xe3\x16\xb5\
N@\xe9a\xb4\xf2\xc5\x18\xff\xe4\xb2R\x07\xc6\x16\xc1\
\xa1\x06\xce}\x00PC\xdf\x85\x1eoEx\xa3\xe0-\
\x00wn\xc3%\x040\x02\xcb\x96Z\x90\xc9\xb0,b\
4\xbb\xe5\x7f\xdf\xe1\x15f\xf9;\x944\xda^j\x8f\
\xc9\x99&\x8d\x11\x5cy\xe9\xf18x6P)\xd7X\
^W\xdc2M\xd7\x89\x09\xaaXg\x85\x94\xf0\x1aS\
N7\x82r\x88\x11\x91\x92,\x97\xcd\xe0\xceU%|\
\xf3\xd7\xf7\xe0\xa23\x0f\xc6\xf9\xc7\xcfE\xd2*s0\
\x0d\x03(\x03\x934\xc5I\x8aC\xc8\x8c\xe80\xb5I\
,\xbee5\x90N&\xe1\xdaIl\x1e\xaa\xe3\xfeU\
\x83\xb8\xeb\x09\x02\xfaq\x0c\x15)\x81g\x02\x89D\x1c\
qF$\xc2\xc5WU\xe6\xd1g\x97dzV\x00J\
\x8d\x1e37\x04\xf2.\xdb\xeb\x99\xe5\xa6\xdfL\xfdD\
)1\xa1(\x14\x144\xc6:\x01\xf1\xe3{\xaaI\xc7\
\x1d\x06 ?\xdf\xbf\xf2\x0f`\x93\x18QT\xd7e\xaa\
o\xa1\x8a\x81\x1e\x1b\xcb\x17\xf6\xe0\x84C\x06p\xd8\x92\
>\x0c\xe4<VvV*\xa4h%\x0eH\x99\xd7\xc8\
\xe2\x22\xd0\x90@I\x02j\xd93\xd3\x15\xc9N\xb7\x8c\
Z\xf8\xfeU\x8fa\xd3\xd6\x11|\xf5\xb2S\xd1\x17\x1b\
\x15\xd4\x9b\x91\x87\xaf\xbf\xd3jkf\xd7=\xc4\x1d\x87\
\xd3\x993U'\xc4&\xc7OA[\xb9\xae.\xfc\xe5\
\xaem\xf8\xda\xef\x1fG27 9\x9f\x90\xff\x88:\
\x87\xa1\xc8\xc5\xa0\xb3\xaa\x17yV'\xb4PE\x88\xc2\
\xbe\x13\x9c\xa1\x03\x08\xbf\x1b\x08\x8e\x0a\x8eT(\x9e\x9b\
Y\xffp?\xf2u\xa9\x04d\x04`)5\xa8\x81b\
\xc24>\x08\xf4\xfa\xd6\x7f\x09\x01H\x118`\xb7\x0f\
\xac\xf9\xee\xf4\xa9\x08\xa4<$\xe5R\x11\x0b\xfb\xeb\xf8\
\xd6e\xc7\xa3/6\x86zC8\xd8x^\x9d\x0f\x1e\
\x01\x1d\xbd\xd4\x93n\xb0\xc2\x8bCj\xf5\x8f\x0a\x0aW\
rz\x03v,\x8db\x15\xe8\xc9:\xa8\x96\x0b\xec\x8a\
+\x1c\x89\x84^@X\x08d\xfd>\xe9' j\xef\
yH%\xd2(7bxx\xfd\x18ny\xe0y\xdc\
\xb7r'v\xe5\x09\x22\xb3H\xa5S\xb0IQ(\x15\
\x80\x82\xdd\x15\xb6.\xdepin \x0d{\xa5JA\
BU\x80\x12y\xa8\xf8TB\x1a\xc9$\xd2\xa9\x04\xd2\
\xa9$\xd2\xc9\x0c\xe2q\xa9x\x94\x94\x9c, \xa5r\
I\xa4\x0c\xaf\x94\xd1\xa8\xc86\xb8\x92\x94\x03\xc4\x93\xdc\
\x06%\xdc`N\x86\x90\x97G}H;\xbd4U\xb2\
\x15\xc5\xb28`\xa9Z*\x00\xf5q\xcc\xef\x8f\xe3\xa4\
e3q\xdaQ\xb3\xb1dv\x0aN\xa3\xc2\xe3d\x0f\
?\xf6\xcd \x80WGW\xb1\xbf\x02\x1d\x90\xd6\x9e\x14\
\x94u+\x85\xf1B\x0d\xbd\x99\x06\x035\x85*\x8b\xc7\
\xa5ZN\x06J\x89\xb5 \xae,\x85\x1d\xa3.\xa6\xf6\
\xa6\xe0U\xc7\xd9\xcaB{K\x09N2\xe9\x14\x1e|\
\xa6\x8e\x0f\x7f\xff>\xd4cSE\xba\xf4@0\x89<\
,R\x14\xf2\xad\x0b>\xb2mB\x12!\xceto\xc3\
A\xe0\xfcO\xa0gh\xc5\x99\xe8c\xa3\x11\x14[\x01\
\x96\x8dX\x96\xddc>\xaf\xcf'+\xa7\x94\xcc\xa6\x8a\
<\x04+\xactj\x17\x08[\x15\x82-\x18\xd3U\x1a\
7\xd3ex\xb7\x16\xd5/J\x11\xf0\xb57\x1c)\xc8\
T6\x9e\x1f\xc1i\xcb\xbb\xf1\x85\xb7\x1c\xc6!\xa6\x8d\
z\x03\xd9\xae\x1c\xb6\x163\xf8\xe4\xf7\xef\xe6\x03\xf4\xa5\
w\x1d\x8f\xfa\xf8vx\x9e#\xb8\x005r\xb9\xa2b\
\x9cB^&\xc4B\xd4\x89<\xd5\xc4!R+\xce\xe5\
\x98Xq\xc8\x80\xef\xb9\x88\xd9\x16\xb3\xba\xf9j\x1cw\
=\xb1\x13W\xdf\xf1\x0c\x1e]?\x82Z#\x81\x18e\
\xb7a\xafB\xe1\xc7\xef\x19\x00\xa6\x00\x90\x0es\x89\x80\
\xacL\x19q\x5c\xc42)\xcc\xea\x9f\x8a\x85\xfb,\xc0\
\xe2\x85\x0b0w\x9f\xb9\x987k\x06f\x0c\x0c`\xea\
\xd4>\xf4\xf6t!\x9bN\x09\x85[<\xce\x19\x8e\xe8\
\xa0\x10E\xa4X\x82r\xa5\x82\xb1\xf1\x12\x86\x87F\xb0\
m\xc7\x0el\xd9\xbe\x83K\x80oxv#\x9ey~\
\x0b\x9e\xdf\xb4\x19;\x06\x87\xe0\x95\xaa@,\x0e+\x9d\
E:\x95\x86\x13\x8b\x0b\xc0m0?\xa3\xd3\xb5\xb3\x12\
\x19\x16\x03\xbb[.\xa2'\xe3\xe2\xb8C\xfa\xf1\x92\x13\
\xf6\xc1\xa1\x8bz\x10\xf7\x8a\xec\xa9'\xce\x87\x1d\xc87\
\xc0\x1c\x81\x220\xbcg\xb4^6\xea\xca\x9f\xc2\xa3\xf5\
\xf4\x0f\x85\xf2~\xa4=H$\x13\xd8:\x9e\xc1\xfb\xbe\
\xfaO\x1c}\xc8\x02\xbc\xef\xe5\x07\xc3+\xefD\xa5\x5c\
f\xd7\xe0mc\x19\xbc\xe7[waK\x9e<\x12\x13\
h\x90\x1f\x816\x12\xf9\x22\x8e\xb4\x5c\xfa\x00\x14\xaeJ\
%\x0f\x92y\x8a9\x88\xcdD\x18J\xd7\xd3\x060\xfd\
9(_\x0c\x99\xf8\x85\xcc\xcd\x01\xd3\xaf\xa1o\xdb\x0d\
\x04\xd0\x0c!\x9ek\xa5f/c\x11 \x1c\xa8\xd2\xdc\
aX\xf0\xf0\x95\x1f-\x83\x10\x22]\x87%{cL\
J\x87c\xabxm\xf9\x87h\xafS\x143\xd1d\xb5\
\x14+?\x09dC\xc0T\x18\xdb\x81\x0bO\x9e\x85w\
]p \xd2q\x17\x0f\xad\x1b\xc3W\x7f\xbf\x02\xcf\x8f\
\x92\x06\xba\x82K\xce\x9a\x8bw^\xb0\x04\xc5\xd1\x9dl\
\xea\x12\xfe\x01\xeat\x8a\xf6\xa4\x93\x98\xee\x83\x0d\x8a\xf2\
P\xca\x0fB\xc7\xc8\x07\xd8C&\x9bA\xa1\x96\xc4\x1d\
\x8f\xed\xc2\xd5\xb7?\x87\xc7\x9e\xcd\xa3\x81\x04\x8b\x00$\
\x1b\xf0sz\xc5\x1cQ\xe9\x87\x9c`\x88\xc2\x17K\x8c\
H\xfa\xfaz\xb1\xdf\xa2y8|\xf9R\x1c\xb9\xfc`\
\x1c|\xd0R\xcc\x9f7\x1bS\xfbDt\xf7\xde\xbe\xb6\
n\xdf\x81u\xcfl\xc0\x8a\xc7\x9e\xc0\xfd\xf7?\x8cG\
\x9ex\x0a\x1b7og\xae\x81\x10B2\x93ajM\
\xb1\x11\x9c\x8cCi\x9c\xf9p9L\xcd\xab\x04\x84\xf1\
\x06\x8e;h*.:u!\x8eX\xdc\x05\xd4\xa80\
I\x99\xe7\xc7q7\xc4\xb90\xf0\x91x\xa0\xd4\xb4r\
-\x02u\x06\xfd\xac=\x82f5\x18I\xd4\xe2\xd3\xf0\
\x81o\xdf\x83\xfb\xd7\xd7\x80F\x09'.\xed\xc2\xfb^\
\xb9\x1c\xb3\xa7\xd8\xd82T\xc7\xe5\xbfx\x10\x8flp\
\x91\xed\x22\xd3\x9f@\xc8\xca\xd7B\x9c\x15\x83\xca+ \
\x96\xee\xc6\xe2;\xda[?Cp\x00@\xe5a\xeb\xd4\
1G\xd2Z\x11\xea\xac\x9d\xb1(\xcf\x029\x1a\xf9\x99\
\x9f\xda\xf9\xc2D\xb5\xcd\xc3iaA\xf0\xc5\x88\x80\x08\
\xd0I\x18\xaf\x98e\x14\xbb\x13\xa5\xf9d\x8f2\xa9X\
2v-B\xc6\x92mHa\xce\xcc\xe7\x16^\xdb\xce\
0]\xc0\x196\xf4\x8d\xd8@3\xf13}*\x15\x87\
\xb1dv\x06S\xba3xl\xddNT\xbc\x0cR\xa9\
\x0c\xc7\xffWIa\xf8\xfa\x83\xf1\xd2c\x0706:\
,\xcdw&\xf6S\x5c\x80t_\xd7\x07Ae\xde\x11\
\x14L\xb8\x0egP\xb3\xb3\xb8\xe3\xb1\x1d\xf8\xe3\xad\xcf\
\xe2\xf1\xe7\xca\xf0\xc87>\x11\x07\x88\xa5\xe6\x1c|B\
V\xe5\xa4\x1b\xb0P.W\xd0(\x16\xc8\x1c\x80\xc5\x0b\
\xe7\xe1\xa4c\x8f\xc4\xe9'\x1f\x8b\xa3\x8fX\x8e\x05\xf3\
\xe76\xcd\x9e\xa8 \x07\xc9H\xac\xe4\x03\x8d\xb0\xf9\xbb\
n\x91\xfd\x18\xcc\xd5\xb5\x9d$<\xa4\x94\xcaPk\xed\
Y\xc6g\xae\xc3\xc8\x9a!/rlz\xea\xe9\xe7p\
\xd7\xbd\x0f\xe0\x96\x7f\xdd\x85{\x1fz\x14;\xb7\xee`\
\x91\x81<\xfb\x92\xb1\x04\xef?\xf9\x09\xa80j\xcb\x8e\
\xf3y(\x95\x8a\xc8\xc6\xca8\xf9\x90ix\xe5\xe9\x8b\
p\xe0\xbc4j\xc5\x11\xd6!\x08\xb1\x89G\xa5\xcf\x8b\
\xe2\x80\x94\x89\xce\xe7\x13\x04\x01\xa1x\x06\x12\xafb\xe9\
i\xf8\xe2\xef\x9e\xc4\xb5\xf7\xecB&\xdb\xcd\xca\xcc\xe2\
\xd8\x08f\xf5\xd9X\xb2\xa0\x1fk\x9e\xdd\x89\xedy\x8b\
]\xb8=-LKK\x08s\xbd\xa1\x13g\xbaI\x07\
<\x04\xa5l\xad\xb9\xc1\xdd\xe3V\x85G\xa08\x87\x02\
\x01HDG\x22\x16\xbb\xeeJ\xe4#\x91\xc1D8\xa0\
\x95r=\x8a\x8cRX\x13!\x80aXV\xaf\x89\xfd\
\x14\x1dS\x13S\xf2GTh\xb0\x9aD\x94\x92.:\
l\xb19\xb8Gg\x8ai\x994C\xb1A\xa1\xb6B\
\x11\x84\xe1\xc9\x066%Bm`4\xcf,h\xb9B\
n\xa5u$SI8\xa4\x9c\xa2\xb6\x1d\x07\x0d\xcbF\
\xb21\x84o\xbd\xef\x058l\x9f\x04\xc6\xc8j \x15\
P\xaa!\x1d\x1a\x22\xab\xea\xb0\xed]\xe2w\xd7\xab\xb1\
\xc3N<\xd9\x8bG\x9e\xc9\xe377\xad\xc5}k\xf2\
\xf0b\xddH%\xd3\x94\xd1_(\xe5\xa4\xfe\x9ds\x00\
\xd4k\x5c\xbe\x0b\xd5\x0a\xe6\xcc\x9b\x8d\xd3N=\x11/\
}\xf1Y8\xf1\xb8#\xd1\xd3\xddm\xee8'\xc6\x14\
s\x90^o\xdaCMI\xd4>\xf5l\xd4F\xf1\xd0\
M\xdfGc|\xab\xd0+\xc8(\xc8\x81%'`\xc9\
\xe1\x17r\x14\xa3\xf2\x85\xd4\xa59\xa5\xd9\x82\xff\xe3,\
\xc4\xa2\x9e`\x18)l\xda\xb2\x05\xff\xbc\xe5\xdf\xb8\xe6\
\xef\xff\xc4\x9d\xf7>\x88\xf1\xa11 \x97C:\xd3\xc5\
0D\xa2\x91\x90\xa9i\x8e\x94\x88\xcaF\xa5P@W\
\xa2\x843\x8f\x9a\x8eW\x9e\xb2\x10\xf3\xfb=T\xc6\xf3\
B'@JYc\x7f\x14!\x11\xde\xc2\xfe\x91ft\
\xe06\xd0\xd3\xdb\x8f\x9f\x5c\xf7,\xbe}\xcd:\xf6\xfb\
w\xdd*\xef\x07!\x94*9cU\xab\x88'Sl\
9!WnK\x8cDO\xd1<\xcbZ\xeeV\x1c*\
\x17HU\xa7&x\x0e=3'\xa3\xb2DtJ\xad\
\x95\xe3\x94\xe6\x96\xb4\x9dA\xb6\xe9+\x04\x03p\x16V\
\xd1M\xd4O(G\x86Tb\xfb\x08 \x8a\xc2\xfb@\
\xe3/v'~\xc7\xed\x07\x11N\x0b\xe6\xab~|\x97\
Wq\xdf\xef\xaby5'\x12\x0c\xa2b\xed\xfd\xac\xab\
\xbeS\x84~\xc6\xc8\x07\xc7\x1ao>\xa9\x12\x19:1\
\xf6\xd8\x9b\x9b\xcd\xe3\x8aw\x1e\x819S\x81jU\xf8\
\x10\x88C\x22u\x01\x12S\x12\xd5\x13:\x01b/\xab\
\x0c\x00[F\x1d\xfc\xea\x865\xb8\xe1\xbe\xcd\xa8\xd89\
d2\xdd\x02\xcb\xcb\xec\xbct\xc0)\xe7@\xa5VG\
ul\x0c\xc9\x84\x85\x13\x8f=\x02\xafy\xd5Kq\xd6\
\xe9/\xc4\xc0\xb4)znT\x01\x98\x83\x8a\x94Y-\
\x02\xe3\x9b,\x94J\x1bN\xcf\xd7\xab\xbbp\xefU\x9f\
\x06\x0a\x02\x01\xc4\xec\x18*\x95\x02\xa6\xed\x7f:\x96\x9e\
\xf4n\xce\xb5\xe7H\xd9]g\xca\x0d\xb4jd\xf9\x93\
\xb2>Y\x22\xc2\x08a\xd5\xda\xf5\xf8\xcbU\xd7\xe1\x8f\
W_\x875O=\x0b\xc4\xd3Hww\xf3\x9b\x22\xd3\
\xb0h\x97\xde!Ehe|\x10\x03]\x0d\xbc\xf6\xcc\
%8\xff\xf8yH\x22\xcf\xc1P\xb6\x93\x90\x14\x1a\x86\
\x8f\x822iJ]\x83\xe7\x22\x95J\xe3\xd6G\x87\xf1\
\xe9_\xac\x04R\xfd\xb0\xd9kPd&b}\x0f\xbd\
k\x0b\x0e\xcd\x9f\x81\x15\xbdt\xe6\x093\x14\xc7:I\
\xaa$V\xca\xd3\x99\xcc\xca\x1a\x01\xb4\xd1Q\xb7C\x0c\
j<|\x96\xa4\x223\x90{yw\x15\xdfh\xad3\
\xb0<\xd7\x8d\xb5mUC\x99\xaf\x11\x8d\xd2~\xb6\xc5\
z\xfa\x1c\xfaT\x5c!\x01\x1f8\x0d\x05\x84n+\x88\
pL-h\xa7\x1a\x81@\x9a\xe5\x10\xc0\x0b\xa0\xf7o\
\xeax\x11\x22\xa6\x01\x97g\x19AE\x856*5\x8c\
\x97)%xJ\xbb\xb7\x92\xdc\xaa]B\xa4\x02\x88E\
\x9f\x06\xa5\xa7\x02\xec\xd4T\x5c\x7f\xef\x0e\xfc\xe4\xda'\
\xb1e\xc8C\xb2k\x1a(\x0b\xab\xdb\xa8\xca\x03\xedp\
\xa6\x9bz\xad\x86\xd2\xe0\x10z\xfarx\xf5\xeb\xce\xc7\
\xdb/~\x15\x8e>\xf2P=\x17\xd2\xd4\xb3Tl\x93\
>@%'\x89\xe2i\xcc\x1d\x96\xbf\x02z\x14\x8b\xe3\
\x05\x88\xed$\xed7\xd7\x07\xb4\xc9\x97 \x1e0\xc6)\
62\xcc=\x85#\xf58LW\xee+q\x22\x5c\x93\
\xc0\xb2\xb0t\xc9b|\xe6\xe3\x97\xe1\x83\x97\xbe\x1d\xff\
\xf8\xe7m\xf8\xe1/~\x8f;\xee}\x04\xae\xebHD\
\xe0\xb2\xf2\x91\x92\xa9R\x14^\xa6\xab\x17C\xb5\x1a\xae\
\xfc\xe3S\xf8\xf7#[\xf0\xae\x97\x1d\x88e\x0b{P\
.\x16\xe02s,\x0b\x01\xc81(1\x91#\xf8\x98\
\x9a\x03c\xf9\x22sp\x96\xd7\x80k\xab\xda\x82\x8a\x85\
\x96{k(\xe9,C,U&\xcdh\xdd\x99\xd2\xc5\
\xa8x\x10\x0d\xae\xbe\x98j\xbc\xd7\x12\xa2\xc2m\xcb\x85\
\xf5\x09\xaa\xd4\xfb\xa8`&\xc9\xc2NV\xac\xe01\x98\
\x9c\xb4\xeaN\x02\x92\xdf\x1f\xa5\x05\x9du\xd80,\xaf\
\xb7m\x85\x12\x83\xcdQ\x8c\xed\xe4\xd5rfq\x90\xe6\
\x16\xf6\x84\xb3h\x9e\xb4\xdc\xa0\xb0G\xa0F<\x8a\xbb\
P\x9dI\x8f\x91p\xb1Q\x8b\xb4\xf96\x0a\x85\x02\x16\
Ns\xf1\xa5w\x1e\x8f}\xa7\xbb\x9c+P\x04\x0dI\
\x1b\xb6\x0c\x00Rqu\xc4\x8e\xe6\xb2Yl\x1e\xb1\xf1\
\xbd\xab\x1e\xc5\x8d\x0fl\x83\x93\xeaA2\x91\xe4 \x1c\
\xc5\xbe\xda\xf18\xeb\xbb\xca#\xa3\x98\xd2\xdf\x87\xd7_\
t\x1e\xde~\xc9k\xb1\xdf\xbe\x0be;\xa4Lk0\
\xa5VY\x88\xf4\xd0Z\x93\xae\x16r\xa0X\xf7Ze\
\x10\x0f\x5c\xf5\x09x\xc5\xadp8\xb9g\x1c\x95r\x11\
\x03K\xcf\xc2~'\xbcM\x98%9\xb2.\xda\xa1\xa4\
\x93>\xd9\xd7\x80,\x02\x9e\x87X\x5c\x9a\xeb\x00\xfc\xf3\
\xd6\xdb\xf1\xcd\xef\xfd\x12\xb7\xfc\xfb~\x06\xeal.\xcb\
&WZ/\xca\xa0$\x0a\xb0\xd8(\x16\xc6\x91\x8b\x17\
\xf1\xc6\xb3\xf7\xc7\xab_\xb4\x10q\xaf\x80R\xb9\x06\xc7\
R%\xcf\x09\xe0}\x0a-\xbc'=N\x03v\xed]\
\xdb\xf0\xe5\xdf?\x0a/1\x85-1J\x9b.\x00\x9f\
\xfc<\x0cu\xb0\xa5\xffi:C\xe2\x8f\x16\x07]r\
\xa5\x81$\xa7\x1dP\xe8\xa0\xc2\xd0\xb0t\x19\x5c\xaai\
\x08\x0b\x8fgwaCq\xd4\xfe@u\x8b\xc4\x01\xc8\
\x87\x14Kg<kZ\x06\x82l`\xe7\x1d\xfb\x83\x0e\
Q|\xb4\xf1\xe8\x0b\xb3\xef\x1d\xf6\xe9\x8f\xdd\xb0P\x04\
\x143:3\x80\xc1\xd9H\xbdD\xd8a\xc2\x13\xd4v\
||\x0cK\xa6\xbb\xf8\xe2;\x8e\xc5>}\x15\x14\xf2\
%6\x9fq9.~W\x86\x18+lmy\xe8\xea\
\x9d\x86\xff<1\x8c+\x7f\xbf\x02\xcf\xee\xf4\x90\xe9\x9e\
\xc9r\xbe\x88\xc0#E\x9c\xc8\x1b^\x1c\xdc\x89T.\
\x8dw\xbd\xf5\x15\xb8\xec=o\xc3\xa2\x05\xf3x\x0cl\
\xe7\xa6\xe0$\xa2\xf6\xa4\x084(x\x94\xb7c\xd3\xba\
GzX*\x8a'\x1c\x80\x88:\xf2\xd0Y\x5c!g\
\x197\xda\xfa\xd3\x01\xf07=\xc7\xc5Ed\x9a-\xd2\
Q\xb8$\x87[8\xf3\xb4\x17\xf2\xcf\x8d\xb7\xfc\x0b_\
\xbe\xe2\x87\xb8\xf3\xce\xfb\x80t\x0a\xd9,\x15\xa7V~\
\x16\x0d\x0e\xd1\xady]\xf8\xce\xb5\x1b\xb0b\xfd .\
}\xe5\xa1X<\x90\xc6x~\x146\x950\x17\x1e\x11\
2\xcd\xa0\xcc\xdcc[(\x8c\x0c\xe2\xbcc\xa6\x22\x9d\
:\x02\xff\xf3\x8b\x07Quz\x11\xa7\x98\x7f\x9e\x8f\xe0\
\xd3\xc5Y\xf0\xf9\x19\x84\xa2[\xc3D/\xc0(\xaa\xc4\
2\xf2\x1c\x11\xcb/\x1d\xc3\xf5z\xb5\xc3\x03a7^\
\xcd\x93\x19J\x07\xfdo\x84\x08;\x99KiG\xfc\x7f\
\x9b\xa3\x11e\x86i5%\x9f\xba\x9b\x17\xb3NM\xb6\
\xf4\xce\x07\xd2\xfc\xac\xcfF4)\x11\xd5\x22JEO\
h6\x13\xf7\xa1\xd9\x1d\x93\x855\x94<2`\xdb\xcf\
\x90\xaa\xb2\xa3\xf8>\xe1<4\xce&c\xa30>\x82\
\x03gy\xf8\xfa\xbb\x8f\xc3\x9c\x9e\x0a\x0a\xa5\x22\xc7\xe9\
\xd3\x1b,K\xca$\x12\x22\xcd@\x03\xf1\xb8\xcd,\xff\
\x8f\xae\x7f\x1a\x1f\xf9\xe1\x03x~<\x83L\xcf\x14\x0e\
\xa1\xe52S\xc4.\xc7\x1c\x8e\x13(\x0e\xed\xc4\xb9g\
\x9d\x8a;\xff\xf1\x17|\xf7\x8a\xcb\x19\xf8I6&\x0a\
L\x0999\x9c\x97\xcbxK\x0e#\x04\x88\x9d\x02f\
\xd3\xa5\xd7Je\xa6\x0dF\xc0iE\xe2\x1e\xf4!\xb6\
\xd7o\x83\xd2\xab\x13\x07C\x018\xf4s\xd6\xe9\xa7\xe0\
\x8e\x1b\xff\x84_\xfc\xf4J,\x99;\x03\x85\x1d[)\
>\x99\x11.\x01\x14;\xf9Y62=\xd3p\xf7\xda\
\x06\xdeu\xc5]\xf8\xc7C\xc3\xc8\xf5La\xf3'\xfb\
S\xaaM\xe0N\xc4\xdfd*-\x8e\x8f\xe1\xf4C\xbb\
\xf1\xf9K\x8eD\xca\x1d\xe1lK\x0esO\xc2\x13S\
\x8d\xcfT*{\x11\x946P\xd1Y%@\xd1x\xc3\
\xd4\x1d\x84D\xe2N\x89\x95>\xeb\xaa\x1f#u\xb7\xd9\
W\xe8\xf9N/\x05\xcb\x01\xbeQ\x9d#%f\xab\xec\
N&\xe0\xc9\xe7\xfc\x051\x22\xa0\x94\x82#\x88\xc9\xda\
\xb0\xa2a\xec%\xab\xb6\xea\x1cv\x86[c\xe0=s\
\x06\xe6\xf8\x02\x0f\x04\xdb\x0e\x8c\xd7`\xe5U\xc2)\xc5\
\xde+-\xaa\xfaQ\xcd\x99\x87\xdd\x89\xc7Q(\xe4q\
\xf0\x5c\x1b_}\xe7q\x18\xc8\x94P-W\x85\xcb\xac\
 \xa0z\x90t\x18k\xf5\x1ak\xf3\x87*9|\xf4\
\x07\x0f\xe0\x07\xd7>\x0b/\xd9\x8fX,\xc62)\xbb\
\xbd\xb2\xacm\xa3\xb8s\x0b\x96\xcc\x9f\x81?\xff\xf6\xc7\
\xb8\xee/\xbf\xc0\x91\x87\x1d\x82Z]8\xc3\xd0\xf3a\
\xa0\x13\xcc\x881\x9f\x0e}\xcf[^rM\xb5zI\
#\xa7\xe6\xb5\xed\xf4\x0a\x8f/:\xd0KD\x08\x0a\xd3\
\xa6\x10\x93.~\xf5\x85\xb8\xef\xce\x1b\xf0\xe1\x0f\xbf\x1b\
n\xb5\x84\xd2\xd8\x18\x12\xb1\xa4\xf4&\xf4x\xed\xc8#\
s\xb8\xd6\x83\xcf\xfel\x05\xbe\xfd\xd7\xb5\xb0SSx\
=E\xd1\x0f\x91\xbdG\x85\x19s\x1f\x94\xaa=?\x86\
\x17\x1e\xd2\x83\xcf\xbf\xf5\x05\xc8xc\xec\xa2\xcc\xcaF\
\x022\x99\xe03\xca\xa2e\x05\xee\x19\x19\xa8L]\x92\
><\xd1\x01;QDT\x11\x95\xa8~\xfd4,~\
\xb4\xad\xc9\x8d\xf8\xa3\x99\xe4e\xa4b`q\x857]\
8[\xe9\xed\xa1\xe8S\xfa\xac\xaa\xb5\xfa\xc3\x0dQd\
\xf3\x1bsv\x12\x9b\xb4\x1b@\x10s\x19\xacWhr\
\x8a\x10\xa9\xa7\xd4\xe0M\x04\xe4o\x88\xf1nh\xc5\xc3\
\xe6H\x03\xd1\xcb\xbe|\xb6\xc8\xa7\x04\xbe&\x87\xe2\x01\
\x0a\xa5q\x1c8\xc7\xc6\x97\xdeq,\xa6\xa6\x0b\xec\xc9\
F\x14Ya?\x11\x15(\xccB\xd5j\x0d\xe9L\x16\
\xab\xb7\x02\xef\xfb\xc6=\xb8cU\x05\xe9\xee)h\xa8\
\x14W\xe4\xcd\x1bO\xa0R\xad\xa1\x94\x1f\xc5\xbb\xdfu\
\x09\xee\xb9\xfdz\x5ct\xc19\xa87J\xcc~\xc7\x9d\
\x226<\xf9\x0f\xecz\xfe!\xe1\xbe\xcf\xa2\x82\x0fH\
\x22\x8d\xf5\x9eSe\xf5\x89\x9d\x99d\x10\x8eT\xc5\xb3\
\x9e\xdc\xdf\x8dI\xb6\x1d\xe2\x1a\x9a\x91\x98\x90\xdba\xd5\
\xb0a\xe5M\xd8\xb9\xf1>8\x0e\x89\x06U\xf4ve\
\xf1\x95\xcf\x7f\x1c\xff\xfe\xe7_\xf0\x82#\x0f\xc1\xf8\xae\
]\xb0,a\x9d\xe0\xfd\xa97X\xc9\xe8d\xfb\xf1\xf3\
\x1b7\xe2S?z\x00\xf9F\x0e\xf1D\x0c\xf5z\xcd\
\x0f|\x92\xe5\xbc\xa8'\xd2k\x90\xb8p\xf2\xc19|\
\xfemG#\xe9\x8d\xb0\x12\xd5\x8a\x05M~hux\
#\x9c\xe24<\x18\xdc\xa4::\x01/\xe2p\xc8\xb0\
\xd4^\x87\x91\x85*\x98\xe2\xb5\xea'\xbc\xc6Q\xeb\xde\
jC\x94.\xc1D.\x12\x09\x08\xba\xe5\x8b\x1b\xb6\xed\
\x09\xf5\x88\xdfZ\x14Jk\xb5P\xd1\xd8^\x0f.B\
\xb1\xa7\x16Qs\x12\x9a\x05\xd2\xb4:r>\x91}\x18\
\xb2Z\xd8\xd7H-$\x8b\x13,\xfe5#+\x85\xf5\
\xd5\xf4H\xe6&\xd7\xd4\xc5\xd3\x1a\xf8\xd2;\x8f\xc5\xf4\
l\x15\x95ZCj\xdd\xfd\x1c\x09J\xa6j4\xaa\x9c\
j\xfa?+\xc7q\xe97\xee\xc4\xba]\x0e2\xb9\xac\
\xa8\xce\xc3e\xba-\x96A\xf3\xc3\xbb0\x7fF\x1f\xfe\
\xf6\x87\x9f\xe0;_\xff\x02\xa6\xf4v\xa3R\xaf2k\
<\xb6\xfd\x09<\xf0\xb7\xafb\xcd\xbf\xbe\x8d'n\xfb\
\x01\xaa\x85-R!\x19\xd4\xc6\xef\x11\xdb/\xd7D\xfc\
\xa2\xca\xc1\x0e\xffX\xb2\xd2\x0f96q\xf0P\xe4Z\
\xfbl\xf2\xa4/E\x96e\xea\xed\xc1\x8d\xf7c\xf5m\
\xdf\xc3\x137~\x0dO\xfe\xeb;\xa8\x8e?\xcf,}\
\xb5V\xc41G,\xc7\x1d7\xfe\x19\x9f\xfe\xe4{\xe0\
V\xc7Q,Q\x84a\x9c\x87M\x08\x91\x14\xa2\x99\xae\
)\xb8\xe5\x91\x11\xbc\xff\x9bwa\xe3H\x92\xddz\xc9\
\xbbP\x1c)\xa9\xcf!\xf5\x8aD\xba\x85\xf1<N>\
\xb8\x0b\x9f\xb8\xf80X\xf5a\xce\xd6\xa6\xd0\xbf\x9f\xeb\
\xc9\xbf|\x16\xbf9\x03\x9ey\xd6T\xd2\x18\x1f!\xf8\
^\x09\x8a\x00\xe96\x95\xeeK\xfe\x04\xab\xf7\xea\xee\xfc\
\x0f\xd6\xe4\x966\xea2\x8f\x89\xa9\x0b\xf0c\x9a\xfd:\
\x8d\xb6R\xfe\x98lG\x14\xeb\xde\xee\x8aT:\x19@\
\xae\xc5\xcc\x96SQ\x83\x0c>5\xd1\x81\x0f\xb3mQ\
\xa3\x0ccX\xe9\xcd\xc1\x17\xab\xa9\xa4\xfd\xcf\x92I:\
g\xe6\x8a\xb8\xfc\xad/\xc0\x9cn\x0aX\xa9 N\xc0\
\xaf\xf3\xeb\x8b\x0d%\xaf,\xca\x88\x93\xee\x9a\x86k\xef\
\x1d\xc4\xc7\x7fp/Fj9\xa4\xc8\x0d\xb6N\xe6=\
*+\x16\xe3u\xcb\x0f\xee\xc0+_v&\xee\xb9\xe5\
*\xbc\xe4\xacS9\xd6\x804\xe4\xc9X\x1c\xcf\xaf\xb9\
\x03\x0f\xfd\xed\x8b\xa8l}\x0c}]iX\x85\xadx\
\xfa\xe1ka[\xe4S/\x93T\xee\xa5K+\xab]\
\x17\xd5J\x11\x8dZ\x99#\x22)\x89G\xb5R\xe2\xcf\
\xd1\xab\xe8sL\x93\xeeS'\x94\xb1\xe0\xd6\x87\xb0\xf6\
\xde\xab\xd0\x95p\x91\x8by\x18\x5cs+\xee\xf9\xeb\x17\
16\xf8\x0c\x12\xf1\x14\x9b\x04\x131\x07\x9f\xfb\xe8\xa5\
\xf8\xd7\xb5\xbf\xc2\xd2\x8531>\xb4\x8b-%\x1c\x1d\
H\xa9\xc9\xeaUd\xbb{\xf0\xe4f\x17\x97}\xe3?\
xb\x93\x87\x5c.\x8b\xbaK\x9c\x80\x14c\x94#\x14\
g\x11\x8e!?:\x8c3\x0e\x9f\x8a\x0f\xbe\xf2\x10x\
\xa5!!2\xb0,\x1c\xa2\xd4\x11\x22\xaf\xb9\x02\xc2\xce\
/3(H\x93\xb8\xf6\x0b2\xca\x19D\xad\xa0\xd9\x87\
\x96\xb4\xc2~(\xe63\xde\xc4\xe7\xdf\xe4\xc6\x9b\xf4\x05\
\xe6CMM\x18\xba\x8d\xd0\xc9\xd6\x0301\xa1~M\
E|\x19?\xfa\xd5\x08\x04a.hH\xb4j\x1a\x8e\
\xef\x96!\x1eh;\xf10{i\xb5A)!\xfd\x85\
x_!\x01?\x9d3\x87\xfb7\x1a\xc8b\x14\x9fy\
\xd3\x91\xd8w\x86\x87B\xb1\xc8a\xb5B?@+\xa5\
2\xcdX\xf0\x1a.\xa7\x00\xfb\xd5\xcd\x1b\xf0\xa5\xdf<\
\x027\xd9\xcf\x81;\xc2\xaf\xdc\x13\x0e=\xd5\x0a\xbcj\
\x11\xdf\xfa\xca'\xf1\x87\x9f}\x07\xd3\xfb\xa7q\x1f\x14\
b,\x1cf\xe8\x80\xda\xb0=\xf2<\xcc\xa0\xee\xda\x9c\
*{\xdb\x9a;0\xba\xedqX\x16y\xab\x19\x96\x99\
\xbdu9)\xf4\xees\x1c\xfa\x16\x9f\x86\xa9\xfb\x9e\x8a\
\xbeE\xa7`\xda\x92S\x91\x9d\xb68r}\xcd\xb5\x9b\
\xcc\xa5GmQ\x1dE`\xc3\xe37\xa2\xb8k\x1d{\
\xe2\xd1Z\x92\x9b5\x05$\xc5\x93\x94\x90Z\xe8\x068\
2\xb1^\xc7\xb1G\x1d\x8e\xff\xfc\xf3\xcfx\xf9\xcb\xce\
\xc0\xf8\xf6Mll\x15\x09TD!\x96l6\x8b-\
\xe3)|\xf0\xdbw\xe1\x9e\xa7J\xe8\xee\xeeas\x22\
q1Bq\xaaD'\xa1\x18\x1c\x1f\x1d\xc2\xcbN\x9c\
\x85\xb7\xbed\x09\x17y%/DvQG\xc4%I\
\xb9Z\x86v\xde\xa4\xdaw\xc4\xe4@\xdb\x99g\x8d\xc3\
\xb8;&\xef(\xd4\x1c\x10\x97\x11\xad\xa8\x0f\xeb6\xfc\
O\x22-\xf8(`I\xdf\xd2\xb0\xe43\xb9\x94^\x13\
]{j\xe7\xef\xb4\x0fui\x1d\x06i\xd2\x99\xfbi\
N\x1c-6\xcdF\xa3\xbc\x0b\x9f~\xfd2\x9c{\xd4\
\x14\xe4\xc7\x86\xb8\xfa\x0dW\x88W\x89&\xa4\xc7\x19\x1d\
\xd0dn*~z\xe3s\xf8\xc9\xb5k\xd8\xb1GY\
\xe9h9\xa8\x0aNal\x14\xb3fL\xc5\xef~\xfa\
-\x9c|\xfc1\xec #XS\x95\xe4R\xb907\
\xb0\xe2\x9f_G\xe1\xf9\xfb\x10\x8b\xa7xl\xf5J\x11\
\xa9Y\x87\xe1\xc8s?\xcc\xbe\xf9\x22\x81G;U\xeb\
d\xaf\xf01\x0e}k&!\x9d\xd4\x9b\x11mI\x9f\
\x82\xe2\xe8:\xdc\x7f\xd5g\x90\xc68W\x13\xa2\xf4\x9d\
\x85J\x03\x8bO\xbc\x04s\x0e8['\x07Qr)\
!R\xa5,\xfc\xec\x97\xae\xc4\xe7\xbep%'\x0b\x8d\
\xc5\x1d\xe1\xa5\xc9\x81U\x16\xbb0g\xad<.\x7f\xfb\
18ai\x0ec\xe3y^\xe3@$\x08\xef\x0dm\
N\x1d\x89\xae\x01\x5c\xfe\xab'\xf0\xb7{v \xdb\xdd\
\xcb\xfa\x05\x95\x02n2\xe7U\xb5\xce.\xc9\x94\xaeM\
\xa9R\xa4\xc3\x91z\xb7\xd5\x15\xd9\xae\xe2\x06\xd8\xdf)\
B\x06\x89j\xc7D>\xad\x1eo\xb3i\xe4\xae&\xcb\
\xca\xa8\x01h\xde\xa3i\x80M\x91}\x1d:\x89\x98\xd8\
\xa8=\xf0\xb7g\xff\x03\xb2ph\x81\xcd7Me\x8d\
\xd6xk\xf9M\x1d4\xdf2`\xb3\xe9h\x10\x17\x9f\
\xb5\x08\xe7\x1c3\x1d\xe3c\xc3\xcc:\xfaB\x96N\xa0\
(j\x01\xf6\xf6\xe3\x977o\xc0O\xfe\xfe\x14\x92\xdd\
\xfd\xd2\xd6-z\xa7l\xb6\x85\x9d\xdb\xb0\xec\x80}p\
\xfb\x0d\x7f`\xe0'\x84A\x9c\x84\x00~5Zu\xc5\
\xb0\xf0\xb0\xb3Qwr\xd2\x0b\xcdB2\x99D~\xd3\
\xa3\xd8\xba\xfe.V\xd6\xe9\x00\x94=\xbc|\x86L\x84\
-+m\xbd\xd6\xda\xfb[o\x82O\xe7\xedG\x1dX\
n\xc4\xc5\xd3\x0f\xfd\x1d^i\x10N,\xc1\xed\xd7\xdc\
\x1a2\xd3\xf7\xc3\xac%'\xca4aA\xe5,\x01?\
\x07\x115\x1a\xf8\xec\xc7\xde\x8f\x9f\xfd\xe8\x1b\xb08\x99\
H\x196\x89d\xd2\x05\x982\x0b\x97\x9c\xa9\xf8\xf4O\
\x1f\xc2\x03OW\xd0\xd5\x95\x93\x0aT\xe15\xa8\x95\xcb\
\xcc\xb2\xc7P/\x0c\xe1\xd2W\x1c\x84\xc3\x16&Q,\
\x14\xc8\xe7\x99\x13\xa5\xb4\x9cSHF79KMH\
\x84\x1c-\xf5j\xd2[\xb0\xc5\x8e)Xh\xb2j\x99\
:\x82\xd0\xaa\xebs\xdf\x823kw6\x94\x98\xd0l\
\xb53\x94\xde>\x94\x98-7\xd3\x9c0\xc0\xfb\x8b\xd2\
B\x91b\xfc\xdd\x0e\xf0\x95,&l\xdd\xc1\xfe\x82C\
2Y\x97f\x13I\xf8\xf8\x05\xf0\x19\xcf\x8fL@\xa6\
R\x84\x80\xdfam\xf1i\xcb{q\xf1\x99\x8b0>\
6H\xb68]-W\xa9\x8a8\x89\x96\xe7!\xd3;\
\x0d\x7f\xbac\x0b~\xf4\xf7uH\xf5\xcc\x14\x89,\xa4\
I\x8d\x14V\xe3\xdb\xb7\xe1\xd4S\x8e\xc3-\xd7\xff\x19\
K\x16-d-5\x9b\xf6\x22\xe7-\x02\x87z\x06\x0e\
\xc4\xd4}\x8eB\xb5B\x85?\x05\xb2I\xc6\x5c<\xfb\
\xf0\x0d\xa8W\x07\x85\x07\xa0\xa1\x80\x9a\xeceF\xad\xa9\
\xdf\x9aU6\xe4\xe5&\x05\xa9D\x16f\xbfm\x0f[\
\x93\xe6_P\xd7\x91\xed\x8fa\xdb\xda\xbb\x91N\xa68\
\xd0\x88\x8ex\xb5\xe1`\x9f\xc3\xce\x81\xed\xe4\xf4~\x84\
yO\x95\xfb\xa0Z\xad\xe2M\xaf\xbd\x08\xd7\xfe\xf5W\
\xe8M\x11\xb2\x1eg\xcfH\x95\xeb/N\x05C\xbd^\
|\xea'\xf7\xe3\xf1\x8d.r]94<Jg&\
 N\xe1q\x11\x8c\xe4\x22c\xe5\xf1\xb17\x1c\x81\xe9\
\xd9\x0a\x17L\x15\xdf\x8bHM\xf3\xcc\x84\xd7\xc2_<\
\x91\x0e\x9c\x0e\x13\xfb\xfeK\xfd\x91B8l\xf2m\x81\
\xb4\xc3\xb0\xa0E^\x19\x08$|TT7\xf2[\xad\
\xbc\x89&\xb8\x0a\xc9E]\xea\xb6\x0a#\xd6\xca~\xf9\
\x82\xcc\x80\xd8\x0c>\x9am\x8aj\xd4d\x18\x22\x16\xac\
\x95\xbd3\xf0L\xc4$T\xa2\x9d\xa8\x09\xec\x11\x03\xac\
\x12J\x08\x83\xb1\xef\x83`[\x9c\x01g\x9f~\x17\x97\
\xbd\xf2\x10\xb8\x95A9\x0e\xe5\xd2+p11\x94\x14\
\xb0\x93\xeb\x9e\x82\x1b\xee\xdb\x85o\xffe5b\xb9~\
v\xfc\xe1,\xbe\xf4\xc3y\xea\xb7\xe2\xc5\xe7\x9f\x85\xbf\
_\xf5[\xf4O\xed\xe3\x80\x1d\x12#\xda\x83-\xd3;\
,>\xf4\x1c\xb8\xf1n\xb6m\xd7)\xa45\x99Ae\
\xe4ylZ\xfd\x1f9\x85\xddW\x06vd9\x08)\
RM\x06J\x8d\xb2\xe5\xab\x91\xe7\x84A\x81\xeb\x18\xae\
{\xf0\x1fH\xa0\xce\xe9\xcc\x08Q\x96\xcaEt\xcf>\
\x04\xfd\xf3\x8el\xf2f\x0c\xf7C\x7fS\xe4\x1e!\x81\
3N9\x1e\xff\xfc\xfb\x1f1kZ7\x0a\xe3E\xc4\
\xe3Iv\x1a\xe2\xc4*\xb18v\x95\xbb\xf0\xf1\x1f\xdd\
\x87\xf5;mNzB\x15\x7f\x84\x87\x9d\xa4\xa9\xd2\x0f\
\xa1R\xaabQ?p\xd9+\x97\xc1\xaa\x0c\xe9y\x9a\
\xa1\xbe&\x00\x9a\xa3QU\x91\x84U\xc3\x9c\xab\x84\x09\
ic7\x18\xaa\x0e.\x15\x01(X\x03\xe1\x98\xd3\xda\
\xba\xd6.?g$\xf22tH\xec?a\xa4\xb4\xe3\
{Q\xa0\xaa\xb4\xe3z!\x22l\xbb\x13]\x9d\xcb\xfa\
\xa6b\xb1ek\x93\xea;\xba\x17\xf9\xaf\xca\xf9\xe7Z\
H6F\xf1\xfeW.C\x7f\xb6\x86\x1a\xc9\x83\xd2\xb6\
\xaf\xe8>'\xb1\xf0(qD7\xeeZ\x95\xc7W\x7f\
\xff\x18\x90\x9e*CS\xc4\x98\xedd\x12\xc5\xed\xdbq\
\xe1+\xce\xc3_~\xff\x13\xa4\xd2\x09\xce\x11H\xa6\xc3\
\x89\xd4wJ\xacJ\xf7.\xc2\x9c\x03OA\xb1Xb\
\xeb\x01e\xe7i8\x19\xa4\xba\xfa#\xe6\xb0w/>\
\xfc&U\x9a\xe4R\xb7vG\x16\xad'3SP\xe5\
2\x7f\xa2\xd0H\xdd\xcb`\xf1\xe1\xe7\x01\xa0\xfc\x03!\
\xc2\xa3\x89\x81y\x9fR\xa1\xc78\xa9\xea\x11\x87\x1e\x84\
[\xae\xfb\x13\x16\xce\x99\x86\xf1\xf1q\xc4b\xe4\xe6K\
!\xcaT\x905\x8e\xad\xf9\x14>\xf9\xa3{\xb1\xbd\x98\
F\x92\xca\x93\xb3\xa2Oe\x05\x96\xd4\xda\xb1\x91\xcf\xe7\
q\xda\xa1S\xf1\xeaS\x16\xa04:$B\x93e\xe5\
#\xc5\xfd\x05\xc2\xcb\x95\xf9Wz\xd25'\xb51\x82\
v\xe4\xa2\x06\xf9\xae\xf6\x97@Q\xca\x225\xf9\xb3\xae\
{\x89\xe8\xae)1h\xe0=>\xc7!\xe0\xd6i\x89\
\x8c\x99\xb4\xc1Hm\x07dlj\x13>5\xfa\x9d\xc8\
\xcbm2k\x12\x99\x0cA\xb1mr\xf3H&/\x8d\
\x0f\xe1\x0dg\xee\x8bc\x97t\xa1X(s\x1e\x7f\x1a\
\xa8_\x8b\x86\x92}\xbaH\xa6\xd3X\xb5\xc9\xc5\xe7\x7f\
\xf1 Jv\xafH\x80\xc9\x0aA\x1b\xf1D\x12\xc5\x1d\
;p\xd1\xab\xce\xc7\x1f~\xf5\x03\x0e\x1c\xa2\xd0Xn\
\xcbD:m\xc7+\xe6\xbd`\xf99H\xf6/\xc1H\
\xbe\x84X\xdf\xbeX~\xd6e\x98\xb1\xf081\x92P\
 \xd0\xde\xbe\x022n\x84(\x10\xf8\xbb\xa3\xcd\x90t\
\xd5sp\xd0I\x17c\xe1\xb1\x17\xa3\x91\xec\xc7\xf0x\
\x0ds\x0e9\x0b\xdd\xd3\x0f\x11\x859e!\x96\xc0[\
F\xc9v\xf3\x22N\x80<.\x0f\xd8o\x11\xfe\xf9\xb7\
_c\xe1\x9c)\x1c\xa4E\xf6~V\xd66\x1aH\xa7\
RX\xbb\x0d\xf8\xdc\xcf\x1f@\xd1\xea\xa2\x5c.rN\
*.A`;\xf2{(\xe5\x87\xf0\xe6\x17\xef\x8f\xa3\
\xf7\xef\xe2\xb4j\x22\x17\xa4\x01\xd4jLF\x80\x133\
\x91J\x85o\x9a\xb7\x8c,Eb\xe6~\xba\x99\xf0\x1a\
\x87\xdb\xd5\xef\xb0r\xa0ym\xa3\x1c\xabv\xf7\x12j\
\x8a \xa1%+\xc0\x10`\xf5\x99\xa31\xe5\x8a\xb6\x1a\
\xc6\xff\x8a\xb6?,\x0d\xee\xadK\xd8\x00\xb80H\xa9\
\x88\xa3\x16\xc6\xf0\xf5w\x1d\x09Th\xfadk\x96}\
\xaa\x90Q*\x97\x15\xb31\xda\xe8\xc5\xa5\xdf\xbc\x1bk\
w\xc6\x90\xa2\x8c\xbdTQ\x87\x0e$)\xeb\xb6\xef\xc0\
K_r\x1a\xfe\xf4\xeb\xef\x8b,6\xb2\xf0\x88\x1f9\
\x1e\xc2\xbe-7R\xa0\xc8\xf2\xf8f\x8c\xec\xd8\x80\x81\
\xf9\x07\xc2vz\x02\xdaq\xff\xa9\xbd{\x05\xe5\xee\xff\
N\xdb\xd4n\xb9\xb0\x05\xa3;7\xa1\x7f\xdeR\xc0\xca\
\x04Lf\x01\x11\xcf\x8fZ\xd2\x8aZ\xf1\xa8\xa5\x03\xa5\
\x88KZ\xfb\xf43x\xd1K^\x87-\xbb\x8aH\xa4\
\x13\xec6Lo\xb0+\xf0\xd8\x10.<i:>\xfa\
\xea\x83P\xce\x0f\xca\xec\xc1\x22\xbd\xb9\xc0\x01\xc2\x94\x9b\
L\xc6\xb0~W\x1c\xef\xb9\xe2?\x18\xb7z\x11S\xcf\
E\xd5\xb4\x08\xad\x91\xd4\xf9\x05(\x1c\xa7q\xd3\xa1\xe6\
\xc6\xba\x1a\xb0\xd4\xbal\x9dh}\xb7\xe0MY$\xe8\
s\xb0\xfccp\x0eMm7\x1a\xb2\x5c\xa5\x1a\x94\x88\
LR\x89\x98\xcc\xc1\x07:lv5\xf2\xbfk#\xff\
\x84\x15\x88\xd1\xea\xa5V\x1aT\xe5\xee\xd9\xf6\xb1h\x9f\
\x04\x19\x04D\xef\xd4\x5c\x17}\xc9\x12\xde{\xd12$\
<\x8a5\x97\xe3\xe0\xaf\x85\xdd_\xa8\x0b\x1a\xf0\x12\xbd\
\xb8\xf2\xf7\x8fa\xf5\x16\x8f\xab\xd8\x92\xd7\x19\x01v<\
\x9eB~h\x08\xa7\x9f~,~\xf7\xf3\xef0\xf03\
W\xa0\xeb\x0a6k-\xdacqqbR\xb9\xd9\x98\
\xb1\xf0X\x03\xf8MI|w\xae\x89O\xd2\x9e\xf6\xd0\
\xaeo\xc5K\x12\xfb\x9f\xca\xce\xc2\xf4\x05G\xc1\xb2s\
\x92\x0a)\xe5f\x08\x10T\x02\x13-k\x07)\x16y\
O\x92e\x85\x94\xacW\xff\xfe\xc7\xc8q%e\xca0\
,\xd8wr(\xcavM\xc1\xd5\xff\xde\x82\xab\xef\xdc\
\xcc\x9e\x9a\x8c\x1c\xa4\xe6^+E\x1d\xd2\x01Uq\xc0\
\xcc8^\x7f\xf6~\xa8\x15\xc6\xd8*\xa0\xf9\xbf\x90\xb2\
\x8e~\x02\xbe\x92\x82\x1d\xf0\x9f\x91z%\x95\x8a]\xb7\
\x14\x0a\xa6\xf3WG%\x0c\x95k\x11\xe2\x17\xbdI\xec\
\x98&\xd8\x13\xe5!48+\xa5\xf7\x15=\xab<|\
\x01A&\xf8R@*\x0b\xc4\xcc\x87&\x16q\xa2Z\
9\xef4\xf9\x90\x0b4\xda\xd4\xb4V\x92\x04<\x96\xfd\
\xf7\xa2\xfa\x8a\x028b\xfd*\x85\x11f\xfd\x97\xceK\
p\x16\x5c\x12\x07\xe4\xd1\x90\xd1}\x94^\x9b\xb2\xf8t\
\xe3\xf77?\x83\x9b\x1e\xde\x81l\xae\x8b5\xfa\x1cQ\
\x1e\x17~\xe6\x87,]\x88?\xfd\xe2\xbbH%\x13\xbc\
\x1e\xa28\x87\xb9\x8d\x93\x05+\xa5\xfc\x91\x12a\x94(\
3\xc9\x16\x9b\x8f\x93\x96\xb2\xf7B\xdb\x9d\xf4-E.\
U\x9dG:\xdf\x84)\xbe\xa8\xaf@\xee\xbe~&\x22\
\x85$\xc4Y\x0b\x12\x08\xb2\xac\x10\x128\xec\x90\x03\xf1\
\xab\x1f]\x81zqT\x845\x0b^\x9a\xdbLf\xa7\
\xe0\xfbW\xaf\xc2\xc3O\x97\x91\xce\x12\xf2\xf6s\x08*\
E\x9eC\x11\x9f\x85\x11\x5cx\xd2|\x1c\xb5_\x0e\x95\
bA\xbbDG\xae\x8bF\xc8A\xa0\xe5\xadSY\x94\
\xb4YS\xaa\x9c\x22h\x9c\xe6~$w\xa7\x10\x85H\
w\xac\xabC\xb6X\xd3\xe8}l\x99i(\x04\x0f\xbe\
\x16@\xfc&\x92e\x0bM\xa1\x90\x91\x94\xd6P\x1f\x19\
\x89\xe9\xc2r}\xcbE\x8a\x18@\x93\x8c\xaf~\xb1r\
HDv+\xe5\xa4\xf0\xdb\xd7 \xe9/\xba\x10\x10\x8d\
\xe4\x90r\xf1\xdahK\xcd~\xe9\x10R\x22\xca#\xf6\
\xcd\xe1\xc2\x93\x17p`\x0ei\x8f\x85\xa6X\x05vP\
\x80J\x1d\xa9L\x16\xf7?U\xc4O\xff\xbe\x06\xc9l\
\x9f\x88<#WP;\x8eZ\xa5\x82\xe9S\xb2\xf8\xcb\
\xaf\xbe\x87\xbe\xde\x1e\xb6UG%\xcc\x0c\xcc\xb7\xe5\x15\
\x02F\x8d\x10\xf768\x06%\xd4\xc9\xb4\xbf\xc7\xd1\x87\
z\x08\x0ahB\xed\xea3-\x22\xf6\xa8\xa8Ha\xf8\
i\x8c\xefZ\x8bz=\xaf]\xb5\xc3\x17)Y)\xd4\
\xf7\xbc3N\xc1\xd7\xbe\xfc)\x94\x06\x079u\x1b\x9f\
\x1c\xce\x03\xe8 \xdf\xa0\xe2\x9f\x8f`\xb0\x98D\x9cj\
 p\xb6auzd\xb6\x7f\xcfB\xca*\xe0\xad\xe7\
/E\xda)s\xe5c\xd3\x22\xa5wH\xa7'\x97\x88\
\x9a_\xf5U}l/\x92g)\xa0\x95W\xd3\xf4B\
!\xf6\x9a\x91P\x91\xb1\xb2\x1ee\xc4\xf3\xfe%\xb9\x13\
\x83V\xfb\xeb\x1b\xbd\xec\x01\xd8#\x11Eu\xacr;\
N\xd8J\xc4yiJO\xdc\xf1\x19Qu\xf6\xfc\xb6\
\x156\x14\x11v\xe6\xa3dcWL\x97\x94\xcb4\xab\
\xa3V \xa8\xa9\x0d\x0f'\x98\xd6\xcaB\xd2*\xe0\x92\
\x17\xd3FS\x14\x9e\xf4\x17\xa7\xac1\x862\x92r\xf5\
\x0f\x95\x92\xf8\xc6\x1fW\xa0lQ2K*hI\xdb\
+8\x05\x0a[\xfd\xe5\x0f\xbf\x8e%\x8b\x17r\x84\x99\
\xf2X\xdb\xbd+\x0a\x18'\x0f\xfc\xadBp\xff_\xb8\
h\xd4\x9c(\xc5\x8a\xa18\xb2\x16\x0f\xdf\xf0E<\xfc\
\xb7\xcfc\xc5\x0d_\xc6\x03\x7f\xfb<\xb6>s\xa7\x16\
\x0b\xfc7\x04\xd0\x90\xcb5q\x02\x97\xbd\xed\x8dx\xcb\
[_\x83\xe2.\x8a\x1d \x8fJ\xaez\xc5\xbe\x07k\
7\xd7\xf1\x83\xab\x9e\x84\x93\xec\x96\x89@\xa99\xe2D\
\xc4\x99\x22.\x80\xb2\x1b\x1f\xb68\x87\xf3O\xa4J\xd1\
\xa2\xd8h\xf0\x92%\xe3T\xff\xd2\xf7#\xa0\x9b\x91>\
\x0e\xa22\x82\xc1n\xcb\xed4\x83\x80L\x17uS\x0f\
\x22\x08\x9e\x04X\xc5\x5c\xc8[\xbeC\x9d\xfaBRJ\
s!'\xba\xcc\xc7e\x10\x93Tz\x87)D\x07m\
\x19\x1d\xb6\x93;|E\x96\xdfCX\xbd\xa2\x143\x06\
\x83\x15\x90k\xac\xf06HV\xaf\x95X\x12P\xbfq\
\x06[\x07\xc5\xc2\x08\xce8b:\x8e\x5c\xd2\xcd\xe66\
N\xa8\xa9\xf57\xc2\xd7\x9c(}<\xd3\x83\x9f\xdd\xb0\
\x1a\xeb\xb7\xd6\x90N\xa7\x05\xd5\x90,~ip\x07\xbe\
\xf0\xa9Kq\xc6)'2\xf5!yt\xa2\xeb\xbf\x05\
\x98M\xd9\x96\xf7\x82\xa68\x1c\xd3of\x5c\xde\xdb\xf3\
P{M\xebKV\x93\xfc\xae\xc7\xf1\xd0u_Ea\
\xe3}H[\x05$Q\x82=\xbe\x11O\xdd\xf13\x8c\
\xecx\xd2\xe0$UH\xab\xd8e\xf6\x1al\xb8\xf8\xf6\
W>\x83c\x8e=\x94\xdd\xb0\xa9`(\xe79\xa2\x80\
\xad\x5c\x17\xae\xbfw3nyd;\xc7\x10\xb8\x0dY\
\xb0T\xcd\xd9\x12V\x01\xaa\xdf\xf8\x9a\xd3\x17c\xfe4\
\x8b\xfd\x0e\x84\xd1H\xae)[\x07\x9a\xc3}T\xfc\xaa\
\x9f\xeaN\xe9\x9b\x94\xeb\xb8\xea#b\xfe\x8a\xa3\x90\x0a\
g\x0d$\xa6\xa9.\xb4\xe4\xa2V\xa3Z\xbd\xe6(\xdb\
\x8eC\xc6\x0dP\x91BV\x10\xbb\x06\xd8\x8f\x08q?\
2b\xb0]\x7f&O\x14\xa5T4\xe4 \xc1\xfe\xcb\
\x18j#Q\x81B~J\xce\x93\x12A\xd3\xd8T?\
bO\x04\xf2!\xbb\xfa\x94T\x0d\xaf:m_x\x95\
\xbcNP\xaa\xb6\x94\xe4>\xf6\xf4\xcbfq\xef\xaa1\
\xfc\xfd\xceMH\xe5\xfaD}\x0a\x0f\x88\x93\xe5`\xd7\
N\x9cq\xc6\x89\xf8\xf0\xfb\xde\xce\x11}a\xe0o\xd2\
\x1a\xb7\xd5\xfa\xef\xdd\xab\xb9\x1fSF\xec\x9c]\x0b\x1f\
\xa0v1\xfe{a\xd0Rw\xe2 \xbf\xf3\x09\xac\xb8\
\xe1\x1b\xb0\x8b[9HH\xf8\xfb\xbb\xec]\x19s\x0b\
\xd8\xb4\xfa.c\xf4\xbe\xb7\x9c\x1a\x1b=M\x16\x9a_\
~\xff\xab\x98\xda\x95D\x9dj\xa2K\xdd\x0e\xbb{'\
{\xf0\xc3k\x9e\xc4\xe61\x07\xb1\x98Ju.\x94\x8b\
|\x92l\xa0Zk`V\x8f\x87W\x9e\xb6\x08\xb52\
\x95\xca\xb0\xe58D\xd6$\x05\xe8\x8a\x0a\xcbo\x8c3\
(M\x8d\xca\xfeCfEI\xed\xe8\x19\xae\xfel\x5c\
~\xa6k\xdfy\xc8'~*B5\x8c<d\x10\x9b\
\x91\xa2,\xd0\xa6Jx\xd3\x12Y\xcbv\x8d;\xe4\x07\
\x10r\xbb\x88rW\xf4a\xd7P\xed`\xb7.\xdd\x99\
\xdcF\x95\x8fO#@\x1f\xb3\xf8I;EF\x96\xc8\
td\xea=\xf5\xd1\xa4\x12R\x01U)\x8e\xe2\x9cc\
\xe7`\xd1\xcc8J\x95\x0a;\x83\x98\xa7\x88e!\xc7\
B\xb1\x91\xe1\xec\xbd\xb5X\x17\xe7\xfdW\x0a\x1d\xaaf\
30\xb5\x1b?\xf8\xc6\x97\x04\xfb(\xebn\x06Pi\
K\x87\x98\xf6\x80\x13\x06\xd5V\x5c\xcd\xe4(\xbe)\xeb\
O,b\xb4\xb4\x9c\xec\xe5\xcb$\x04\x22\xf9\xa8\x8d\xb1\
\x9d+\xb1\xe2\x1f\xdf\x80]\xde\x8e\x04\xd9\xf4U\x9a/\
\xc2\xbe\xe4PE\xe5\xc0\x0a\x83\x22\x11\xa8Y\x15H\xb7\
D\xb1\x03\xa2\xe6\xdf~\x8b\x17\xe2\xeb_\xfc\x04*\xa3\
\x94TDV\x1av\x1bH$\x93\xd8\xb4\xcb\xc2\xafo\
\x5c\x8bX\xaa\x0b\x9e[\x13\x19\xdf-:~$\x16\x90\
\xf9\xd0F\xa90\x8a\xb3\x8e\x9a\x89\x03\xe7\xa4Q.\x97\
\x85V_s\xa1A\xd9^\xb9\xfb\xfa\xe5R\xc97T\
\xda\xe0$G \xf3n\xe8q\x9a\xbf\x9935\xb4\xeb\
\xca\xff\xc1\x17_\xdb\xb8\x103\xa0G\xc4-\xb7\x22\xc8\
\x86\xba\xc5G*\x02\x06\xd8n\xa5\xed\x99\xea!Y\xb6\
Z\xeb\xb4\x15v\xd2\xe2W\xd0i\xa1#.@\xc1u\
\x00\x93\xfag\x94\xd1\x90\xae\xb8k\xac\x9c\xcaT,\xbf\
W:\x04\xed?m\x8e\x81_\x938T\xb6Ee\xa9\
gL\xb1p\xc1\x89\x0b\x18\x11\x90\xeb\xad.\xf0 \x0f\
\x1b9\xa5P\x99\xa8k\xfe\xb3\x11+\x9f'\x0b@\x06\
\x0d.\x8fM\xa6=\x0b\xb5\xfc\x08\xbe\xf6\x95\xcfb\x9f\
y\xb3\xd9\xc5Wh\xa7M\xd7\xcf``\xcdD\xe9\xb1\
\x02\x1b6\x01\xb8\x86\x91\xc0d\xdb\xef\xf4\xda\xdd\xf1O\
\xa6]\xf6\x8f\xd0u\x04l\x8cl{\x1c\x8f\xdd\xf8\x0d\
\xc4jC\x88'R\x02\x80$\xa2`\xc5-\x17.\xad\
\xc1\xc9P\xe1*\xb1\xe6AM\xb8\x14#\xa4\x98GH\
\xe0\xe2W\xbd\x0c\x17]x.J;\xb7\x8b\x5c\x0e\x9c\
K\xc0E\xaa\xab\x07\xd7\xdf\xfd<\x1e^_D6\x93\
\x95V\x09[&u\x15mR\xac@W\xa2\x82W\x9c\
\xba/\xdc\xea\x98\xecFa\x8a \x99\x14\x1c\x81)j\
\x8a3\xe7(CZx\xd9$\xcd\x09\x90M\x83\xea\xab\
\xb5\xe29\xa9\xb3n\x10=_\xd4h\xbe&\xe4\xd04\
\xc7\xe0\xeb\xd9(\xb2U\x99\xfc\x9bb\x87\xc5z\xc8\xfc\
}\x1ac\x04\x95\x1aJ\xd5\xd1*\xd8\xa7\x95\x88\xe0G\
\xeb\xf9\x09\x10\xfd\x08*\xe9o\xad\x90\x82DL\xac5\
5\xac.l90\x12\x80\x9a\xc9G\xd4\xc2\xb2^\x96\
\xcaz\x95\xc6q\xee\x0b\xe6b\xdeT\x1b\xb5\x1a\xf1\xf4\
29\xa4D\x16\xb4\xe8\xe46\xfa\xcc\xf6:\xfep\xdb\
sH\xe4\xa6\xc8\xcd\x14\xc9,\x8bC\x838\xff\xa5\xe7\
\xe1\xf5\xaf\xbc\x80\xddQm\x95JK\x9a\x82\x94\xac\xd8\
\xeegO.%\xfbF\xb5\xb7'\xedGq\x14\xe1>\
\xf6t\xfcM\xbe\xfe2\x00\x8a\x80\x7fx\xcb\xc3x\xfc\
\xa6o\x22V\x1ff\x97^q\x14dI0\xf6f\xf1\
8iI\xcd\x8bc\xce\x92\x17Dj\x8f\xfcv\xd5\x8f\
\xf0\xd2\xbc\xf2\xcb\x9f\xc5\xccY\xfd\xa8\x16+\xda\xf2@\
\xc5N*^\x16\xbf\xbdi\x1djN\x8e9\x00[\xd6\
@\xd0\xd9\x81,\x0b\xe5\xc28NX6\x15\x07\xce\xcf\
q\xbdB\xa3\x1c\x81>3L\xbbU\xeeI\xe3\xb6O\
]C\xe34\xbckM\xba'\x08\xa9\xd21\x84\x1cu\
B\x14\x81\x9fW\xb0\x17\xda\x92(D\x1d\xc5-\x8b\xf6\
\xfd\xfc\x86d}\xd3\x19\x81\x15\x96P\x0f\xf9\x00l\xf2\
\x22aD\xd8F\x9e\x0c)@\xc2\x03\xd2\xc98X\xce\
\xf6\xd9\x0f%\xc3\x98\x14]\xc9.:i\x98B\x04!\
%\x80\x94\x9e\xc4\x1c(^\xbc\xde\xc0\x8c^\xe0\xec\xa3\
\xe7\xa0V.\x89\xfc\xfa\xec\x98\xa2\xb2\xfa\x8aH0b\
\x0b\x7f\x7f\xcbZ\xec\xc8\xc7\x10w(\x80\xc7\xe6\x94Y\
TJj\xea\xd4\x1e|\xed\xf2O1\x15!k\x1f\xfb\
\x0dx\x94\xf8C\x1c\xd2\xff\x0d\xed{\xd83\xad)R\
L\xadi\x07c1\xa3:ME_\xd43{cn\
\x81\xfe\x98\xf2;\x18\xdc\xfc\x00\x1e\xbf\xe9\xbb\x88\xd7\xc7\
X\x01(\xfc\x03\x0c\xbd\x0e\xffSG\xbe\xeaa\xf1\xb1\
\xafB\xdf\xacCE,A`\x98V\x93\xa2\x99\x14\x82\
\xc4\x05\xcc\x991\x0d\x9f\xff\xd4\x87\x99sS\xdar\x92\
(2\xb9.\xdc\xb7v\x0c\xb7?\xb6\x0b\xe9lVT\
n\x92\x09\xc6)6\x84k;\xb8@W\xa2\x8a\x17\x9f\
\xb4\x00n\xbd(\x11\x88\x12+\xa5s\x12\x9f1\xa3\x22\
S\x00\xba\x0dk\x96\xc9\xf56i\xa9\xe4o\x83\xc0\x9a\
a\xc6Jw\xa0\x08\xdbd\xbd\x03[*\x1eC\x0d\x09\
O@\xc5\xda\xeb\x8e\x8c\x82\x05\xbax\x81\xf4\xa77\x10\
\x869\xa7(\xa5Ds\xe7\xc6\x82\x18\xc2\x90\xef=(\
\xa0\xd2\x175|Y^%\x7fTXS\x05f\x05\x16\
\xd30\xce\xb0f\xb7\x5c\xc0\xe9G\xcc\xc6\xfci\x22\xc0\
F\xb3\x91rU\xd9C-\x95\xc4\xe3\xcf\x15p\xd3\x83\
[\x91\xce\xe4\xe4\xa1 \x87\x9f\x04*\xf9<>\xf1\x91\
K\xb1x\xc1\x1c4\x1a5\xd8n\x1e\x85\xe1u\x9cq\
\x86\x15\x87R\x84\x08\xb3\xcd\xe6\xef\xc9^\xe6\xfba\x0d\
\xfc\x84\xe2D\x07\xd4\xba\x95\xe3T$\x15\xd9C\xeao\
\xb6\xa1d\xfe]\x1b\xef\xc1\x937}\x17Iw\x8c\xb3\
\xf5\xe8\x04\xa8\xbc%\x0e<Y\x105_s\xb0\xef\x89\
o\xc4\xbc\x83\xceG\xa3!\x11\xbb\xb6\xc5s\x0fR\x9c\
\x10\xf9\x06\x81*Jc\x1b\x11w\xea\x9c\xab\xf1\xe2\xd7\
^\x84\x13N>\x16\xa5\x91aF\xe6\x1c\x18@\xe7#\
\xd6\x85\xdf\xdf\xbc\x1e\xf9j\x8a\xf5>\x8a\x14\x09\xf6\x98\
B\xc6\x1d\x94\x8bE\xbc\xf0\x90\xe9X2;\x85j\xa5\
\xaa\x1d\xd4\xd4\xd3\x8c\xb0$\xd2Qr\xb5&^\xe6\xfa\
\xe9\xf3\x19\x0a\xc2\x89\xd8\xc6\x89\x00|w\x5c\xeb\xdb!\
\x0e9V\xc1X\x87\xbd\xf7\xc2l\xbd\x94\x94\xb5\xd0\x12\
5\x96(\x0f\xc0\x00\xbb\x13\x12\x09\xfc\xf6\xfd\x92a\xac\
-U\x85\x9f\x14+e\xc8\x8e\x82i\x09\x02\xbf\xfa\xa0\
\x10\x85\x12%H\x9e\x9b\x9asq\xf6\xb1sQ\xad\x96\
\xb8b\xador\x11\xf3\xe1\xaa4N\x06\x7f\xbeU\x1c\
\x08\xae\x89G,\xaaCq\xe7E,?\xec`\xbc\xe3\
\x92\xd7\xb1\x8e\x80\x82Q\x9e]q\x1d\xee\xfe\xd3\xc7\xf1\
\xd4]?F\xa5\xb0\x99\xb9\x81 \x90\x98e\xa7\xda\xec\
\x987y\xd6?\xaa\xcd\xbd\xad\xa8\xeb\xd8\x8c\xd4Q[\
\xb2\x1d\x89X\x88\xed\xdf\xfe\xcc\xbf\xf0\xc4\xcd\xdfF\xc2\
#[\xbb\xcd&9\xd5\x95\xd85\xda}\x1b\xc5z\x0a\
\xfb\x9d|\x89\x04\xfe\x86\xa8\x7fh\x90S\xf6i!\xa4\
 +\x17\xe7\x87\xd6\xe2\xd1\x1b\xaf\xc4]\x7f\xfc\x14F\
6?\xca\xf7\xc8\x9f\xe3\xf2\xcf}\x0c\xb1\xb8J\xeb&\
\x90\x7f:\x9d\xc2\xca\x8d%\xdc\xfc\xf06Q!\xb8^\
\x17\x05OUva\xd8h\xb8\x16\xa6d\x5c\x9c\xfd\x82\
y\xa8UL\xef@A\x80\x94%J;\xaa\xe9\xa1\xa9\
(\xda\xf0\x06\x9b\xca\xbe\x90\xa8jp\x0e\x81[\xd1\xfe\
O\x93\xdd\x85P\x11\x14\xe3\x1b%&\xf3\xaf\x08\xed\xaa\
Zr\xcd\x85\xb7\xba|\x84\xec/DH\xa7\x10\xe8^\
zv\x09\xf9\xc9\x97\xe5\xb5-\x95\xd1\xbc\xc8\xb2\xa2\x92\
0\xaa\xa6\x03\xcaH\xc3\x9e\xa1\x94+*+\x0b\x1d\x80\
r\xa9\x88\x13\x0e\xe9\xc7\xbe\xb3\x92\xa8\xd5\xe8\xa0\x09\x9f\
'54\x02\xead\x22\x81\x15\xebGq\xc7\x8a\x1dH\
\xa72\xda]\x94\xdahT\x0a\xf8\xd4\x87\xdf\xcd\xae\xbe\
\x94\x99\xa78\xfa,\xb6\xae\xbc\x0d=\xb1\x0a\xb6?q\
#\x1e\xbc\xfa\xf3\xd8\xb8\xf2Zx\xae\xf0VcW\xd4\
\xb6\xf9\xfb\xc4\xd6\x9a\x16\x8f\xc0\xfa\xc9?\xc22\xf3\x7f\
\xe3\x0aS\xe7\xbd\xddW\xd8c\x8e\xf6c\xf3\xda\x9b\xb0\
\xea\x96\xef!\xe5\x16Y\x8fB\x9c\x96\x7f\xc6\xb8\x94\x10\
\xffUrS\xd8\xff\xe4\xb7`\xee\xfegK\xb1KU\
FR\x0f\x8b\xe4\x1d\x84|k\xa5mXw\xff\xaf\xb0\
\xe2\xef\x97\xa3\xb0\xf9a\xa4\xbda<u\xff\xd5\x80[\
\xe0\xb4\xec'\x1c}\x18^\xf1\xca\x97\xa082\x22\x92\
\x88\xd0\x7f\x94' \x96\xc5\x9f\xff\xf54\x06K\x94\x8b\
P\xcb\x82\xe2\x1c\x11,8T0\xb5\x84S\x0f\x9b\x89\
9S\x1dT\x1a5\x11' \xeb\x03\xf8\xc5f|\x9f\
_S4Ud \xc8\x14KN\xcb\xa8%\xa8\xa7\xa5\
\xc5\x09\x15\xb1\xaa2\x19\xed\xc9.\x98#\xf0U\x8fa\
\xd3\xb9T\x02\x86\xec\xf3&f\x9a(\xb9\x81\x89`B\
\xd4];\xed\xc8v\x022\x8e)\x0a\x84\xb1\xa2\x94\x89\
\xd4E{\xa4.\xd3\x15B\xeb[t\x8e\x03Y\x8a\x0a\
@&V\xc3Y/X\x00\xbbQ\x95\x19p\x04\xc2\xf1\
\x19\x0b\xca\x13\x9f\xc6\xdf\xeex\x1a\xc5*\x95\xc9\x96\xac\
\x1a\xd5\x05\x18\x1b\xc5\x09\xc7\x1f\x81\x0b\xce=C\xf8\xa7\
{5<\xfd\xd0u\xb0\xdd\x22\x9cx\x06\x99t\x06\xf1\
\xeaN\xac\xff\xcf\xcf\xf1\xd0\xb5_\xc2\xf0\x96\x87`\x93\
\xa1\x97\x07\xd5*y\x87\x94\x04\x95B\x88\xd8WF\x1a\
\x8a\xbb\x11\xcf\x84Y\xf1(\xad\xfc\xee\x88\x17\xad4\xfc\
\xad\xfa\x9bL\x1fMV\x03\xa9\xc7\xa1\xb5\xa3\xf9>\xbf\
\xf2:\xac\xb9\xf5\x87H\xd9\x04H\x94cAT7\xd6\
j\x1e;\xc6\x9c]\xd9Ka\xff\x17\xbe\x05\xb3\xf6=\
\x85\x1d\x84(D\xd7T:\x8bX\x0d\x02\x90\x026\xad\
\xbc\x0e\x0f\xfe\xf5s\xd8\xba\xe2j\xc4Q\x80\x1dK \
\x96\xcc\xa2\xb4k=6\xae\xbc\x8d\xfd\x0bh\x0c\x9f\xfa\
\xc0\xbb\xd1\xd5\x97E\x8d9\x09\xb1\xef\xe43\xf0\xd4\xc6\
\x12nyp+Ri\xa1\x0b0a\x8dx\x86z\xad\
\x819Sl\x9c\xbc|\x005\x8a\x11P\xd4_\xcdW\
\x91i\xa9<\x0b\x87\xf7R\x11\x12nK\x12;\x1d\xe3\
\x12\xf2\xba1d\x1b\x03P\xfc\x88\xc2\xdd\x89\xc4\x95\x9b\
\xe1\xbb\xb9\xab8\x09\x036\x15\x87\xa12(6\x0d\xca\
0\xc1\xef\xf6\xa5\x89zHW\xd02M\x98\x86j_\
.\x8cn\xd4_\xc8\x80\xe4A!\xbc\x96\xc5\xb9\xe3\x96\
.\xcc\xe1\xe0}\xbaP\xadV8DT\x17\xd7\x90l\
~\x22\x91\xc0\xda\xadU\xdc\xfd\xc4\x0e$\xd2\x19\x99\xd1\
W\xf87\xd8n\x0d\x1f\xbd\xecm~\x08j\xb5\x80\x91\
\x1d\xcf\x0b\xeb\x039x\x90\xfbp<\x89\x5c:\x89\xd2\
\xce\xc7\xf0\xe8\xf5_\xc1\xaa;\x7f\x8azeP\xcb\x93\
\xd1\x03\x97GH\x1edN`)\xd3s\xb1\xc7\xa1\xa4\
\x06Q\x9a\xfe=\xb5,\xb4z\xbf]\x7f\x93i;\xf0\
\xae\xdc\x11\xa2\xd2\x1b\x9f\xb8\x06k\xef\xfc\x19\xb2\x09\xca\
\x0eLT\xde\x15\xae\xe4\xbc\xc5BkC\x1e\x98\x157\
\x89\x03^\xf8\x16\xcc\xd8\xe7\x04\xa1\x17P\x15|\x94\x02\
M\xe6\xf6\xcb\xef\x5c\x89\x07\xae\xb9\x1cko\xff!P\
\xd8\xc2,\xbd\xe3\xd9pX1[C\xbdZ\xc2\xb6\x0d\
O\xb1\xdf\x00\x89\x0fK\x16\xed\x83\x8b_\xf3RTF\
D\xaeGN\xe3F\xb5\x04\x9c$\xae\xbd\xf3\x19\x8c\x94\
\xa9.\x824\xe7\xea\x09I\xe7\xb0Z\x11\xa7\x1d9\x1b\
\xb9\x944]\xca(AM\x9f\xb4\x8d\xce\xe0P\x10\xcc\
\xbb\xdfd\xa1\x0a\xfd6\xe1!h\xc5\x9a8\x9d\x9e\xee\
\xcd8n\xc1\xa1\x18\xbe\xfff\x02\x13\xcdy\xf8\xc6\xd5\
\x96\x03\x0b\xb0\x0c\xed\x22\xd4B\xec\x7f\x13e7&\xe9\
\xeb\x01B5\xd7\x02XHO)z\xa2\x11\xa3\xd0b\
E\xb5\x88\x17.\x9f\x81l\x9c\x0ar\xfaO\x8b\x83)\
\x12N\x12%\xff\xc7=\x1b1Vv\x10\xe3@\x11\x92\
S\xc1AB\xc7\x1f{\x04\xce8\xf5d\xadyN\xa4\
zq\xe8\x99\xefAv\xee\xd1(V\x1a,>\xb0}\
\x99\xbc\x04\x13i\xa4\x13\x0dlz\xecZ\xac\xb9\xef\xaf\
\x92~4_J\x98\x11\xe2c\x03\xa3;Wb\xe3\xea\
\x1b\xb1\xf5\xe9\x7fsFb\x0e%6\xb8\x81\xff\xb6u\
aoz\xf7\x05\xc7\xea[\x166<v\x15\xd6\xfd\xe7\
\x97\xc8&hY\xc8\xba\x22\xed\xfcF\xc6\x9c\x86[C\
\xd9M\xe1\xc0S\xde\x86\x81}\x8e\xd7>\x02\xda#N\
\xae\x1b\x97\xf6\xaa\x17\xf0\xe8\xad?\xc5\xf8\xa6G\x91M\
'X\xb9Gn\xc0\x84H\xeb\xb52J5\x07\xb3\x97\
\xbf\x04\xcbNy\x83\xb0\xe4\xc8$\x1f\xef\x7f\xc7\x9b\xd1\
7\xad\x87\x8b\xb1\x08)B(\x7f\xd7l(\xe0\xbeU\
\x83,\xfeq\x06c\x99\x22\x9e\x89\x85\xe3\xa1\x5c\xad`\
\xff\xb99.S^!\x072\x1e\x97\xf6\x02\x93\x04\xae\
\xf9P*N3\xb8.\xc6Z\x87\x12\xe5F\x9b\xeb&\
\xb1\xfe\x11\xdb\xa8\x14\xf8M\xe6\xc5\x10\x98\x09\x94\xd8\xa2\
\x81\x80\xc2\xc2d\xf5L\xca\xab\x14=!'\x87&[\
e\xe0/S\xb2o\xbe\x84\x9a\xc0\x94\xd8\x8d\xd7d\x7f\
\xc1q\xcaR\xcd\x5c\xb0\xa3\x81\xa9]\x16^\xb0t\x00\
\xb5\x8a(\xe6\xa9^UQX\x89\xb8\x8d\xedc.n\
_\xb1\x15\xb1t\xcePZQ\xb0O\x11o\xbb\xe45\
,\x0b\x8a\xbc~Bv\xcc\xf5-\xc0\xa1g|\x00\x9b\
\xd7\xde\x81\xe7V\x5c\x8b\xfa\xe8\xf3H\xc6\xe5a\xb0c\
\x9c\xa16\x9d\xe92f\x1b^\x00\xa9en\xe4\xb1\xea\
\xae_q\xfe\x7fK\x8a'Ow\xcf\xc6\x92\xe3^\x85\
\x81\x05'hM\xb7\xa9\x04\x8c\xd8\x9dI\xb3fQf\
\xc4\xbdv\xe9\xf6\x88R\x8aJc\xcf=z\x15\xd6\xdf\
\xfb{\xe4\xd21X\x1cag\x9e\x1a1/\xd7\xad\xa2\
\xe4\xa5q\xf0\xe9oE\xff\x82\xe3D\x96 b\xdd\x9b\
8;1e\x8a\xc6L\xa4r@*\xcd\xa5\xd9\xb9P\
h\xa3\x8cb\xc5A\xd7\xac\x83q\xc0Q/C\xdf\xcc\
e\xfa$\x92\xfe\x80\xf4:\x0b\xe6\xcd\xc1\xcb^r\x06\
~\xfa\xf3?\xa1\xabo\x0a\xea\xd2\xc3\xa6a%q\xe3\
}\xcf\xe3\x85\xcb\x96\xc3\xb6J\xba/N\x14\xce\x1e\xaa\
@\xda\xa9\xe3\xe4\xc3f\xe1\x9e5\xab\xe1YYx\x96\
H<B~\xf9\xa2B\xb4J\x1bo\xae\xad\xca$M\
&H\x95\xf3\xc8\xac ,\x15\x85\xda\xc30\xe8\x05h\
Rk\xbd\x16\x93H\xc3\xef\x03\xbb\xd4U\x184>\xdc\
\x02\xf3\x9f\xa6\x8d\xbe\x93 \x1f\x7fc\x0c\xd6q\x02\x9b\
e\xe0\x9e\x11F)~\x07;R\x0b\xd6d\x9f\xe6\x7f\
\xfcwMN\x82\x9f\xa7\xa4\x8f\xd5\x0a\x96-\xec\xc5\xdc\
\xa91T+5\xc1\xb6\x19\xe3\xa6\xc5Ne\xbbp\xef\
\xaaAl\x1d\xac!\x19O\xf2w\xec\x0a:^\xc0A\
\xcb\x0e\xc0yg\x9e.(\x91\xf2\xf7\xd7\xde~\x0ef\
/9\x15G\xbc\xf8\x93\xe8_z\x16\xcan\x9c+\xea\
PB\x8ad\xdfB,Xv\x96\x01\xb4\xd1T\xf1\xd9\
\x15\xd7b\xcbc\xd7#\x9bp\x91\xc9$\x90M\xc5`\
\x97\xb6`\xd5\xad?\xc0\xba\x07~\x07\x0bd{\x16\xde\
k\x13'C\xed\x9cL\x84Y\xfb\xbd\xc6a\xa8s-\
\xbd\x22\x09\xf8\x9f}\xe4Ox\xe6\xfe?\xa2+E~\
\x171]\x90SP>:rD\xb9\xeb\xa8 \x83C\
N\x7f7\x06\x16\x9c\xc8\x09X\x08`\x03\x80\xef\x8f^\
\x00\x89\x9d\xc2\xc2\xc3\xceE\xd9%\xdf\x81:'u\xad\
\xa7\x06\xb0\xe8\x847\xe0\xf0\xf3>\x86\xbe\x99\x87J\xf9\
\xdcO4\xa6\x80\xf3moz\x0d\x12I\x87+!\x91\
\x9e\x86\x1d\xc0\xd2Y\xacX7\x84\xf5\xdb*\x5c\xd5\xc9\
\x06\x85}\x0b\x90c.\xc0\xb6Q\xab\x96q\xf4\xd2i\
\x98\xde\xe3\xc8\xb2\xed\xf2\xfc\x91~CB\x97\xb9\x94\x5c\
\xb9\xd8\x87t\xad\xd83a\x89\x11\x8c\x14%\x94Ko\
\xa0\x8e_\xd42\xb7\xdb\xaf\x16N?\x01y\xdf\xb0*\
\x98\xe7\x8a\x11@\xf8\xe1VW+\x87\x11s \xe1\xce\
\xcd\x01\x85\x1e3\xec\xf8\x93\x9ct\xd3m\x15\xcfo\xc1\
v\xcb8\xee\x90\xe9\x88\xa3\xc2e\xa6\x03\xa9\xad\xc9Y\
\x84\xdc\x83\x1bI\xfc\xeb\xa1\xad@<\xa3\x13\x8d\x90\xcc\
\xe9\x96\xf2x\xf3k/d\xd9\xbeA\xdab-+\xf9\
IK\x89UL\xa6\x07\xb0\xf4\xf8\xb7b\xf9\xb9\x1fC\
f\xce\x11\xa8%f`\xbfc_\x85Xb\x8av\x0f\
\x0eja\x85e\xc2\xad\x8fa\xdb\xd3\x0f!M)\xac\
\xe0\xb0x\xd2\xf0\xa8dx\x0a\x99\xb8\x8b\xcd\x8f^\x83\
\x87o\xf8\x1a\x8ac\xcf\xf1\xf3\xc1\xcc\x0c\xcd\x1a\xe5=\
Q\xd0hD0)4\xd2|)\xe4K\x14\x93J\x99\
=\xfd\xd0o\xf1\xec\x03\x7fA6A\xc0,\xd7@\xfb\
\x94\xd8\xacM'@\xaa\xd8\xdd8\xe4\xcc\xcb\xd0\xbf\xe0\
Daz\x95\x05:Z\x8dEQ\xc0\xfe\xf9\xc7`\xfe\
\xa1/E\xd1\x19\xc0\xcc\xe5\x17\xe2\xa8\x97}\x0e\xf3\x0e\
\xba\x00\xb0S:\x15y G\x1f\x8bV\x0d\x1cq\xc8\
\x81x\xe1\x89G\xa3<6,\xe7N\xd9\x84m\x8c\x15\
l\xfc\xe7\xb1\xed\x88\xa73Z'\xa1\xcd\xd2$Z\xd4\
\xab\x98=5\x86C\xf7\x9d\x82j\xa9\x14\x80\x01\xde\xd9\
\xd0AW.\xb7|\x91n\x81\xbf\x0eF\xdd+\x05_\
'\xdb\xd7\xc9\x0e\x0bD\x12\xde\x97\xd6\xcf\x9b\xab\x1c\x08\
|\xd6\xe3\x8a\xf0<\x0b{\x90\x85)Ix\x10\xbes\
\x8f\x9fh3<@\xc5\xda4\x0d\xd0`\x81[NX\
\x7f\x92ZV\xf2\xd9\xaf\xbb\x18\xe8I\xe0\xd0}\xfbX\
\x11( X\xb8\xff\xf2'b\xe9\x92\x09\xac\xdaZ\xc4\
\x93\x1b\xf3H\xa6{\x85u\xc0\xb3\xd9\xec30k\x06\
.\xba\xe0\xc5,\xa9\xb2\xdfHh<\xdc\x17\x918)\
\xf2\xf4N_\x86\xc3\xcfZ\x82j)\x8fD\xba_s\
!Q\x0bNG\xb2Q/\xc2\xadQ(\xb20\x1b:\
:jL\xb8&g\x92\x0e\x0a[\x1e\xc1\xc3\xd7m\xc3\
~\xc7\xbf\x01\x03\xf3\x8f\x91gIe\xa3\xd5\xbc\xd1\x9e\
\xe8f\xf5\xa8\xc4\x0a\xeeYKB\xd6\xa5u\xa9a\xdd\
}\xbf\xc6\xf3\x8f\xfc\x0d\xb9LJ\xa6\x9f&\xed\xb3\x88\
\xb6\x13Y\x94\x09\xa0\xea\xa8\xc7z\xb1\xfc\xccw\xa3o\
&\xa5\x06'}\x8aX\xec\x89F\xa2,(K\x8e~\
\x05\x16,{\x11\x12\xa9ib&,:\xd0\x03\xcd\x15\
\x8e\xa9M\xca\xecl\xc3\xc1\xeb^\xfdr\xdc\xf4\x8f\x7f\
\xe9\xac\xd0\x1eqy\xe9.\xdc\xfd\xe4N\xbc\xf6\x8c\x85\
\x88\xc7\xc89\xd8(\x1a*S\xd09^\x09G/\x9d\
\x8a\x7f>\xb8\x1d\x9e\x95\x96\x13\x96\x16\x9d\xd0Y\x15\xf0\
cx\xaa\x09\xa5C\xe4\xc2\x05\x98\xe2\x08nW\xe4\xed\
\xb7&\x84\x89(\xe0\x8f\xe4\xc2\xc3\xb0\xc6~7!y\
Zu\xa6^\x08L\xaeM\xa0H\x04\x87oH|\xc1\
\x89\x87qb\xab@\x94\xe6\x99\x86',\xac\x05\x9c\x10\
\xd1\xb2P\xab\x94q\xd0\xc2>\xcc\x9e\x1a\x17Uc\xe5\
\xe9\x14\xae\xa6\xa4\x11m \x9eL\xe3\xde'\xb6c\xbc\
\x1c\x13U\x7f9K\xac\x8d\xda\xf88\xce9\xebT\xcc\
\x9e1\xc0\x14\x8a\xb9VC\xae\x0b\xd0\xa6\xc0\xba\xa4\x91\
H\x0f\xc8(F?\xa7\x81\xb9\x02\x0atc\xc9\x1e\xc4\
\xb3S\xd9\x01\x86\xfd\xd2TN8\xe5\x17A\xdcE*\
\x05\xa7:\x84\x95\xb7}\x0f\xeb\x1e\xfa\x03\xa0D\x02\x02\
\x14\xa3\xf5\xc9SmE\xeb\x9b\x0f\xa3\xa9\x14\x9a\x5c\xbb\
\x8a\xf2\xd7\xf1\xd4=\xbf\xc0\xf3\x8f\x5c\x8bl:\xc9z\
\x00q\xe8E\x00\x07\xaf\x0d\xa5Xo\xb8\xa8\xc6\xfa\xb0\
\xfc\xacK\x19\xf8Uf\xe0\xc9LH\x10g\x87\x81\x9f\
\x91\x07\xe7b\xa4\xd54\xd3\xb0\x9bT\x9a\x00G\x98\x04\
\xcf:\xedd\xcc_4\x9f3C)\x00L&Sx\
f[\x19k\x9e/\xb0\x1e\x87\xa3\x11U\x06`\xe6d\
\x1d\xd4\xcaE,_\xd4\x87i\xddT@\x96\xf2\x0b\x8a\
\xf3\xe0\x9agU\xe9n\xf8\x86\xdc'\xe9\xf3\xd2\xe9\xe4\
\x02g_\x95\x0f\xef\xc0$\xdb\xa9\xd2\x90M\xb3!\xd8\
\x0a\x92\xab0Got>\x19\xc5\x11\xa5\xf5\x8aj\xcf\
\xbc\xa7U#\x1d\xb6\x1f\x95*\x9a\x87\xaf\xc5\x08:s\
e\x1c\xb5\xdf\x14$l\x8a\xe5\x93\x87O\xbeC\xac6\
i\x85\xf3\x15\x07\xf7\xae\x1c\x84\x15Oq\x9ezj\x93\
\x8fj\xcc\xc1+.z\x09/<\x15\xfb\x08F\x9d+\
e\x8d9\x09\x95\xfbM\xc9\xf7\x13l3?\x93\xc6\x82\
e\xa7\xa1TO\xf0\xb8\xb8D\xb7\xb6^\x88^h0\
\x14\x8aL~\x0c\x9bV\x5c\x85\x87n\xf8*\x0a\xa3O\
\x0b\xe7\x19\x96mU^\xbd\xdd\x91\xe3\x9b%l\xc5\x89\
6)\xde&\xba\xa4\xc3\x96e\xd5\xb0\xe6\xae\x9fc\xf3\
c\xd7!\x9b\x11A=\x9c\xd7P\x85\xb2q\xb2\x15\xf2\
\xd1wQqz\xb1\xec\xcc\xf7\xa1w\x06\xc9\xea\xc2\xc9\
G\x13\xc9\xc90\x22\x12\xb1+v\xbf\x19\xec\xd5\xccd\
\x85\x07\x22\x0e\xf5:\xa6\xf4t\xe1\xac3N\x81[\xa0\
\xeaB\x82[ \x8f\xc1B-\x86{VnG,\x99\
\x16\x8a=%\x06H\x80\xa9\xd6<\xcc\x98\x12\xc7\x01\xf3\
\xbaX\xdf\xa3\xabi\x18\xb6C\x9f\x9bey\xd20\xb5\
\xf9\xe9\xe8\xcd\xa1\x85\xa7\xdb\x92\xf0\x99\xaf\xb5\xe2\x88'\
\x95\x85[p/\xaa-\xe9\xabcM\xe8\x12\x1a\xa9E\
n\xa5$\x8c\xde\x91H\x9b\xb3\xd9\xbe\xf8\xd3\x0aR:\
\xadO\x09J\xc4\xa67 \x01\x10Q\xfc\x5c\xc2\xc5\xfe\
\xf3\xbb\xd0\xa8UD\xae\x13F\xf3\xca\xff\x9f<\xffb\
xz\xeb8\xd6m\x19G*\x9e`\x99\x80\x0ea\xb9\
\x5c\xc1~\xfb\xef\x8b\xe3\x8f:R\x00\xa6-X\xf3\xa6\
\xf1\x07>\xf9\xd4\xddO\xeb\xd4\xfa\x12\xca(\x173\x16\
\x9d\x84\x03Ny;*\xa0D\xa3\xc4\xa5\xa80G\xa9\
x\xe2O\x0d\x1e[6\x19Ci\xf3#x\xe8\xda\xcb\
\xb1\xe5\xe9\xdb$\xc7\xe0\x97s\x0c\xe7$P+\x15\x8d\
\x8a\xc2z\x03\x9fc\x89\x1a{\xb8\x95\x00\xf2S\x1a}\
\xab\x8c\x95\xff\xfe1\xb6<~=\xebM\xc4m).\
\xf1\xc9\x92&\xbaF\x15\xf5x/\x96\x9f\xf1^\xf4M\
?DT\xf2\x95\x94_\x9f\xb5p\xff\x13!7S\xdc\
\xe4\x7f\xc3\x9c\x8d\x0f\x8c\xc2\xe7B<u\xc1\x8b\xcf\x86\
\x9dH\xc0\xe5*\x9c\x0e\xa7\xf0\x8a\xc5\xd3xh\xf5\x10\
\xc6J\x94p\xd41\xf6^ \x10\x22&\x09\xbb\x8ee\
\xfbN\x03\x1a\x14a\x18tP\x12\x08L\xd6\x1d\x90\x09\
D4a22\x03\x89Q\x059\xb8&\xf7\xee\xb0(\
\xad\x0a\x86\x84g\xd7)\xc7\xd4\xd4\xbe\x0c\xaf\x97\x97\x99\
\x93\xa0c\x19\xdc\xc7V\x93\xc3\xdc\xecs-\xdbf*\
\xabMC\xaa]\xfe78`\xadP\x0bR(\xd3w\
\x80\x0eS\xadZ\xc3\xeci\x09\xcc\xeeO\xa2Ba\xbb\
\x04\xc4\xc6\xf3\xa4Uw\xe2)<\xf2\xd4 \xc6K\xd2\
\x0c\xc5\x14\xcc\x86[*\xe3\x9c\x17\xbd\x90\xd9W\xca\xf6\
#*\xccNN:\x9e\x88}V\x1c\x05Y\x12\xe6.\
=\x0b\x87\x9d\xfb!\xd8\xdd\xfb\xa0X*InQ\xa6\
$\x17\x0b%\xe4\xe7\x06y\xad%\x90\xa8\xee\xc2\xea[\
\xbf\x8b\xd5\xf7\xfe\x1c\x9e[0\x1c\x87\x02\xe4\xc1\xe06\
';\xf2\xe8\xd9\xf8G5\x9c\xa6\x8a\xe6Q\xc4c\xb7\
}\x1f\xdb\x9f\xfc\x07\xdb\xe4\xd9\xdfB\x9a\xbe\xc4\xd9\x11\
\x87\x8d\xb4\xee\xf5\xc4T,?\x8b(\xff!\xc2\xde\xae\
e\xf5\xd6\xd7\xc4\x1c\xa79:\xf5w\x14\x0f\x00m\xe5\
\xa1\x15:\xee\xe8\xc3\xb1d\xff}Q\xa9\xd4\xa4\x82\xd0\
c\x97\xf0\xe7\xb6\x15\xf1\xf4\x96\x12\x12\xb2\xa2\x90&.\
\xac8\xa6\xdc$U\x1c\xb8\xcf\x14\xa4\xe2\xe4\xb8dZ\
\xa2\x95'\x9dL\xea\x198\xadb_\x19\xc6$\xc4j\
\xa5s\x8b\xb9J\x1c\xea#\x18\xadT\xde\xf3K\x15\x1f\
1E\xbe\x96\x02X'\xec\xa5`_'3\x04C\x7f\
\x10\x18\x86\xd9\xa2\xda\xb6 rh\xcdn\x88\xd0_\xda\
\xa0\xfd\xe6\xf6\xa0+\x05\xd4\xe84\xaal\xc3R\x81F\
\xdb_\xaeZxd\x0de\x8fM2\x95e\xbb?U\
\xf2I\xc4q\xf6\x8b^\xa8\x15\xa0\xbb\xab\x17k\xcb\x01\
H\x8aM?\xe4`\xd43p\x10\x8ex\xc9\xc71\xed\
\x80\xd3P\xa8\x92\xb2L\xda\xd0t\x88\xb8\xd8x:l\
d\xff\xeeJZ\xd8\xf6\xd8\xb5x\xe8\xfa/\xa10\xb2\
NG#\x9aT\x87\x8f\xe2\xee\xe6\x07\x08|6\xe9\x94\
\x91-Z*\xbf\x5c\xb7\x80\xc7o\xfb>\x06\xd7\xde\x8e\
l\x86d~\x81\xb0\x84IL\xfc\x90+.\x95[\xab\
'\x07\xb0\xfc\xec\xcb\xd0\xd3\x7f\x90T\xd6MJ\xd0\x98\
`\xb4F\x9a\xef\x09t#\x04\x88\x84\xdc\xb3\xa9$\xce\
8\xf5D\xb8\xa5\x12\x1c\xca\x0b)\xf4\xc7\xc8\x97\x1d<\
\xba~\x17\x9cXR\x8cS\xca\xe1J\xae\xafWkX\
0\x90\xc1\xf4\xbe\x14\xa7\x0f\xf3WGjV\xe4\xb4|\
\xc9@\xb1\x00B\xc1\xdb*\x83VK\x19\xbf\xe9Vp\
\xcd\xcc$\xa3mW*\xe0\xe6\x1d\xe2\xecU%\xacv\
\xee\xa1\xfas\x98\x95P\xb2O\xc8\x06\x19F\x08\x01\xfb\
\xb3\xf1\x99\x0fl\x93{\xaa\xbf\x91\x81\x8cG\xd2O\xba\
=\xc2\xa9c\xe9\x82)\x88Yu\x81\xd9\x958\xa1<\
\xf6b1l\x1f\xaec\xdd\xa6Q\xce\xed\xaf\xfc\xd4\xcb\
\xd5*\xf6Y0\x0bG\x1ez\x88\x04\xd2\xc9\xa7:\x9b\
\xcc\x91f\xac+S1\x92\xd9\xf0\xc0\x93\xde\x81E\xc7\
_\xcc\xc9*H9\xc8n\xa9\x92\xf5\xf4\x7f\x88\xe2[\
\xc8\xa5\x12\xa8l}\x0c\x8f\x5c\xfb\x15\xf6 d.\x87\
\x01R*\xa1L\x85\xde$\xc9F3\xaa5h\x99\xe2\
\x06\xa9\xaf\xfa\x18\x1e\xbf\xf5{\x18y\xfa.\xe42\x99\
\x80\xf2S(\xfe\x84\xff\x04\xd5Qp\xd3\xd3q\xe89\
\xefG\xcf\xd4\x03\x04\xe5o\x91>]\xaf\xcdn\xc69\
\x84\xfd\xf0\xcd\xcfV\xc4sg\x9dv\x12l\x19%\x08\
\x15c\x10\x8b\xe3\xb1\xf5\xbbPn\xc4\x84\xff\xbe\x0a\xf5\
f\x13\x86\xcd\x95\x8d\xfb\xba\x1c,\x9a\xd9\x85F\xbd,\
\x22A\xf9\x09\x81\xfcDMA\xc5\xd5\x0a=\x8d\xda\x13\
_\x9ch\xef\xda\xdd\x96\xeb1\xf6\xb7\x13\xa2\x1bnS\
\x89\x8bf\x17\x820\xf2\xc2K\x17TCni\xd2\xf6\
K\xd6A\x01f\xd8\xc9@\x8f\xd3\xea,\x08\x85\x17\xac\
E@\x8anG\xad\x9e\x8f\xb0\x22E\x0e\xda\xabl\xca\
\xc2\x92\xb9\xdd\x5c\x05F3\xef\x12\x1d\x93\xb6\xd8I$\
\xb0nK\x11;\xc6TBO\xa1\x14\xac\x97\xf28\xfa\
\xf0\x83\x91\xcbf\xa4'\x1a\xfeK\x97@n~\xb8\xb0\
\x00\x182A\xce[z.\x0e9\xeb2x\xd9\xd9(\
\x96)Z\xceH\x8c\xe2\xbb\xcds\x5c|2\x99F\xbc\
1\x82\xd5\xb7\xff\x10O\xdd\xf7+\xb8\x0d\xaakg\xcb\
\x87|\x97\xb4\xce\x95\xb6\xbe\x12\xad\x85\xc0\xc7\x1c\x0b\xfb\
1\xd4\x06\xb1\xe2\xa6o`\xe4\x99\xbb\xd9\x07\x9fBr\
\x85\xeeB{\xb5\x08kL\xb5\x82zr:\x96\x9f\xf5\
~tO\xddO\xe7\x02\x08Z1\x9ak\xe1u\xee\x9e\
l\xc8\x7f\x93\xb8T\xfd\x86\xa3\x0f_\x8e9sf\xa0\
\x5c#OL\xa1\x88$\x02\xb1\xf6\xf9\x02v\x8cVE\
\xa6ac]8m\x88\xeb!i5\xb0\xdf\xbcn@\
V\x88R\xde\x9db\xddE\x8e\x001\x0f\xf3\x10I\x0e\
\x8a\xb94\x7f\xee\x1d[\xbe\xd4<\x8d\xd2\xe1a\xde8\
\xf2\x8dP\x9b\xca7Eqsj\x1cRS&\x9bk\
\xd9\xaaO\x13t\x94\x92\xfaf/\xc9'\xad\xb3\x97\x18\
\xc5\x12\x22\x86\xc8\x07\xae\xd6\xc0@o\x12\xb3\xa7eX\
\xdb\xac\xa7\xc3\x05\xdc\x85\xcd\xd7\xb2\xe3xj\xc3 W\
C\xe3\x90O\xd6\xa8\x13\xe0x8\xe9\xd8\xa3\xf9ya\
\x14\xd8\xbd@\xec\xce\x04\xa6\xd0\xdf2@\x896\xa4w\
\xfa\xc18\xf2\xbc\x8f 7\xefh\x8c\x17\xcbl\xb2\xa4\
s$$}\xe1\x15H\x9c\x03W\x1dt\x1c\xe4\x12\xc0\
\xb6\xc7\xaf\xc3#\xff\xf8*\x0a#\xcf\x8aD\xa7\x01\x0c\
\xdf\xf9$\xa2\x15\x81b\xed\x95\x93N\xad\xbc\x1d\x8f\xdc\
p\x05\xc6\x9e\xbb\x1f\x99d\x0cn\xbd&\xa9\x81\x0a\xd7\
\xa5\xa2\xab1N\xa9\xddH\xcd`\xca\xdf5u\x89\x01\
\xfc\xe1>\x9b\xb9\xca\xff\xf6\xa5<,{{\xba\xb1\xfc\
\xe0\x03P/\x95D\xb81\xb9e\xd9\x16v\x0c\x97\xf1\
\xec\x96<+\x02u\x9e\x09:'\x5c\xb1\x88\xf2\x17T\
\xb0xN7\x1cG\x12LY\x8e,x0\xcd\xecU\
\xf2\xfc\xeaT\x5c~n\xcb\x0eF\x1b\xf9\x97\xa9\x1f\xd8\
\xa3\xb5\xe0\xc9\xc9r\xe4a\x97^\xfd\xb9\xcd\x06E\xea\
\x99'R\xdc\x06\xda\x0b\x82s\xe4\xabJ\xbcPq\x09\
M\x1a\x03!\xc4P\xe2\xc8\xf9\x03Y\xf4\xe5\x1c\xe1\x8b\
n\xf6c\x13\xe0x\xa8\xd4m\xac\xd90\xc2\xf6b\x12\
\xac\x09\x1b\x93\x16>\x9d\xcb\xe0\xe8#\x96\x8bG\x95\xcb\
\xean,p\xd4+M\xbe\x12\x91\x18^\xba\x8aR\xd2\
\x91\xf4L\x1c~\xe6\x07\xb1\xe0\xe8\xd7\xa0X\x8f\xa3Q\
'\x91@\x96\x8b\x22=\x87aV&\xb6?\x9d\x8c\xa3\
\xbc\xedq<|\xed\xff`\xeb\xfa[\xa5S\x934\xc3\
\x85\xd6v\xa2R\xe5Q\xe3\x12b\x12\xe5U\xdc\x86G\
n\xb8\x12\xc5-\x8f\x22\x9bJ\xe9LH\x02H\x84\x7f\
\x02WM\xaa\xd5au\xcd\xc3a\xe7~\x10]S\x96\
HS\xdf\x7f\x13\xc8;k[q\xb0PEH\x00\x1c\
w\xd4\xa1\x00q\x8br|\xf4\xabRu\xb1v#%\
+!\xae\xa0.\x9c\x97T\xd2P6e\xd60o \
\x83\xbe\xae\x84X\x9b\x88\xfe\xa34\x11J\xe7\xa5\x94\x95\
Q\xa3\x8e\x06l\x89`\x0c\xf9\xbdS\x9b\x7f\xa4%\xcf\
\xa0m\xcaz\xa1U\xb6\xda\xb3\xcfd\xe7\x15K\xa3\x7f\
\x07\x1b\x0a\x0fzB\x8b@(j\xcc\x17\x92\x22\xcc@\
\x06~\x88\xb26Xf\xb9)\xb7\x8a\xf93\xbb\x90\x8a\
\xb1\xf0\x16p\xb0a\x97O\x1b\x18\x1b\xaf\xe1\xd9\xad\xe3\
l\xef'\x955}O\xa1\xc2\xf3f\x0f`\xdfE\xfb\
4-\xd6\xee^a\xdf\x89Vf\xcf\xe0\x5c\x843\x0b\
\xbfk\xa5\xb1\xf0\xf0W\xe1\xe0\xb3?\x0073\x13\xa5\
JI\xe7\x987\xf3\xd01B\xa4\x94\xd7\x8e\x83xe\
\x17V\xdd\xf2]\xac\xbe\xeb\xc7p\x1by\x99\xd3^j\
\xb2U\xfb\x93\x99\x03\xfd\xc7\xf1\xf86\xca\x85\xadx\xe4\
\x1f\xdfDe\xd7SH\xa7\xb3l91\xb5]$+\
\x13\x87@\x09S\x19\xf8\xcf\xfe r}\x8b\xa5\xb6\xdf\
\x8c\xc4\x08+\xa4\xfe\x97\xab\x19\xa9\xf8|\xf9\xfb\xc8\xc3\
\x0e\x81\x9d wl\xe9\xb3\xc0\xc4\xc4\xc1\xfa\xcdy\xd4\
A\x91\x8b\xca\x5c&8/z\x8fD\xb0\xe9\xbd)L\
\xefM\xb0BQy&\xaaD\x9b\x0a\xd1\xb6TD\x1a\
\xdf\xb72\xed\xf9\xf1\xfcR|5\x94mM\xfa\xb6\xc9\
\x94\xe3\xd3\xe2\xbbB*B\x07\xa2cW[i\x22\xc3\
\xc1A\x81\xc8\xa2\x9080\xe1\x15\xe8\xc2g\x9f\x9a\x14\
\x87\x0a\xb9\x18i\xc0\xcdF\xb4\x99\x95\x17\x9e6\x08\x98\
7#\xc7\xb6\xfe\x00k)\xe5hb\xe9\xb6\x0dW\xb0\
+_\x95\xd1}B\xc2s\xcbE\x1c\xb0\xdfB\xa4S\
B\x93\xbd7\x10\xc0\xee\x85\xd9\xaa\x82\x0d26\xccu\
1m\xce18\xf2\xfcO\xa1k\xfe\xd1(\x96E6\
b\x0e\x96\x91H\x8d\xfc\xee\x85|N\xc4)\x81\xae\xa4\
\x8d\x9dO\xfe\x13\x8f\x5c\xff5\xe4\x07\xd7\x0aE\xa84\
\xbb\x86\x9d\x9a\xda\x19-\xf9y\xc9\xb6\x97\xf2\xcfa\xc5\
\x0dW\xa06\xb8\x0e)\x92\xf9\xa5\xcb\xb5nAj\xfe\
\xab\x84\xa4r\xb3\xd9\xc3/\xd3\xbb@\xeaR\xfc(L\
\xcd\xbe\x86\x15\xc9\xffK\x22@\x14\x12\xde\x7f\xc9bL\
\x9d\xda\xcb\x05b\xc5:z\xb0bI<\xb7m\x0c\xe3\
\x15\x81(L\xb3\xb4\xed\x08\xc0\xcd\xa6l\xcc\xed\xcf\xfa\
\xe6b\xc3\xc4\xa7\x9c\xc1Z\x11B\x85g\xc4\xe7\xe6\xf5\
\x0f\xbckh\xc1\x05\x82Qy1\x9b\x83{\x9a\xfbi\
\xf1\x8d\xf28\xd5l\xb5\x88W\x0c\x1c\x0e?\x8bHP\
\xd5\x12\x191\xa8\x5c\x9e[\xc8\x91\x91T]\x7f#M\
WF\x9b~\x12\xc5v\xdc\x04%\xe4\x90\xbf-\xf2\xf0\
\x03\x92q`N\x7fF\xfa\x95\x1bR\x8d\xb4\x97S\x85\
\x99\x0d\xdb\x8b(UD\x89/\xe5}\x86j\x05\x07\xee\
\xbf\x98[\x15\xc9)w\xefj\xa5\xccl\xa5\xe0\x0c\xbd\
\xed/\x89`k$\xf0\xbaHf\xe7\xe2\xb0\xb3>\x88\
yG\xbe\x02\x85\x1a\x897\x82JI\xc5\xb3(\xf0(\
\x95K\x96\x15C&\x93Bup\x15\x1e\xb9\xfe\xcb\xd8\
\xb4\xfaFX\x5c\x8eF\x00\xb4\xd9\x9f\x16E]\xaa\xc8\
K2\xae\x9f\x99H\xa5\xe1*\x0c\xaf\xc5\xc3\x7f\xff\x1a\
\xeaC\xeb\x10'\xc7\x19J\x98\xc2\x0c\xa3\x12\xab\xa8\xf8\
\x0e\xf9_T\x81\xecl,?\xfb}\xc8\xf4\x04\x81\xdf\
W \xfb\xf3\xfcop\x01\xe1\xf5o)z\x19\x9c\xee\
\x8c\xe9\xfd\xd8g\xce\x0c\xd4\xcb\xc2\xaf\x82\xce^<\x1e\
c%\xe0HAT\x0eV\x9b\xc2\xba$\x16\x89\x80\xb8\
\xd5\xc0\xec\xfe\x1c\xfbh(\x8a\xaf\xd2\xe7k\x85\xb5B\
\xe6a\x04\x17\xa5\xc42\x8f@\x08\xc6\x820\x11\x9c\x93\
r\x13\xeel\x81\x82V5\xd1\xae8D\xb2\xce\xa7\xb1\
X<\x01y\xd7\x80j3kIT\xb6 -\x12\x84\
\xb8\xfc\xb0\x89Py\xf0E\x85/\xaag\xf4\x82\xf8\xca\
\xe5\xe6\x8b\x9c\xcd\xc8\xa6\xee\xba\xc8\xa5\x1c\xf4\xf7\xa4D\
\x1dx\xade'\xd1\xc0\xe6Xt\x92O7\x0f\x96\xd8\
+\x90\x0f'\x9b!\x05\xf5\xda\x7f\xdf}\xf7*5\x8a\
\xa26\x9d\xb6\x1dX\x12\x9d D\x88\x04\x07\x9d\xf1>\
\xd4\xe3\x14\x91F\xb9\xea\x85\xd6Y\xb0\x92\xf4\xa88\x80\
\xe4k\x1fsbH5F\xb1\xee\x8e\x1fa\xe5\xed\xdf\
\x87[\x1f\x16\x91\x85\x0c\xe4\xe2 k\xf3\x93MI3\
TV\x22A\x0bH\x03>>\xbc\x0e\x8f\x5c\x7f\x05\xbc\
\xb1\xe7\x90L\xc4Y\xc4\x12\xf8\xd4x?\xe6\xa0Z\xab\
\xc3\xcb\xcc\xc6\xa1g\xbf\x1f\xd9\x9eE,\x92\x88\x90\xde\
\xd0\x1a0'\xd6\x1c`\xb6{\xdcR\xeb5o\xd5\xa6\
\xef\xb9*~S\xa6 \xfa\xb4\xef\xa2\xf9\x00[]\x84\
o?e\x92\xce\x17j\xd85ZaK\x11\x8dW8\
\x05\x0aS\xb2`\xd4j\x989-\xcd)\xe0D9p\
)\x8a\xeara\xea\xb9\x88,\xcb\xa1\xdfM_\x84E\
\xf0\x10\xac)\x1c\xd34\xaf\x89\xd6'\xf0\xc9\xfc\xcb\xb2\
b\x16\xdb\x9a\x02\xa9<\x02\x98\x22\x9c\x18\xa4\x9d\xdfq\
\x001\x18\xdc\x81\xba\xa5b\x04\x94bCaN3\xb3\
\x92\xaa<\xdc\x9aI\x95v1\xce)G\x07\x1b\xe8\xcd\
&\xd1\x93%o\xb4\xb2t\xb4\x91:\x00\xa2\x80$\xf2\
\xc3\xc6\x8e!\xe2\xebdbHY=\xd6I%\xf6\x8a\
\xfc\x1f\x15\x15\xd69\xf0\x07\xb7'\xf0\x99\x81R\x1c\xa4\
\xfe\xb9G!{\xcet\xac\xbc\xe3\xa7\x18\xdb\xbc\x02\xb9\
tB8\x97\x10\x10k\xf7`\xd6\x0e\xf2\xbad\x93\x1e\
v\xae\xbe\x09\x85\xd1\xad8\xf0\x85oE\xb6G\xcc\x93\
<\xf8\xc6vm@ap#j\xa5\x11XN\x1c\xc9\
\xae\xe9\xe8\x9a:\x1f\x99\xee\xd9\xc8\x0f\xad\xc7\xa3\xff\xf8\
\x16\xac\xc2VQ\xadG\xc59\xe8x\x07ZW\x02\xfe\
\x1a\xac\xde}\xb0\xfc\x8c\xf7 \xdb\xbb\xc8O\xe0i\xfa\
r\x04\x90ax\x86\xc1(\xcb=\xbd\xb4\x0e+\x94I\
9\xea9\xa1$u\xc4\xde3w$t\x15\xb4\xdc\x95\
\xba\x85\x9d#e8\x0bs\xb0*dR\x96s\x96\x1c\
+q8\x03}i\xc4b.[dH\xc9\xa9kL\
\x1arwt\x96\x1d_}\xd2,\x92E'\xe1Q\xdf\
kX\x94\x8fO\xa4o\xd3br8\x0b\x97r\xf3\x92\
N[\x5cP]\x8c\xab5;\x11\xa0\xcef\x07\xad\x06\
\xd1VQa\xd6\xfc\x0b*\x16\xd5\xab\xe1\xb0b\xf5A\
\xa3&\x03\x1b\xd6\xdc\x06zs1d\x92\x16\x1aU\xc1\
\xa6\xfa,\xa7\x00\x0er\xdc\xda1\x5c\xe2\xb4T*P\
\xa5\xea6\xd0\xd7\xdd\x85\xd93g\xca6;\xa4\xd2-\
\xdc\xa4;Q\xf6M\xb6}\xed\x80\xc5p\xed\x22\xd3;\
\x1f\x87\x9f\xf7\x11\xac\xbd\xf7\x8f\xd8\xb2\xf2f\xce!`\
[1]L\xd3t\xf3\xa4\x00X*\x81U\xdd\xb9\x1a\
+\xae\xfb2\x16\x1fs!\xaa\xe5\x126\xaf\xb9\x0b\xd5\
\xb1-p\xab\x05\xceH\xc4\xe2\x83\x93\x84\x9d\xecE\xf7\
\xf4\x05(\x0eo\x86]\xd8\x86xRj\xba\x8d\x9a\x0d\
4e'F\x11q58\xbd\x8bp\xe8\x19\xefE\xba\
k\x8eV\x18\x86\xb5\xdca\x8ao\x22\xc7\xa6y\xee\xc1\
Z\x99}\x85\x11\x81\xfelX\xbb\xd5\xb5x\x9f}X\
\xbb\xcf\xba\x0d\x0e\xc2\x22\xe2\x11\x13\x08\xc0\xe9\x95\xc0#\
\x93\x91\xb0\xb8j\xc3\xab\x03}]q\xa4\xe2@\x85\x15\
0\xbebO\x84v\xc9~'!\xd9\x84E\xeb\xa8\xe4\
<\xfe\xa4'\xc8\xd9\x11\x82\xa7@;J\xf67D3\
F\x00\x81x*u\x88B@o\xe6\x16\x8b\xe2\x0c:\
\x99\xa0\x92\x8d\xcc\xea$f[Q\x97\xce\x9c\x12\xd2\x06\
*\xa4\xe55\xea\xe8\xce\xa5\x10\x8f\x01\xf5\xb2\xf4mT\
\x1eY\x94$\xd4\xa1\x03kad\xbc\x0a+\x16\x13J\
C\x9b\x12\x87\x960m\xeel\xf4M\x9b\xaa#\x13U\
\x9cw\xdb\xb9\xb4\xf8~oQ\xb3p\x1bA\xa0!@\
\xcba\xff\xe3/A\xef\xec\xfd\xb0\xee\xae\xdf\xc1.\xed\
@\x22\x15\xd7N9&\xefD\x07\x9b\x0an\xd6+;\
\xf0\xd4m\xdf\xe5\xf9\x91\x11$\x1d\x8b\x03)\xb2u\xa7\
T\x94\x12\x8b\x0a\xe3\xcfm\xe7\x10\xe9X\x82\x10\xa5\x9f\
\xf3^E+\x12\xabLH$\xd6\xb7/\x0e=\xf32\
\xa4r3%\xe5\xf7\x15~\xdaal\x82\xecC\x93\x15\
\x8f\xda\xadU\x18\xf8\xdb\xad\xa9\x18\x9b\x18\xef\xdc\xb9s\
\xe0$c\x9c\xa5X\xcb\xf0v\x9c\x11\x80\xc8\xd6\xa0\xce\
\xa6\x02\x86\x06\xea^\x1d]i\xca\x03i\xa1TqE\
\xb6p\x81?&\x17\xd1\x186\x15\xaa\xdd\x9b\x00\xae4\
<\x84\xef\x19\x9cs\xe0\xd5\x10\xe7\xa0\xf9\x0fY\x07\x81\
5f\xe2\x97\xcaM\xe6S\xd8H}E\x07\xa2@\xf4\
;\xca\x05\xd8\x94\x13\x82V\x00\x13\xc9D-\x8e?\x09\
qQ@\x11\x1a5tg\x1cJ\xf5)\xa9\x8f\x8cD\
\x93:\x1c:\x9c\xa5\x1aP\xac\x925\x80r\xfc\x8b\xf8\
\x7fzo\xc6\xf4\x01\xe1\xd4BZo\xad\x19\xec\xec\xda\
-w\xceI\x5c\xcd\xae\xd8\xea\x9eP\xd8Q\xf6\xdc\xc3\
^\xfc1$\x07\x96\xa20Ni\xab\x959+\xf8>\
#\x0d\xd8H\xc6l\x8e\x86t\x9c\xb8\xd4\xe0\xdbp9\
\xc4\x98\xc4\x07^(\xc4\x93I\xe1\xf1'\xd9bF\xf6\
\xb4g\xac#\x00\xca\x95\x12\xec\x9e\x058\xf4\xac\xf71\
\xf0+\xca\x1f\x1cx3\x0em\x9a\x8bq\xed\x0d%`\
[\xb9?\xfc\xac\xd1]\xff\xc04\xe4r\x194\xea\x94\
\xffA\xf8Z\xc0\x89a(_C\x83S\x97\xe9TF\
\xf27\xd53p\x91&\xfc\x99\xb0e\xcc\x80\xcc9\x13\
0\xbdE\x8f3\xac,\x0f\x8b|\x02P\x95xl\xbc\
\x17\x9aJ\xb8\xf9\x80\xe90\x94~L8!\x19/I\
\xa7-&\xc6\x96\xf0\x04\x94.\xa9\xb2J\x88\xf1B\xa0\
#\xb3\x93\x10\xd6iu\x05&\xc1\x0d\xca\x88)U^\
Y\xb2!^\x04\x16\x8bj\xcc\xe4L\xfc\xf1\xb8\xc8&\
\x89\x9a\xd5Y^\x95\xb4O*\xac\x84\x87\x17e\xf2-\
T\x84]Z\x00\x13!\x00\x0f\xfd\x03SEs\x5c\x19\
&:\x1aQ\x8f_\xca\xd8\xad4\xce\xffMm\xb6\xaf\
I\xf7\xe3)\xe8 f{\xe6sT\xe1\xc0\x81g`\
\xacT\x83\xcba\xb6\x0e'\xb1P\x0b%\x80]rP\
\xd2,\xc8f\x14\xa9\xf4\x93<\x99<\x03\xf4\xe3#f\
UC\x9b\xfack\xcb\xd4%8\xec\xdc\x0f \xd55\
\x1f\xae+\x9ch\x22\xf4\xbe\xc1\xe0\xa1\x88\xf5\x0bl\xeb\
$\x10f\x93\xbbx\xd8]\xbd\xade\xc1\x0f\x0eS\x18\
\xaa\xaf\xb7\x07\xb9\xee\x1e\x16\xa1\xd8\xf2B\x10\xe0\xd8\x18\
\x1e\xaf\xa1\xceYf\xe4\x8c\xb4\x15A8\x12%c\x16\
\xd2q\xcakHV'_q\xae\x94\xd6-\xbd\xc9M\
\xff\x19\xf9\x13\x80!\xd3M\xd74\xb9\xb79Z\xfew\
2e\x9d\xa2\xf0F\x1f\xfe\xd9V\x1f\xd4y\x17\xd6\x1c\
56\xcd!h\xedc(\xad\xb7\x9e\x84\x92\xd7'\xd8\
\xbb\x80\xee lA0\xb5\x9c\xe1\xf6\xc2\x18Os\x0e\
>\xf6b\xdb-\x8f\xd1E&!\x0av\xd2F\xb28\
l\xec\x19\x1d\xd2b\xa5\x8eJM \x03\xa6l\xd2/\
}\xce\xec\xd9F'\xc2\x04Fr\xafo\x1a3\x01P\
D\x0ej\x17\xd0\xbdX\x01x\x22J\x19\xe9A)\x9d\
}\xacX\x17\x96\x9e\xf4V\xec{\xe2\x9b8\xc3\xae\x88\
\xb5W\xc4\xc0\xafX\xa3W\x8f2'\xd7k(U)\
)g\x0a\xe5\xba\x83b\xb9\xcc\xa2\x94\xcf\x22\x12?!\
\x15c\x16\xa5>O\xa2\x10\x9b\x8b\xc3\xcf\xfb\x10R\xb9\
\x05\xcc\x06\x93\xd9Q\xf9\x80\x04G\xd7\x22~\xddP$\
F_aT\x12\xbd>\xe6\x9e\x08Y\xdbWZ\xab}\
\x12\xee\xbb\x0a\xa1\x894\xeeb_\x85\x07\xa5\xb2\xa7\xf7\
\xf5t\xa1\xaf\xaf\x97C\x99U[\x14!X,\xd5P\
\xab\x0b/H\x11a)k\x01\xb2\xae\x80\xc4(\xf2\xc2\
\xa4\xf9\xabJRr\x1d\x8c\xca\xbbMc\x0f\x9b\xf5\xf4\
\xd9\x97\x14\xdbWou\x0c_\xc1gT\xbdn\xe3\xbe\
Y`D!3\x03\x06\xe9\x1e\xf9\xce5\x99!L\xce\
gO\xaeV\xd6\x03\xd7\xd0\xf6w\xd6N\x80\xc7\xd1\xa3\
\x17\xf7]$\x99\x03\x90\x81\x0dF\x15\x146k\xd96\
\x8aU\xaa\x0f\xe0\xc1\x8e\xc9\x12^,\x22\xd8\xe8\x9f:\
E?H&\xa0\xf6\x83\xd8\x1by\xf8&\xbeZ\x01~\
3\x8bK\xff\x0ag\x1f\x92W\xe7\x1ft\x01\xba\xa7-\
\xc2\xa3\xb7\xfd\x0c=\xce\x18\xea\x95\x82T\x0e\x0a$\xa8\
\xb8\x1brw\xcd\xce8\x18\x0b\x0f~\x11\xba\xfafr\
\x18\xf5\x8e\x8d\x0fc\xd3\xa3\xffD\xdc-p\xf1\x0c\xaa\
j#\xc2(<.\x80r\xcf\xea\x02\xbe\xfd\x97\x07p\
\xc3\x89\x97a\xc9\x02\xa1\x0c\x93\xd8\xa4\xa3y\xc8;\x13\
 \xca\xceV\xb7Iq(\xa2\xaa|\xd5cT\x99\xbb\
\xa6\xa6\x05\x02I\xc6c\x98\xda\xd7\x0b\xd7\xdd\xa0I\xa0\
\x05B\x885T\xeb@\x82\xb5\xfefvf\x220d\
\xea\x04\x121Q\x5cVQta\xf1\x8a\xf6\xb8\x8cR\
\xcc\x89\xfbV\xa8J\xcfn^!\xc1\xbf\xa9\xbf\x16:\
I\xbaGy\x9b\xf5K\xad\x14\x10\x93Sn\x84d\x9d\
(7\xde\x09\xf4\x07aE\x86~>\xa0\x0c\x90\xf2\x12\
m$ac\x90Y\x860\x9a\xd4\xc8HE m~\
\xb1TE\x9d0\xb7vZ\x122oW.\xcb\xedP\
\xf8\xea\x8e\xe7\x1f\xc2\xf0\xe6'Y\xcb-\xcc\x22t\xd0\
);L\x5c\xba\xb4\x8a\xa8\xc2\x06\xe2X\xb0\xf4\x14$\
\xd3\x22\x03p'\xb2\x7f\x93bf\x0f/\xdd\x9e.\xc0\
INB.\xfaf\x1c\x82\xef\xfc}+\xe6fv\xe1\
\xd5\xa7\xce\x87W\x1b\x15\xfe\x04\x9c\xe2\xdab\xd3]\xef\
\xa2\x13p\xf0)o\x87\xed\x88z\x08tu\x0f\x1c\x88\
i\xb3\x0f\xc4\xe37\x7f\x17V]\xd4:d-\x80\xe7\
\xa2X\xb5\xf0\xbd\xbf\xac\xc0\xfa\xa7\x0a\xb8\xe6\xba\x1b\xf1\
\x91\xf7\xbe\x9d\x9d`,ZL\xb9\x0b\xff-\xd3^\xab\
+\xa0\xd4\x93U\x96\x06\xb7=\x89\xc1\x0d\x8f\x22\x96L\
J\xfb<q\x01\xc4\xd5P\xaao\xc5\xcdzhx\x09\
\xcc\xdb\xef$\xa4\xbb\x84\xf5\xa7+\x9b\xd5\x14R\xa51\
\xa4x\xffj\x9d<\x83d\xfb\xdc\x91\x14\x87\xa4dD\
\xb5%(\xa6\x84N\x86\x1b\xc4EM\x97>\xbbMg\
!Xlw\xb2p\xc6}v\x00\xaf\xad\xe1\xcd\xf3\xc8\
0.\xdd\x19\xfd\x97\x9b\x00\xb0M}\xfaH\x93X\xc4\
@\x02X\xa9\xcdD\x15+\x165!\xf6\xce\x22\x85\x94\
TkR\xd0F,A\xb9\xf5\x93\x22\xc2\x8f);\xa9\
4\x85e\x9604a\x83r\xb9\x81z\x83\xb8\x01\x12\
\xe2\xe4\xec,\x0b\xd9\x5c\x86\x9f#\x05\xd0\xe0\xc6\xc7\xb1\
\xe9\x91\xbf\x22\x95\xa4\x9c\xf3~\x02N\xce[\xc7\xc2\x9d\
\xc8\xc9W\xb3\xb2\x98\xbd\xf0pF\x00\x9d\x82v'\xfb\
:\x19\xc01q\xa1\xbaH\x19788\x84{\x1e\xdb\
\x82\xed\xcf=\x85\x85338ii\x16\xc5r]d\
\xc3\xa1\xcc\x22\xe9~\xec\x7f\xfck\x18\xf89i\xaa\xcc\
\x88C\xcb\xd5;\xf3p\xcc?\xf4<<{\xefo\x90\
\x92\x1c\x159\xcc\xa43\x16\xe6\xce\x99\x8euOo\xc6\
}\x0f<\xaa\xfbR\x86c\xab\xe3\xb17\xa9\xae:\x9a\
kdKf\x7fR\xf15\xba}\x0d6<\xf8Gv\
Y\x16\xe5\xbb\x95\x08 cCd\xb5\xa1\x92\x9b\xc4\xb4\
Y\xfb#\xdd5\x8b_Og\xd2\x81\xf1\xd0S4o\
\xd6\x0bp\x1c\x80\x14[<\xdf\xef$fS\x16\xa18\
sKv<\xc1\xb9%\x95\x1e\xc0\x14\x1d\xc3\xd35c\
g\x02Z\xfb\xb0\xa8=\x09\xee\xd8\xcc\xbf\x19I4M\
\x91B\x22)\xc1y\x88\x17\x9a\xf8\xde\xc8\x00\x9f\x16\xca\
\x97\xf0\xe7vW\xc7\x16\x03-\xbc\xcb\xac\xf2F\xfb\xe3\
\xa3\xc3\x1c\xc1%J}\xd3\xe8\x13@~\x98\xcb6\x15\
+)\x94KUX\x8e\xa8\xdcB\x1d\x12\xdbO\xcf\x16\
JU\x11\x00\xa4\xb4\x8d\xd2s\x83RA\xa9\x8b\xcaH\
\xa7s]H\xc6\x85\xa6W\xd8s\xa5\x07\x9b\xb4\x94\xd0\
\x8d\x98\x93\x91Yhy\x90\xd8[\xd7\xde\xf0\x1d\xd8\xbc\
m;F\xc7\xc6\xe0dr\x5c9G(=\x1dX\x0e\
eL\xae\xa1\xbb\x7f\x1f$\xd33\xa49QV\xcf!\
\xee\x86\xe1\xddC\xff\xbcC\xf1\xdcCW\xc3s\xa9J\
\x8e@\xecq\xc7\xc3\xbc\x81,\xdc\x98\x8dg6l\xe2\
J\xcbT*\xbd\x15\xf7\xd3z\x1e\xd1\xf7\xc5q3\xff\
m?\xc7\xa6>\xe4\xc7x,\xc9\xc0\x9cL\x10\x02 \
\xcfE\x15\x8c+\x00\x99\x10\x80c\xc5`\xbb\xc2\x12\xa4\
\xae\x18\x99D\x0d\xff\x09\x02\xf8\x9a\xe7a\xbcTE\xda\
\xaa\xa2N\x0eO\x92L3\x17\xd8\xa8#\x15\xcb\xa1X\
\x18Gcp\x10c\x9c%X\x86\xa0S\xaa\xf7D\x0a\
\xc9Tz\xc2%h\xa9Do\xa5Ch\x91\xa2O\xf9\
i(\xee#\x1c5\xcb\xa2E\xd8\x89\xc8`G\xb8&\
s@\x11\xa9\xcdM\xa6G\x93Q\xa6{\x12%\x8a\x9a\
&\x16A\xba\x9al\xb9j\xeb\xfc\x0eE\xe2\xce\xe28\
>\xfe\x91\xf7\xe2\xb0\x83\xf6\xe7r\xcd\x14\xd4\xc3@\xd9\
\xa8\xe1\x80\x05]\x98\xde\xd3@C\xe6\x02\x14z\x0d\xa2\
`.\x12\x99\x1e\xf4\x8f\xdf\x81F}\x8d_\xdf\x95\x15\
\x10\x82\xc2\xe9\xe1\x91,\xdd\xf0\xe0\x91\x9e@\xc5\xcfI\
\x0e\x82-l\x9a\xe2\x18I=&\xbf\x0a\x1d,Rt\
\xcbM\x5cY\xc4[\xf9B\x89\x91`\xd2\xb1\x91\xa1$\
\x9d\xf2\xe0r.a2\xd9\x91\xd1Z\xdb\x81\xfd\x16\xd5\
G;\x16\x17y\x05\xd8\xa5\x9a\x0a\xaa\x8a\xb9\xa6\xc9\xee\
\xe5\xc40:6\x8e\xd1|\x1e\xd3\xa6L\xf1=\xca\xf6\
\xf02W\xd2\xda\x03\x04I\xa3!\xbf\x07a\xc24\x1c\
\x98\x08\xc1\xb1\xc5\xc3f\x8fP\x95=\xc9\x7f\xcf3\xce\
\xb7\xa0\xdc\xae\x95\xc4\x92\xe3^\x87\x19\xfd)\xb8UU\
_B\xbeD\xe1\xe6\xb1$\xfeg^\x19;\x86\xeb\x88\
\xc5\xe3<p*G\x9eL&\xf0\xcb\xdf_\x8d\xeb\xaf\
\xbb\x15\xe9\xee^\xb6\x12\x98\xa9\xca\xc3q\x82A\x0a-\
\xb3\x1c\xab\xa7\xa4\x09V?+\x95\x9d\xba\xb5pMR\
\x83\xa3\x08\xc0\x97\xa9\x8c\x97\xdc5\x9fe\xe1\x93#$\
\xb9p\x1d\xbe\x00\x80\x07\xd8\xad=7w\x09\xd95\x18\
\xae\xe8OT\xd90}\xad\x85J\x84A\x0b|\xce\x19\
'\xe3\xd8\xc3\xa9\xf6[\xa7\x978\xd9\xd9\xa9\x9b\x00\xca\
\xfe\xa2\x01Z\x98\xbd(yE`\x9el>T\xcap\
\xa1P\xf4\xd7E\x04\x191{'\xef\xf9@\xd0>\xd6\
\xbb\xd3q\xb6\xa7\x92m\xee\xc9!\x92\x8c\xcf\x00\xef\xc4\
Q\xa3$(\xe4\xcf\x8e\x1a\x1c\xb7\xc1~\x12\x85\xa1M\
@c\x0c\xb0\xbbd\x03*hG\x98HK\xa3\x9b\xd1\
(\x8e\x22A6n\xd5\xb6c\xa3\xc6\xb2\xb1\x08\xfc!\
\xff\x7fs\x00\xff\x1b2\x7fg}\x08?\x08\x8a\x92\x14\
u8\x84\x92X\xbb\x97\xabD\xc5\x94\x07\xd8(\xd4\xd1\
 \xebGhA\x1d'\x85\x99\x8b\x8e\xc6\xb4\xbe\xde\x96\
\xbd\x9d\xb20\xfa\xfeC\x0f?\x8ek\xaf\xfa\x87\xa8K\
H!\xc3\x0c\x80*\xe6\xae\x1d\xec\x18\x9e\x92>\x9a\x96\
so\x16\xb5[r\xd4-\xeekBk\x96$\xf3,\
i\x05\x88\xe0;\x82\x8e\x0dA\x13\xc3n]Vg\x22\
\x85B8\xc2\xf4-\xccP\xea\xfd\xb1\xd11\xa6\xda\x94\
\xc8\x83<\xd6T\x00\x06\xcb\xff\x12K\xeb\xc87\x8b\x08\
Y\x1d\xf1x\x02\x95\x0a\x01\xbaL\xb2\xc9\xa9\xc0\xa9&\
W\x83\xd3\x81\xeb+\x96E\xd5NS\x02h\x89\x00\xea\
B\x89\xa4\x10\x12\xb3\xd4\x16j\x1e\xb1\xbf\xfe\xa4|\xfc\
\x1e\xc0\xcf\xbb\xb78\x81\xf7}\xb6x\xe2K<U'\
\xe0\xa44\xdc\xb0\xb1u\xb0\x04\xc7\xa1rWt\xe0)\
\xf5u\x0c\x85]\xcfa\xcb\xba\xbb1k\xffs\xb4\xfb\
0\xaf\x1f\x8b\x03u<\xf7\xc4-\xb0\xb8>^\xda\xb0\
\x96\xc4\xb0ug\x919\x00Z{\x16\xabx\x88\x11\xec\
\xf8\x7f\xe9\x0a\xf6\x11\xadKh\xb8\x0ejn\x0a\xb6\x17\
g\xcf>e9rHC\xc7)\xe0\x84g_\xdd\x8e\
s)6uU\xcae\xd9\xa60\xe9\x91\xd5\xa8T\xae\
`xx\x18S{\xbb\xd1\xe0<\x8d2\xc6A\xa6<\
\x13\x89QM\x01\x83\x92\xd2\x88Ts%\x0a\xd6r\x84\
d-\xf0+\x05\xa4\x19\xa5\xb9\x8d9)\xe06\xcf\x93\
9C\x85\xa8\xda\xf9\xa7\x98W;\xdf\x1c\x0e]\xd2z\
81Wa\x05h\xd5X\x94\x12\xc3\xc4R\x11\xbe\xdd\
\x93\xbd\x9a\xf5}r`L\x8dU\xf5\x05\xff+b\xa9\
(Z\x8d\xcdv\x1c\xaei\xb8\xa0*C\x0a\xb1\xb9J\
\xcf\xc7\xaa\x02\x1b\x8f?\xb6R\x1c\x00\xf6\x00$\xad.\
7\x86\xb1|\x91\xdf\xa4\x83\xbd\xe0\x9031c\xe1\x91\
l\xe2Q\x99n<\x02\x06\xc5SqzgR\x9a9\
HwM7\xfa5?\xedM`\xf0y\xb3\xa8\xb6\xa3\
z\xaak\xddE\x02\x8f\xad\xdb\x85\x0b\x8f\x9f\x01\x9b\x14\
\x9a\xaeH\x92J\xfe\xeb\xeb\xef\xfd\x13\x9cD\x17\xa6/\
<\xce\x07\x8a\xca\x10\x9e~\xe4j\x8cn\x5c\x81T\x8a\
\xaa\xe3\x08\xcdw\xdc\xb11\x98\xf7\xb0\xea\xd9\x11\xd6\xb7\
\x90=\xdd\xdf\xe7=&\x09\xbby\x85\xd6A\xf2\xbf\xb3\
\x16\xbf\x00Sg\xee+M\x9e$\xdaQ\xeen\xa9\xf4\
b\x13/{\xbd\xf3\xa1\xc8t\xcd\xd4^\xdf\xf9\xf1q\
\xad\x03\xa0\xb9\x91bolx\x0c\x8f=\xb1\x1a\xfb.\
\xdcG8\xcb\xc8d-\xda\xeaB\x88B\xaa\x81T\xee\
%\xd2\xa6\xd3\xd9\xacs~t%\xd6\xca'\x22\x96\xc9\
'\xae\xe1\xf9\xf8\x84\x84\xbc4\xa3*9\xb5\x5c\x996\
 \x18\x96\xf3\x15N\x15\x22@\x84\xe6=|)6*\
<\x81\xf0\xe7N\xaf\x80\xa7\x93\xd6\x03\xf8XA$\x9b\
0s\x18y\x22\x87\xbe^\xb4\xb0\xdc\x18`1\xb4\x0f\
\x00\x05\x0b=\xf8\xc8\xa3@\x92\x12Z\xf8\x1bH?C\
#\xa3\xdaZ\x90H\xf6\xf0\xcf$f\xf0_8\xff&\
'\xe0\xcf1\xccW\x84AO\xad?\xe9@(ae\
\xb2;\x85\x07\xd6\x0c\xe2\xd9\xedE\xcc\xef\x89\xa3Z\x15\
\xa2A\xcc\x89\xc3\xf6\x8aXs\xfb\x0f\xb1y\xf5\xbf\x90\
\xed\x9b\x05\xb7V\xc4\xc8\xb6u\xa8\x8eme\xed?s\
P\x04D\xf5\x06R\xb9\x1cn~h\x17\x9e\xdb^F\
\x22\xd9\xadek1\x96=\x9b\xbc\xd7\x96\xef\x99\xe8\xcd\
\xe6{d\x95\x11\x96\x99\xce:'\x90\xaf\xb9\x16F\xc6\
\xc6e\xe8\xb5*\xe9\xed\xc1\xab5p\xcf}\x0f\xe3\xc2\
\x97\x9c-\x91\xbe\xa1\x94\xd6\xe7\xceg\xd7\xcd\xbd*\x12\
\x07\xc0\x8eF\x02\x89F\x96\xb9o\x13E\xaa\x92Uh\
\xe4\xd1\xe1|&\xb3\x1d\xba_6\x9b\x0b\x81\xbc\xa3N\
&\x9fW\xaeES\x0aV\xd5\xa6\xcbxDq\xd3`\
U\xb4\xe7\x18\xfb`\x0al\xad\xdf\x8c\xd6\x1b\x8b\xe7\xc9\
\x02@\x9e\x7f6\x9e\xdf\xba\x05\xeb\x9e\xd9\x88\x18e\xfd\
a\xa5\x9f\xa8g\x87x\x12\xdb\xb6\xef\x14.\xd0\xecZ\
+X\xbaPCMk\xe0S\x81\x88/\xf6|eT\
\xe7\xc19\x85\x9e2TCr\xa8\x96\xaf\x03\xf0\x5c\xc4\
-\x0b;\xf3\xc0\xefn^\x87\x8f\xbd\xfa@X\xb5\x11\
QQ\x88\xc7\xee e5P\xda\xb2\x02\xe3\x1b\x1f\xe4\
5$EV\x92+%\xc9\x00\x0a\xcbC<\x11\xc3p\
9\x83?\xdc\xf4\x08\x10\xcbp \x8cp\xb5\xf2\xf6\xca\
\x8c[)4'n\xb3\xf5\xdaG\x8b\xaaZY\xe1\x87\
\xa7K\xe20^(at\xac\x00'&\xbc\x1a\xe9\x1f\
*[\x8ex\x02\x0f\xafxL\x14p\x95\xe2\xbbY\xcb\
\xd2D\x01\xbe\xb5A\x5c\xc5B^d\x08f=S{\
\x22a\x8a\xd8\xe6hM\x85\xdeD\xeba\x86\x09GA\
g\x14w.j\x1a\x0a\x05oSF \xf3\xc5\xc0`\
#Fbj\x1f;\xbd8\x18\x87:\x96\xf2\x949u\
E\xefL\x97a\x11\xbd\xeb\x91\x80\xcbZn\xf5l\xfb\
K\xa4\xb2\xa6k\xd5\xaa\xb5\xcc\xd2\xf1\x01\x97E\x1aD\
\x96\x07\x07\xe3\x05\x91\x0dF\xca7\xf2\xc7\xc8\xbb\x17v\
\xf9\x95y\xf8\xfd\xd9w\xc6\xfaO\xcc!\x99\x80?\x19\
\xb0\x0a>_\x22\x0e\xa9^G\xa3QA:\x95\xc3u\
\xf7n\xc7\x1d+\x8b\x88g\xbaD&!\x874\xd6\xc2\
\xba\x11\x8b'\x90Jg\x91H\xe7`;I\x01\xfc*\
\xc7\xa2g!\x99\xee\xc6\xaf\xff\xf1\x14Vo\xac!\xc1\
\x01S\x82\xa5V\xeb\x1a\xc8o\xb5\xd7\xaf\xc9\xb4\xab\xac\
6\xf2l5\xb9i\xab\xf8\x0fco\xa52;?6\
\xc6?\xc4\xba\x0b\xb9\xb8\xce\x9e~\xf1T\x0ak\x9f~\
\x16\xdbv\x0e\x0a\xf9\xdf\xf4\x81\x09\xf4\xec_*\xd7\xe0\
X>/\xe3V\x9a\xe5~~g\x82\xa0\xa5\x80I\xb5\
\xd5\x8c\xc3\xd2\xb9\xdc\x0a\xedn\x1c\x05\xcf\xa12pR\
c\x16*\x5c>\x89C\xab\x80\x7fw\x90\x80x\xc5H\
\x9e\xa9\xef\xf9\x7f\x05\x9d\x88D\x89\x9c]\x83\xc3rl\
\x0a\x95\xb7\x5c\x22=\xdd\x07\x1f~\x0c [\xae\x91\x9d\
\x96\xd8\xdcX*\x83\xc7\x1f_\xc9\xa6-\xf6|\xa3\x03\
\xce\x94b\xef\xcb\xb5\xed\xc2b\xdb]\x1d=m\xc4=\
\x14\x0bE^'\xf2\x89$\xdb\x7f\xb5l!1\xfbD\
\xcc<\xf8\x5c\x8c\x96j2\xc5\xb7Db\xa4\x98\xe2\x98\
\x07\xc1\x15\x81\x14\xa3\x16}/\x14S\xa4H|jS\
\x01\x88S\xaa5bg\xa9\xb4w\x83\xfd\x00\x8c\x99\xe1\
\xbfs)z\xb67\x11\x8c\xb0\x0a8\x12\x89\xd1\x1a\xac\
yj=\x06w\xec\xe4T`\x1eW\x93\xa2\xe7\x5c\xc4\
\x13\x0e\xb6\xef\xda\x85Uk\x9e\xd6:\xa9\xf6c\xf5\xf7\
xh$\xcf\xc8\x969J\xad0mm\xd1\xd8#\xf1\
\xd9\x88\xdb1\x7f\xcc\xf1h.#\x00]\xe2\x0e}\x96\
\xf6\x9e\xd6\x83h\xb5\xc5^D0OG\x83\x8f2%\
\x9a\x9c\xb7Z3\x85\x5c\x14\xac\xdb6v\xee\xd8)\xbe\
\x0bP\xe2\xe8Ka\xe4\x15\x8f\xafdv_\xb0\xf8\xd2\
.\xeeyH%\x93xf\xfdF|\xecs_\x16!\
\xb0\x14\xd8\xc5u\xeew?7\xa09\xc7\xa8kb'\
\x99\xe0\xa1\xefhY\x0d\x0cL\x1c\x0d\xe7y\xd3EK\
\x81\xae\x9e\x01\xcc<\xe8\x22,:\xfeM\xa8\xc7\xa7\xa1\
X\xae\xa0Z.\xc0\xad\x97\xa5\xab\xac\x92\x00E \x8b\
8\xb7\x02\x09d3)]\xf5\x86s\x01\xd4\xeb\xac!\
\xff\xdf\xb9\xac\x8e\x11\x81y\x04\xdb\x82*\xd5U\x90U\
\x85\xa9\xf6\xc2'?\xf3Ei\xa2\xf3C\xa9\xe9\x17\xc5\
\x85x\x15\x0fO\xaeZ\xad\xefE]\xfa\xb6\x14U\xc9\
D:2<&\x15\x91R\x87\x151\xa8v@\x1f\x10\
\x87C\x9a\xaep.\xce\x96\xc4;\x22\xeaR\xcd\xc3<\
]R\xd5\xde\xfe\xd2\x8ey\xf8\xef]\xe1\x08A\xc5\xce\
\xf0\x80U\xdaf\xdb\xc1\xce\x9d;;s\x0a!\xb9\x9e\
RZW\xabX\xfb\xecF \x95\x91\xea\x14\x91\xfb\x8e\
\xe8Y\xbdVE\xa6o\x1a~\xf0\x83_\xe2\xf7W]\
\xcf2o]V|\xd9\xd3\x08\xbf\xc9c\xf8f\x11`\
wh\xdf\xe88Y5\xa4\x99\x8a\xc6\xe0\xc4\x90LQ\
\xc9n\x0f\x0b\x0f>\x17G\x9e\xffi\xcc?\xe65\xc8\
\xcd9\x02^\xf7|\xd4\x13\xbd2\xa1\xa8\xcf3qA\
l\x9902FFby\x90\x89\x15\xa6\x03>>.\
\x15\xb1\x1d\xcd\xc9\xdb\x03\xc2\xa0\xde\x9f\x1c\x85i\x19\x8d\
\xc7\xf1\x0d\x14\x09Ygs\xdd\x87>\xf9\x05<x\xef\
\xc3\xc8\xf4\xf41\x22\x14\x89?\xe5\xb3\xd4\x9f\x93\xc0\xca\
5\xeb\xe4\xbb\xd1\xb3\xf2\xe5n1N\xf2\xc2\xcc\x8f\x8d\
\x08\x91b\x8f\xb8\x17\xa3J\x97R%\x9a\xc0\xdbb9\
&<\xb3\x11\xea\x13\x1d\x0c\xa4\x1a\x882\xff\xe9`\x06\
\xa3,X8\x93\xcf\xeer\xce\xcd\x81\x0a\xfe\xb2\x0a\x0e\
@\x8e\xc9\x89a\xdb\xce]Z\xd6k\x97\xbcG}\xb7\
u\xdb\x0el\xde\xba\x13\xb1DZ\xcb\xfe\x04\xf8l\xeb\
c,m!\x91\xed\xc1\xfb>\xf0q,_~\x10\x96\
.VYm'\xae^\xbb\xd7\x1cX\xa4\x869\xac\x8b\
\xe9t9\xd5z\xd05\x9a\xa7\x84\xa1I\x0e\xd5U\x5c\
S*\x99\xe2\xef\xe9\xe0'3\xd3\xb1\xe0\x90\x97\x01\x87\
\x9c\xc3%\xbb\xf3\xdbWb\xe5M\xdf\x85c\x09\xf1@\
\x98\xcdD\x8alb\x85S\x14\xf0\x22M\xb2D(\xc9\
-vd,\xaf&7\x81\x9a\xaa\xf5\x0cL\xcdw\xeb\
`*\x93\xfa\xef\x1d\xf2\xe3\xd6\x1bH$\x12\xf8\xc35\
7\xe0\x87?\xf892\xd3g\xb2\xb7()F\xe9\x5c\
\xd0\x1c)i\x0cO-\x95\xc4\xea\xa7\x9f\xd5~\x12F\
\x82\xa4 h+]\x9f\x05\x0c\x8f\xe61<:\xcaI\
W\xf8\xab\x09\xea\xcc\x06|m\xccY\x1a\x8e\xb0\xfa\xdf\
\x80H\x1c\x0do\xe1umr,\x0aw\xc2A\xdf&\
\xd5\xd1\x9a\xd2\xe8a\x9b\xec\x88n&Rln\xf1~\
Sa\x03\x11\xe7\xaf1\xaaQ\x09(\xf0\x0cQ\xa5\x98\
\x83\x1d;\xa8\xb4wY\xb2\xf7\xad\xbd\x12\x95\x03\xc5\xd3\
\xcfl\xc0\xd8X\x81\xeb\x02\xa8J@\xf3fd\x90u\
\xaap\xabu\xe6\x0a\xe2\xe9\x14v\x8d\x14\xf0\x86\xb7\xbc\
\x07\x85R9\xe0\xeb\xa0\x96)\xa4\xa35\xfai\x9f\x0c\
\xa4#.B?\xb2{\x87\x5c\xc8\x82J\x04\x18g\xa7\
\x17\xf6w\x90\x88\x85\xd2{\xa9\xf6i]\xc8\x12\xe2\xba\
q\xc4\x9cn$R\x03p\x09Y\xe8\x10Z\x99\xb0E\
j\xb0\xd3\x09a;\xd7*\x97z\x1d\xe3\xa4\xe4\x0a\xe9\
k&\xba\xc2&\xe3\xce9\xa4\xc9*E[?N\xbe\
\x1e\xe4>\xbe\xf6\xe9\xe7\xf0\x9eK?\x8exW\xaf\xe8\
\x9b\xd3\xc3\x951gZ\x82sK\xd6e\xb0\x98\x13O\
`\xf3\xa6m\x18\x1d\x13\xd1\x91\xadD3\x95\xe7\x80\xae\
\x1d;\x07Q(V\xb8\xf8\x8cO\xa0B\xf0\xd2\xc2|\
\xae\x15t\x1cj-\xe3OZ\x88\xc6\xed\xae\xb0\xf3\x9e\
\xf8#\xbc@\xf2GxG\x06\xc1\x97D`\xae\x8ej\
t\xc8\xfa\xa1pGF~\xc0\xe6Ay--\x09\x01\
\x16_\x82\x17[\x044'!6\xc0/\xa4(^\xa4\
\xdcv\xbb\x06G\xb0s\xc7\xa0\x9e`+\x00S\x8b\xb0\
\x8e0x\xa5*#\x05-\xd4\xca\x05\x9c}\xccl\xbc\
\xed\x82\x03Q\x1b\xdb\xc9\x1bDH!\xdb\xd7\x87\x87\x1e\
|\x02o\xbb\xecc\x0c<D\x15\xc2\x0a\xca(v\xb6\
\x9d\xa8\xb0\xa7.\xd3\xad\xaep\xbbf%\x9a\x02#\x00\
\xe1\x13\xaf\x9eK\xc6\x93\xfaI\x15\x14\xa3\x0e4i\xbc\
\xc5Q\x90\x99}\xb4b\x95\xf6\xc4CJ\x22\x00z\x5c\
V\x91\xc5\xf8xa\xaf\xe68\xd8\xdb\x9e\x84AG%\
q\xa9\xbc\x85\x85b\x11\xaf}\xcbe\x18\x1a\xab\x22\x91\
\x22o\xc7\x06s\x05)o\x14\x9f\xbc\xe4x,\x9e\x99\
\x16\xa9\xcemQ,t\xc7\xce!l\xde\xba=\xd4n\
\xeb>\x9f\xdf\xb4\x99}\x08\x1c\x95[\x22\xac_\x0b\xf9\
\xf7\x07U8\x8a\xd2\x1b\xfa\x88\x88\xec\x5c\xd1\x047\xfa\
\xd2z\x11\x1d\x89(\xe1\x8c\xb9:\xa5\x044\x16K\x00\
\xa1\xaf\x85W\x7f\x1bD\xc6\xa0\xd6\x92z\xb7\x19\x90\xbf\
hFWF(\x8d.\xdf%\xa1\xdfG*b\xd6*\
H\x82\xfe\xa3\xa8\xad\xd1\xf1ql\xd9.7\xa4\x83\x05\
X\xbb\xfe\x19Y\xc9\x954\xdet\xd8<L\x89\x17\xf1\
\xea\x17\xce\xc6\xc9G\xce@yl\x88m\xc0\xb5\xba\x8b\
\xec\xc0,\xfc\xee\xf7\xd7\xe2\xb3_\xf9\x16s\x0c\x22P\
\xc8\xeb\x98\x1aEq\x02{\x8a\x04\x02\xd8\xbc]\xfb\xf2\
P\x95\x8a\x15c\x9dE\x5cC2%\x10\x80\x02z\x9f\
*\xc9\x1f\xb6\xb0\x98'\x8c\xfe\x11\xc6!\xca\xb4,L\
f*kMLV\xd21\x0fe{\xc0h\xf7\xb3\xb7\
\xaep\x9b\x8a\xfa1\x93+3\x03\xd1u\xf1;>\x84\
\x07\x1f^\x85lo\x1f\x07~9N\x12\xd5\xf1A\xbc\
\xe9\xbc\xfdp\xcc\xe28\xa6Pt8g}\x12\xd6\x10\
\xca\xb5\xf8\xdc\x86M\x91}\x04\xee\xc9\xbf\x9f\xa5g\xf9\
\x10\x07+!\x8b\xcb\xc8\x1cd\x02\xbe\xe4x\x89\xf2\xab\
\x8cB\x22d7\x22\xe0G\xbec\xe8}[\xaf\x89\xd9\
\xb3&\xe6\xa2C]\x00W\xe5\xd0\x0d\x03\xb4\xa9t\x10\
\xe3S\xf9\xc6\x14:P\x94\xba\xd3M\x14\xf2\x86\xfeK\
\x95SR\x15U\xd4\x01\x8b\xb8\x94\xef5\xb9\xfe\xba\xb5\
\x066n\x14\x1b\x22#>Z*\x00\xe9z\x8e\x9e\xe5\
\xa2\x18\x22d\x93B[\xfb\xa7\xa4Q/\xec\xc0\x07_\
s8\x16\xcf\x8a\xf3\x81&\xe4Bi\xb22S\xa7\xe3\
s_\xfc\x16~\xf0\xb3\xdf0\xbbX\xab\x0b\xe4\xe1\xcb\
\xbb\xcd\xf35\xdd\xa1w\x97\xbau\x828L\xdbv\xa0\
Or\xe8\x95A=\x0c\x9c\xec\xb9&\x5cv\xe3\xb18\
rY#4U\x8fG!|r\x13n\xf8_\x91\xa9\
\x948PG\xc8\xfci\x95j\x8d\xdcj\x99\x0d\xb0\xb9\
\x9e\xa2j\xa3Y]ib\x11\x99#O\x9b\xe0\xc5X\
\xcdyL4\xe7N\xd7\xceo\xb3\xf9;\xae\x0c\xe5\xc4\
\xf0\xce\x0f|\x0aW]}\x13\xba\xa6Ley\xdf\x89\
%P\xc8\x8f\xe1\xcc\xa3g\xe0U\xa7,B%\xbf\x0b\
3\xa7u\x91_\xb4O\xa9kU<\xb3\xe1\xf9@?\
Q{\xa2,Nk\x9fyN\xf8Z4\xa9r\x83\x12\
\xbd>I:\xed\xb8q\xfe\x8d\xf2b&\xf0\x9bi\xbc\
:Q\x8b\xf8\x22\x85i1\x90\xf0\xa6\x09\xae\xb0\x02\x88\
\xaf8\x03\x8e\x7f\xc8Y\xf1c\xbc\xd4\xb6O#7\x5c\
\xebq\xa9o\x83-E\xcb4\xf2{9\x1c\xc5\xa6\x12\
o\xb6\xee\xe9\xe7\x02K\x1b\x1c\x87h\x9b\xcdz\x9e\x87\
\xcd[\xb7\x11/\xc7\xc0O\x14=\x13\x07\xfa\xbaS\x1c\
\xd5\xd6\x9f)\xe3\xd3\x97\x1c\x83)\x89\x12j\xb2\xd0#\
y\x81ez\xfb\xf1\x9e\x0f~\x0e\xbf\xbb\xeaZ\x06 \
\x8e~\xd3\xee\xc3r=L\xd9m/\x88\x01\xa6\xcd\x96\
\xeb\xf9\xa9\x9a~\xe6\x8f\xbc\xafJ\x98\x89\xfc\x85\xae`\
\xf7e\x19oR\xd29\x8e\xe4\xb0\x98\xfa\xc7\x91K\x0b\
\x04\xa0\x1c\x9eL\xff\x1d\x9d1\x87\xe2\x1e\xf4\x1cI\x83\
-\xc2R)\xef\x1d\x1dn\xca\xb9LY\x93\x08\x90\xca\
\xd5\x9aNzA\xfdS\xc1L\x8a\xd4T\xf9\x14\xc5X\
\x95\x05G\x04_\xf1\x18\xd5\xef\x16\x5c\xcddE\x81p\
\x1c\x8ar\xe5\xd5\xf7\x5c\x8f\xab+\x13\x87\xf7\xf1\xcf}\
\x15?\xfc\xc1\xaf\x91\x9b6\x80Z\xa3\xc2\x81d\xe3\xc5\
\x02\x0e[\x9c\xc4\x87^{8\xbc\xea\x08\xeb\x99\xa6\xf7\
%\x01\x8f\x92\xabJ\xe4\xe6Y\xd8\xb4ykS\x9f\xa6\
\x99\x8d\xfeU5\x11\xd6\x13\x02\x88K%b\x84q\xb2\
\x05\x091\x5c\x99\x5c\xfdnKY\x7f\x92\xa9\xf8\x03\xba\
\x04\x9d\x0cD\xeb\xdd8\xc2E\xb3\xe5\x01\xad\xbe\x8c\x14\
\x13\x08\xc3g\xd1\xa3{\x0ba\xb6\xe6\xaf\xe5\x89\x90\xdf\
\xca\x82\x13\x1a\xcee\xa7\x9a\xeb\xf0\x1d\xce%\xc6\x92d\
$\xe6`\xf5\xbag\xf8+N\xe3\x1c\xeaS\x0a\x0e\xfc\
\xb9P,ah\x90\x82Xd5 \xb7\x8eL\xcaB\
\x8eb\xdbm\x9b\x93\x88,\x9b\x9f\xc4'\xdep\x04b\
\xb5a\xad\x9c '\x9aX&\x877\xbe\xf52\xfc\xf5\
\xfa\x9b\x91\x8c\xc7E\x94\x9d?\x13\xff\xd0I\xee\xa0\x15\
k;\x99C-\x8aO\x08]\x05q;LY\xa4\xbc\
.\xcaw\xc9\xef\x8c{\xe6\x0f\x997G\x86\x06\xd1\xc8\
\x8f\xa206\x82\xf2\xf0 \xaa\xa5q$X\x8eW\xab\
\x13\x0c6Q\xfb\x22\x90\x824\x07\xea\xc4\x11\x1eg\xbe\
q\xc7GP\x18\x1bE1?\x86F~\x04\xe3y\xb2\
s\xdb\x9c\x14\x84\xfa%\x84C\xc9V\xfdq\xf8\x1e\x93\
j\xbcj\xfc\xea{\xc1\x1d\xf8k\xb9;W\xb3\xc7\x9c\
L\xd6\xca\x88\xcd\xe5\xe8<\x8a\x04\xfd\xe2\x15\xdf\xc3\x97\
.\xff\x062\xfd\x03\xa8\xd5\xabl\xe3\xa7\xc2&\x0b\xa6\
T\xf1\xd9K\x8eAw\xa2(\x00\xdes1\xb5;\x01\
\xcb!\xa4J\xae\xbc\x02<\xb6m\xdb\xa6:47\xcb\
\xf8,\xe624<\x82\x0d\x1b\xa9\xa0\x0a\x89\x5c\xa4H\
\x0b?(\x05a\xd3cO\x02\x94\xcfLK.\xc9T\
\xe0\x85\xe0n2\xd66\xe5K\xa3Exy\xc6}\xd0\
\x13\x95\x81\x8c\xe2\x86\xc1$\x9e\xea\xef\xb0<2a\xc7\
\xfe\xdah1\xd3\xfcB\x11\x9b(\xae\xc2\xa8N\xe0\xbf\
$\x9dU\xecx\x8a\x15{D\xb1\xe3\xaci5\xaa\xbf\
\xe8\x15\x12\x07a||\x1cc\xe4\x18\xc35\xde(6\
\xa0\xc1\xf5\x03\xb2I\x1b\x0d\x12\x07bq\xd6h\x9fv\
\xd8T\xec\xb8\xe8@|\xf5\xf7+\x91\xe8\x9a\x06\xd7\xad\
p\xe2\x0c7\x9e\xc1k.~\x17\xf0\xcb\xef\xe2e\xe7\
\x9e\x81Z\xbd\xc6\x8a\xa1\xe0$\x14S\xd3J!\x19\x9a\
x\x8bK\xcdc\xc3\xaa\xdb0\xba}\x95\xf0L\xe3\xd7\
\xc8\x0dU(\xee\xc4\x22\x0aS]\xc0$\xc4!\x8f\x22\
\xdc\xf5%/\xe8\xc1\xd1\xfb\x1e\xc4\x00Iln2\xdd\
\x87\xde.\x19\xfaj\x96\x7fS\x9f\xb5\xc5G8\xfe\xa8\
1\x13\xd5\xaf\xd5\xaa8h~\x16\xef{\xfd2N\x14\
B\xb6\xedJy\x00\x8b2\xcfa\xf5=\xbf\x82\xe7\x12\
\xabL\xe3\x91IUXD\xa0\xea\xc5\x92\xa6(=\x8e\
R8Y\x22!\xe9\x9c\xfdO\xc2\xd4Y\x07\xcb\x1c\x04\
\x13\xafM\xc7\x22\x80\xc1tSTd\x22\x1e\xc7W\xbf\
\xf5C|\xe2\x13_@\xba\xbf_\xd4\x03$Ep\xad\
\xc1IS?\xf7\xd6\xe30oJ\x03\x85\xf1\x0a\xe2\xb2\
\x16Bo.\x89T\x8c\xce\x87\x07\x8f \x95\x8a\x85\xee\
\x1a\xe2vI'\xa0\xe5uC\x0c#\xe4\xe1X\x16\x8b\
\x9b;v\x0d\x22\x16O\xcbJ\xd3-\xc6\x1b`\x82#\
\xf8\x01\x05o\x93\x10\xb0[\xae\x8dl\xc4\x97\xfc\xfcA\
)\x8e\x8f\x11\x00\xb3\xf8<(\xa1\x0f\x0e\xe4\x13\x93{\
\xab\x8fG\x07\xfb\xa5\x07\x1e\xf2\x13\x08\xb7\xab\x9eQ@\
+\xe4\x9e(\xf6G\xb0\x90\x89d\x12\xcfn\xdc\x84M\
[\xb7b\x9f\xb9s\x82r\x99\xe6\x5c\xc4\x87\xb1\xf1\x12\
\xc6\x8b%\xc4\xad\xb8\xd0r\xbb\x0d\xe4\xd21\xae$\xac\
R\xfe\xd9N\x0c\xf9\xb1]x\xe5)s\xb1k\xb4\x8c\
\x9f\xfc}-\xd2\xbdSD\xd8q\x22\x8eF\xd5\xc3\xab\
_\xffN\xfc\xfag\xdf\xc6+.8G\xe4!p(\
S\x8e?\xf4\x89\xa9\xd8\xc4\xc0\xafN\xc4\xae\x0d\x0fa\
\xf0\xa9[\x91N\xa7\x85-^\x01\x88\xdcHQ\x89\xd6\
\x07\x5cq\xf0\x85\xd9\x88\xae\xb3\x0f\xeb\x86cQ\xb5\x1e\
b\xcf\xabp\x13\x03\xc8\xa6\xc5zDz|\x19\xd9\x8d\
8\x04X\xb2\x00\xc4M\x10\xa0\xcc\xed\x8f\xe1\x92\xb3\xe6\
j\xf1\xc3B\x0f\x8a\xa5\xed\xd8\xf6\xe8\x1fa\xb3\xac+\
\xe2\x0aD\xdd<\x95:MawYgB\xf2U\x14\
\xa5](\xd6\xd1\xd7?\x8f\x11\x80\xd8\xf3\xdd\xce\x83k\
,\xaf\x8c\x03\xe0\xd4\x86B\xf6 D\xfd\xf9\xaf}\x17\
\x9f\xf9\xf4\x97\x90\x9a2 w\xc1E\xa3\xee\xc1\xa9\x0d\
\xe2S\xef8\x16\x87\xceO07\x13\x93EXI\x0f\
\x9aK;l\xf9\xc8\xab\x0cP\xb1\x18\x86G\x0b2\xc7\
lp\xac\x9a\xf0p\xf4\xa4\x8d\xc7\x9f\x5c\x85j\xb1\x84\
\xdc\x94\x1c\x1a\xf5`\x91\x16s\xbdY\xd4\xf6\x97(\x90\
\x1d;\x8a\x08\x9b\xf7&2\x01\x8a\x07\x83G.\x80g\
\xd8\xc2\xe0'J\xe1@0\xae\x98\xab\xecr\x9a\x896\
X\x93I\xb2\x1d\xad.\xd3\xach\x22\x03A\xe9Z\xeb\
\x04L\xf8&\xaa?<2\x8a'V\xad\xd5\x08 8\
s\x91\xda\x8bN\xde\xe8x\x01\x95r\x0d\xb1$e\xf5\
\xa5old\xd3I\xc4\x1d\x0b\xf5\x86\xaf0\xa2X\xf1\
\xc2\xd8.\xbc\xe5\xc5\x8b02:\x8e\xbf\xdc\xf1<\xd2\
\xbd\xfd\xac%\x8e'Sh8q\xbc\xf6-\xefG\xb1\
P\xc0\x1b_\xfbr\x89\x04\x84\xa3\x90\xd7\xb1\x8bo\x9b\
u1\xea\xd0'\x92)\xa4\xb2]Hs\xe8\xb2\x08\xbe\
\xe1z\x04\x5c\x89V\xe5>\x90\x8e9\x0a\x09\xf0\xc1\x17\
#\xa1<u\xc2q\x8f\xea\xddQhp% \x7f\x1a\
\xf8_\xebc\xb4\xecoD{RV\x1d\xea\x80\xb2\xe3\
\x96+\x14\x81)\xd3\xad\xb39\xcdB2\x95eg)\
\xa2|f\x9b\x94{C\x95\x19\xa7\xf7\x1d\x8e\xa5\x17j\
&\xe2*\x5c\xbb\xc6\xa5\xc6\xf9i\xa9)\x9fh\x85\xa2\
\x94o\x01\xbd\x81L[G\x1c\x9e\xaat\xfc\xc1O}\
\x11W\x5c\xf9cd\xa6\xcd\x14\x19\x8c\x095\x10\x12+\
\xee\xc2G\xde\xb0\x1c'\x1f\xd4\x85\xfc\xe8\xb0\xb0\xf6\xc8\
\xb1\xd2h\xb2)\x87C\xa2\xc7(\xff\x09\x8d\x1d\xc4I\
\xe6\xb9\x86\x02\xf9D($\xe9\xf7\xef\x9f\xcf\x87V<\
\xa1\xd7T\x04\xb9\x85+\xeb\x885R:\xb8\x90\xc7\xaf\
\x7fZT\xf2\x90p\x85\x1fo\xcf\xa2\x02\x05\x92\xd4$\
\xcbO\x03GX\xc1\xac\xd5'\xd4\xc0\x13\xd7\x06hG\
\xf5\xc2\xc0\x1e\x08T\x08a\xb9\x89.V6\xa9\x85\xa5\
\x1b5\x0f\x0f>\xb4B\x7f\xd7J\xcf\x96\x1f\xcfs\xce\
{\xf2\xed\x17\x09\xc3-d\xb3\x09F\x22:\xe1\x95\xd4\
K\x10\xb5\xad\xe5w\xe2\xd2W\x1e\x84\x17\x9f0\x0b\xa5\
\x91A\xe6\x0e\xb8\x96@\x22\x81x\xb6\x17o~\xef'\
p\xc5w\x7f\xcc\xd6\x01\xd5\xb7*\x82\xb1'&\xad\xe0\
\x9b\x02\x01\xb3\x0c*s\x22\xb0\xd2\x8f\x9cS\xd8%Z\
\x80:\xd7\xb8Q\x0a6\x99\xcb\x90\xaa\x1d\xb3\xc2\xce\x11\
\x0a;\xd2\x91PA\x0f\xe2X|\xa3XX\x16\x93\x89\
A\x95\xa6U\xae\x87B\x19\xc2\x03\x90\x14\x81B\x8e\xa7\
\xec\xc2\xa2 \x88\x983\x8d\x93\xf0-\x01\x11G\x09\x8a\
?\xb4i\x91\xbf\x97\xae\xdca*\xca\xe9\xd7:X\x9f\
\xa8s\x16\xb6\xb6\xd4)\xe5\x99#*\x16\xbf\xe6\x92\xf7\
\xe1\x8a+\x7f\x8a\xec\xf4\x99\x92{\x15U\x8d\xea\xc5\x9d\
\xf8\xc0\xab\x0f\xc6y\xc7\x0e`,?(R\xbd\xbb\xaa\
\x82\x14\x8d\x99r\xfa\xc5\x90\xa2\xac)Rt!dW\
-\x15\xd9\xf2\xe1\x9b\xcb|\xaaDor\x1d\x05\xd7\xc5\
\xc3\x8f\xae\x84\x95H\x1aY\x81#'\xe3\x13=\x89\xfe\
\x020\xc6E\x9b\xfc\x1b\xbeX\xdbf}BD:\x0c\
W\xa6\xf5\xa09hH \xbeP\xf3\x13(\xfc\xd4S\
\xed\x1c#\xc2\x83h\xf19\xda\x89\xc87\x1b\xa9\x85\x90\
\xf5\xcbD\xc4^<\x8e\xfb\x1fV\xe9\xa9U9\xeaf\
\x05\x17\x87\xc6\xca\x08?u`(\x953+\xd8\x14\xf5\
\x93u\xf68\x1f\x00-~y\x10\x1f}\xcd2\x5c\xf4\
\xc2\xf9(\x8d\x0d\xb2\xa9H\xc1F\xba{\x1a>\xf8\x89\
\xaf\xe3}\x1f\xfe\x1c\xe7\x1a \x80 ES\xa7k\xd2\
b\xa5\x8c\xa4_~\x05\x22\x03\xdd\xc9\xaa\xb4\x82m\xd3\
>\x12\x9a\xb8\xc8\x18\x7fV\xba\xf9B\x9f\x10\xe3\x5c\xd8\
1\x01\xb0b%#\xb0\xb9\xbc%\xf2\x08\x91\xdc+C\
\x82\xf5F\xf9\xe3\x131\x03\xa2?\xfd\xbae\xd4\x97\x93\
e\xad\x5cY\xc2M\xe9\x9cLOO!\xed\x98\xe6\xdb\
\xddC\x9c\x82+\x10\xed\xd5\xa4o\xff\xf6]C8\xfb\
e\x17\xe3\xf7\x7f\xfa\x07r\xd3gp\xbd?b\xcd]\
\x1asy\x08\x1fy\xed2\xbc\xfc\xe4Y(\xe6G\x10\
\xa3Z\x0f*\x9d\x97'x+\x9au<fs\xbe\x7f\
\xcf@\xf0\xa4\xfb\xa9RNy\x93_\x91\xfd+\x8b\xcc\
\xc6-[\xb1\xf6\xe9\x0dH\xa4D\xd2\x19\xb5\xb4Q\xfb\
m\xea\x11\x04g\x15!^\x87\xf5\x8d\x815\x0fqC\
mt\x0d\xa6\xf6?\xa0)\xd7\x1f9\xed\xb9\x7fj\xc5\
\x9e\xb7\xde\x94V\xb1\xcb\xadp\x85\xa9\xd0h\xf5}\xe4\
\xfd\x80l\xecSz\xaev\x9bL\xe2\xb1U\xebd\xac\
\xb6\xf2z\x93\xef\x19\xe1Nu*\xedB\x7f0p\x08\
\xae&&K\xb9\x9a\x89!t/\xach\xb3\x18\x09|\
\xe8\xd5\x07\xe2\xe2\xb3\xf6Ai|\x97\xac\x07 \xda\xee\
\x9a\xd6\x8fo\x7f\xff78\xf7\xc27\xe2\xf9-\xdb\x99\
\x85\x0c\x84\xc7v\xa0\xd16\xe9p\xd04\xda\x80\xe5R\
B\x0f\x03\x01\xd3!\xa3\xe0%\x8a[P\x99iT}\
E\xcd\xee)#\x92\xa4Q\x0c\xcd\xb4&uF\x90\xc4\
\xc9\xf8f\x9f\xd0)0b\xc7\xa56A+\xd4\xc4\xde\
\x8a\x18y\xf6\x03`*/\x15\xb2\x8a\xf7U\xc4^\xcd\
%89\xad\xd2\xd5\x0fz\xe4~-\x91\xe6d\xc3H\
\xd5\xc8\xe5\xfa\x10\x12\xa6\xe0-\x92\xf7\x1f\x5c\xf1\x04N\
>\xf3B\xfc\xeb\xce\x87\xd0\xd5\xdf\x8fz\xbd\xc2\xe1\xd0\
\x94\x9e+\xde\xd8\x85\xcf\x5cr\x04.:y.\x0ay\
\x0a\xd4Q\xe1/b\xddT\xdaW\x16\xb2\xe8\x8cp\xfa\
/\x7fkH\xe4\xd3\x89C\xa5\xdc,\xc6!\xe5\x7f\xc9\
\xfe\x0f\x0f\x0e\xb2xI\x88W\x89\x9c\xc1\xf9\x19\xb0\xa2\
\xf6\xb1\x0d\xe5V\xcf\xfa\xf9.\xdb_&1m2\x01\
j]B\xb0r+[\x93\x02\x18]\xdc\x0d6\xdc\xce\
o\xdb<OQ\xce+>Qj\xbd\xd5\x91\x19v\x9a\
\xdb\x11\x1c\xaaP\xf0\xec\xd8\xb2\x03\xf7Q\x9c\xbf\xcen\
\x12z\x98\xdd\xd6\x09\x98 \xed\xdab\x10\xcc\xca\xf2\xa6\
\xfb\x90o&Q\xe0\xf2`V\x8c\xd9\xc5\xf7^t\x00\
\xde\xfb\xd2\xfd\xd8iH0\xab\xa4A\xae 7\xd0\x8f\
\x9bn\xbb\x1b'\x9c\xfe\x12\xdcq\xd7}l\x0ek\xb8\
u\x99O\xc0\x97\xa3\xc3W\x88\xf9\xf6\xef\xf3I\x92\x87\
\xc3\xad\xc3\x11\xc9\xab\xc5A#\x13\x1aq,t\xb0\xd8\
AG 4\xd2\x1c9\xe4\xe0\x82\x06\x9b\xeaH\xebO\
\xe68\xc1EPQ\x8b*\xfb4\x88\xf9\x88j\xc0Z\
\xa1h\x8e\x82\x13R\x8a\xd3\xae\x80Z\xb0\xa5\x923\xa2\
95j\xd2;\x8e\x1c\x82\x84\xb8H\x22\x06\x17\x15a\
\x99[\x96d\xa3\xc0\x12Y\x8d\x99\xc5\x05\xfa\xcdN2\
\xca\x94\x5c\x87\xcd\x08NY\x0d\x9a\xb0E\xc7\x17\xb9j\
\x13r\xa3\xb3\xf0\x93_\xfd\x11\xa7\x9e\xfdr\xacY\xbf\
\x09\xb9\xde^f\xd7I\x1c _\x8f\xde\xd8\x08\xbe\xf4\
\x8e\x17\xe0\xc5G\xf7\xa3\x90\x17^\x9f*TZ\x18q\
]Y\x18\x95\xa6(\xa0E\x10\x0b\xa5\x0cu\xd0pU\
\xb6(\x85X\x9b\x01\xf2_\xff\xbe\x07\xa8\x09g)Z\
\x1f\xa5\xd3iZo\xe3/S\x14hu\x99>\x0e\x81\
\xf3\x82\xc9W\xda\x0a~\x92\x22\x06\x959\x9b\x08\x0d\xb7\
e\xf5M \x8f\x00b\xfdf\xd4d}\x224!\xeb\
\xac\x8e\x0a\xb3k\xd4M\xbd\x86\xdb\xef\xf8\x8f\x1a`\x08\
I\xc9.e\x12OS,\x10\xce+\x8a\x16\x06eb\
E\x09\x89\xab \x05Wyl'\xdet\xe6||\xfa\
\xf5\xcb\x10\xaf\xedD\xad*\x82\x90\xaa\xd5\x122}\xbd\
x~\xdb0\xce<\xefU\xb8\xf2;?\x16\xb9\xf6(\
\x0d4U\xdb\xe9D\xf1g~\xd6\x86w\x1b\xa5\xba\x8b\
\xf1J\x1d\xe3\xd5\x1a\x0aU*\xcb\xe5\xa2\x5c\xf5P\xae\
\x02%\xfe\xed\xa1\x5cqQ(7\xc43\x95\x06\x97=\
\xaf\xd4(\xbf]\x0c\xf1T\x0f\xecd\x17\xecD\x0f\xac\
x\x0fb\xe9>F\x80R]\x18\xb53\x1a\xbd\xfab\
\xa8\x1f\x15\xc8l\x7f\xa2[\xb4\x99\xec\x81\x93\xee\x85\x93\
\xeaA\xb5a\xa3Z\xb3\xc4XJ5.\xbeZ\xa8\x8a\
\x1fJ\xc0\x5c\xa9Zr\xdc\x1eW&\x1a\xafT\xf9\xbb\
|\xa5F\xc9\x98e?\x11\xb2\xee\x04\x97\xa7\xb2\xef\xc6\
\x1c\x8c\x8e\x8e\xe3\xf5o\xbb\x0co}\xdb\x07Pv)\
\xd1g\x0e\xf5j\x99\x11aa|\x1c\xf3\xba\x8b\xf8\xc6\
{\x8e\xc3\x09K\xb3\x18\x1d\x1d\x94\xfa\x0buLI\xdc\
Q@ \x08\x02\xe3abtT=EY.\x9c\xbd\
\x22\x8d\xfeMs#!\x9ar\xad\x86\xbb\xef\xb9\x1fH\
&\xe1\x92\xd8\xa1\x81_\xf1\x17\xc6\xdf!y}\xc2\xf9\
v R\x9a\x1e\x83M\xdcDd\xbe\x0eCd\x169\
\x01[`\x00SnPT<\xcc\x0dH9\xacc\x13\
E\xa8}\xa1-\xf5\xbb0\xdbn\xce\xa2#:\xe3p\
\xddT\x06w\xfc\xe7~\x94*56\xdb(Y\xcc\x1c\
_*\x95`3\x0e#\x01\x1e\xbc\x8djC*\x04\xd9\
\xfe\xa2\x0e\xa1\x94s\xd9$\xa6\xacS\xc4)x\x18\x1f\
\xd9\x89\x17\x1f\xdb\x8f\x9e\xae\xc3q\xf9\xcf\x1f\xc4\xf6|\
\x12\xe9\x5c\x96\xe5\xcbT&\x8bF#\x89\x0f|\xe8\xb3\
\xb8\xf7\xa1G\xf0\x9d\xaf\x7f\x013\xfa\xa7\xf1\x01%\xea\
\x17\x19\xf4a\xcc\xcd\x9c\xa3\xfa\xbd\xe8\x88\xf31{\xbf\
c\x84\xe6\x9c*\xfa\x08\xff\x5c\xe3e\x99&Z\xb2\xd4\
4b\x0a\xe8tb]X\xb3v5\xde\xf3\xf1\xff\x81\
e%\xf9\xfe\xf8\xf8\x18N;\xad\x0fW\xbeH$\xfa\
43\x22\x05(\x13#<\xf1\xd9?\x16B\x5c\x1a\xae\
\xc4\xf1\x95\x9f=\x8c\xb1j\x0c\x89\xb8\xc31\x13\x8b\xe7\
\xcf\xc47\xbf\xfe?\x22\xe9E\xa3*\xfc\x01t\xb3\xb4\
\xd6\xaa49Y\x12|g)j\x9d\xd8\xf6\xde\x81%\
R9'\xf2\x0b\x9a\xa9\xaa\xda\x05x\x91\x1d\x9f\xd6\x85\
\xa8\xfe]\xf7=\x88\xb7\xbd\xfb#X\xf5\xc4j\xa4\x07\
f\x08\xca\xcc\xf5\x0am\x14Gv\xe1\xb0\xc5\x19|\xe6\
\xad\xc7cAo\x1d\xe32>_py\x12\xf9\xcb\xb5\
\xb0\x140\xb36\x5c(,I\xa1(\x90&]\xa4\x13\
\x88#\x11S~\x13J\xbb/\x0a\x83\x92\xb8\xb0\xfa\xa9\
\xa7\xf0\xd4\xfag\x90\xcc\xa4\xa5\x05\xca\x14\xe0;\x03\x0c\
\xf3\xac\x87\xcf\xfdD\x91\x93f\x92\x10^u3\x049\
\xfc\xb86\xd3\xaa\xf6dV\xe0\xa8K\x9b\xa1\x0d\xd7\x9c\
f\x11@\x0eRUF\xf29\xcb\xce\xfc\x05L\xd6f\
\x82\xef\xb5\xb1\xcb\x05R\xe9\x1cV\xaf^\x87G\x9f\x5c\
\x8d\x17\x1c~\x08\x1f\x0ee\x9a\x13\xd5U\x80t2\xc1\
~\xd9\x5c\xe9\x96\xd3\x01\x93\xaf\xbc\xa0@\x9e\xc1\xf6\x87\
3\x22\x0b\x02!&@,\xf4\xd8\xf0 \x8e[\x92\xc1\
\xb7.;\x0e\x97\xff\xe2!<\xb1a\x10\x99\xee\xa9\xc2\
Lg\xc7\x90\x991\x07W]}3\x1e\x5c\xf1$\xbe\
\xf1\xc5O\xe2\x82s\xcf\xe4v\xcc1\x99sl\xf6\x80\
SB\x83\x8d)\xd3\x0f\x02\xe8g7\xae\x95\xcf\xd7q\
\xff\xe3c@\xb6G\xc4M\x0cU\xb0d\xb9\xca+\x1f\
\xa1\x01\x92}jN\x8cO\x8f\xf4\xc7\x90\x96\x11\xd7\x8a\
\xe3\xf1\x8dE\x0c\x8e%`%\x12\xf0j5\xec\xac\x96\
\xd1;\xfbp$\x15P\xec\xc6%-o>g'\xef\
+\x82\x10&\x06*\x94\x97~\x7f\xe5\x1b?\xc0\xe7\xbf\
\xfa\x1dTj@f\xfa,4jU\xed\xfa]\x19\xd9\
\x81\xf3\x8e\x9d\x85\xcb^y(r\xb1<\xf2\xe3\x14\x9a\
K\x0a?\x83\xe3d\xa4dr<\x9e\xf8\x8e4\xfeu\
\xe2\xa6H\xbc\xa0\x10i\xf1}2\x91D\x92\xca\x87\x99\
\x03\x172\x03/\xdfmw\xdc\x8d\xcaX\x01\xb9\x81n\
\x16\x05\xd5\x8c\x84\xe8\x1b\x5co\xce\xf2\x1dq\xd0[\xb1\
\xf8\x9dZ\x98\xc4\xb9j/j\xab\xe1(\x93\xb1R\x0a\
\x13\x9f\xd3\xf2\x05\xd5|\xcb\xc4\x81z\xa0A6\x7fo\
\xf8\x0dDO\x5cP\x14b\xf3j\x85\x02n\xfc\xe7-\
|\xd7\x9f\x94`\xe1\xe9\xea\xea\xee\x96&;be\xc5\
\xa6\x94\xcb\xa2L\xb8\x90X\x04g@a\xafZ\x82Q\
,\x14)\xba\x94\xde\xc0\xa1\xe4\xa1E\xec3\xb5\x86+\
\xdfw\x1c\xce=z\x00\xc5\xe1\xedl\x86\xa3\xb0Or\
\xfa\xc8\xf6O\xc7\xa6]\x05\xbc\xf4\xf5\xef\xe1\x90\xe2]\
CC\x0c\xfc\xca_?0\xfe&\x99N\x09 \xbe\xbc\
'\x14\x9b\xca\x9c$\x7f\x1bE'\xb5\x1f>\x15+\xad\
\x89d\x1e\x95r\x11v2\x89L6\x8dL:\x05;\
\x9dAWW\xb7\xeeW\xfc\x1b\xda(%\x03\xeb{\x9a\
\x0fff#\xe18\xe8\xe9\xca \x96\xcd \x93K#\
F\x95t9\x97\xfe\x18\xf7I\x22\x8f?\xce\xf0\x8f\xd0\
#\x08S\xa1*\xd4\xe9k\xc1\xe5\xc9\x09\xaa%\x0dk\
$]\xec\xbdG9\x0db1<\xf0\xf0\xa38\xf5\xbc\
\xd7\xe0\x13\x9f\xfb\x06\xacd\x172\xdd]B\x1c\x88\xc7\
Q\xaeV`Uw\xe2\xfd\xaf8\x10\x9fz\xc3r$\
\xbd!T\xaa5vV\x12\xeb\xa9f\x1f\xb2\xcd[\xca\
\xf5Y\xdc$Q\x8ab?\xf8l\xb8\x82\xcaS\xb1Q\
\xca\xaa\xc4\x8f\xb3^@\xa8\x0cU\x09\xba\x9b\xff\xf5o\
f\xff\x99\xfa3\x84K\x04\x1f\xc5Zk\xf1\xb45\x80\
t\x9e+!0\x0d\xf1\xbcA\x80\xc3W\x10\xec\xfd\xcb\
\xa8\x01\xa5\x06\xe0\xbb\x89\xb6\x8a\xe3\x8e\xba\x22E\x89\x16\
\xaf\x98\x11a\xbe\xf7Y\x98E\x0d\xfe\xb0\xf9K:\xbf\
P\xe5\x17d2\xb8\xfe\xc6\xdbP\xa9RE\x16i\xeb\
6\xda\xe8\xeb\xebA\x9a\xea\xe3\xd5\xa5\xf9\x0c6\xd7}\
'eO8\xc1C\xc0\x18\xe7\x85\x00\x95|\xe2\xc9\x0d\
\xb6ZG\xc6\x1a\xc5'\xdf\xb8\x0c\x1fx\xcdAHa\
\x04\xe5J\x95\xb3\xeb\x92H@\x85F)\x90\xe8\xc7\xbf\
\xb8\x1aG\x9fz!\xae\xfa\xdb\x0dZ!Vk\x08\xc4\
\xa3dk\x96\xaf\x95\x9blD\x04\xa1\xd0\xfc*\x99U\
\x8eW\xf9\xd9\xabg\xb8\xd8\xa5\xbag\xa3X(\xc1\xad\
U\x04\xa2\xe0:y\x0d\xa4\xb2\xc2\x0dX\xcd\xc5\x80;\
\xff\x83Vz\xa9y\x0b\xb1\x83\x11\x1c\x01\x1f\x97eS\
Y\xc2\x5cTJe\xae3 \xc6\xa7~\xc2\x99x%\
\x82e\x09C\x94v3\xb3\xf3\xaa\xd5\xf7\x0f\xa3BD\
*\xb6\xa2\xa19(\xca\xb3\xff\xa9/|\x1d/<\xf7\
\xb5\xf8\xf7}O\xa0k\xda\x80\xa6v1'\xc1\xf2\xfe\
\xe2i5|\xe3}\xc7\xe35\xa7\xcfA\xb94(\x08\
:\xbb\x80+Z/J\xc2\x09=\x92\xa9y\xf0\xf4'\
\x02hr\xf8)W\x1b21\xaa\x0b\xb7\xee\xa2\xab\xab\
\x8bsQ(]\x13\x83?W\x97r\xb0r\xed3\xb8\
\xe7\xbe\x07\x91\xccv\xfb$\xc8\xd7\xb8\xb6\x86\x95\x16\xf1\
\x22a\xeepw\xe3$\x02bH\xe0\x92\x95\x92\xb5\xca\
N\xa4\x05\x17C\x0e\xcb\xdc\xd2\xf4\x155h\xf3\x0a\xe4\
*\x0bc\x9f\x16\xf95\x9b\x82gZ\xc6\x87\x1b\x80i\
x\x8e\x89T^9<\xb1r5\x1eZ\xf1\xa8\x08\xc7\
\xd4\xca\x1b\xf1|w6\x83\x5c&\xa3\xb5\xf3$V\xe7\
KuT\xeb\x04<\x22;\x8e_%\xd5\xf8\xac\x15\xe6\
\xc2yH\xa4\xc9\x16\x89\x22\x09y\xd4\x8a\xbb\xf0\xda\xd3\
f\xe3;\xef?\x09\x87\xce\xb3P\xc8S\xa6b\xf2\xbc\
\xb3\x18\x11d\xa7L\xc5\x86\xad\xc3\xb8\xe8\x0d\xef\xc3K\
_\xf36<\xb1z\x1d\xe2dz\x22\xff\xfc\xba\xa8K\
\xa7\xa3\xc5&\xdc_\x1fD\x82(+\xb8\x96t\x15J\
EC\x03*0Y:-\x11@\x13\xde\xf7\xf5*\x9a\
\xf2\xca\xa2\x91\x94\x1d\x5c(\xc5\xc8\xba@e\xb0\x95\x98\
@\x00\xec\xb1v\xbdRQ\xc1Q\xed.\x06\xab\x96#\
\x0f\x8eF\xf8a\x10\xe7C\x89G\x09\xb8\x08\xf8\xffq\
\xf3\xbfp\xeci\xe7\xe3\x0b_\xfa\x1e\xbcX\x0a\xb9\xee\
\x1cs<\xb6E\xfa\x08\x8f\xf7\xe2\xa5\xc7M\xc3\x0f>\
\xfcB\x1c\xb5o\x12\xe3\xf9QQ\x01\x98\x90\x8d\x8e\xe8\
3\xd7\xd14\x83I\xc2\x225e\x8eM\x11\x82\xe4\xf9\
H\x08@\x88\x86\xae[G_\xaf\xe0\xa2D\xd4\xa5X\
\x07ey\xfa\xfbu7\xa208\xc6q%J'\xc6\
]L\xc2\x1f$,\xeb\x9b\x1cb\x14L\xb4\xa3\xf2Q\
m\x06\x91\x89\x81\xfa\xe43\x5c98\xd8YD\xa7-\
&\xc4\x0d\x85\x0fq\x94\xaei\xd2\x97\xc2\xcefqN\
\x9f\xc7\xa0\xc9\x13P\xd5K\x15\x5cs\xfd?\xe5\xb7A\
ubww7z{\xbb\xb8Z\x0e\x1f\x06\xc7\xc2x\
\xd9C\x917\xd8\x97\xf3\x95\x1a\x8a\x5c?\xf9mY\x06\
\xda_\x06\xa10`\xba\xc8\x11nq\xce%\x7f\xd0\x1c\
\xe0\x9b\x97\x1e\x83w\x9c7\x0fIw\x88k\xccq\x10\
N\xb5\xca\x8a\xa3L\xef\x14\x5cs\xed-8\xfe\xb4\xf3\
\xf1\xa9\xcb\xbf\x8e|~\x9c\x83|H\x07!U\x12-\
-\x06\xe6jOt\x94\xd4\x06\x97\xa8f\x82Td\x8a\
4\xeaude(ppM\x03R\xb7\x06O\xb1\xda\
FY5\xae\x0bj#\x19\x17)\xd9<\x8b\x5cjE\
Z5\x8a\xa6k?\xba0\xc2i3~\xf9\xafp\xaa\
\xa2\xccOq<\xfd\xdcF\xbc\xfe-\xef\xc59/{\
#\x1e[\xb9\x0e\xb9iSDHw\x9d\xd8z\x1b\x85\
\xc2(ff\xc6p\xf9\x9b\x0f\xc1\xa7/>\x04\xbd\xb1\
qT\x8a%$\x1c2\xf3\x99\xa6]\x1f\x19\xfa\xa6\xb9\
\xe0\xeazr\xac\x84\x00F\x0a5T\xea\xb2t\x1c\xaf\
a\x03\x03\xd3\xfa\x02>&\x9cZ\xdc\x16%\xc0\xae\xbe\
\xee\x1f\xb0\xd2\xe4\xfc#K\xda)\x112\xb47\x9d\x5c\
a\xd1\xb0\xfdzu\xaec\x0b#\x93\xb0\xfb\xbc\x1d\xc0\
\x12\xea\xbf0\x8b\xdef0F\x08\x81j\xd3o\xdex\
5\x8c\x8d\xa2\xfa\x88t\xfb\x94>\xea\x9aYS\xecj\
\xc3\x83\x9d\xeb\xc5u7\xde\xc6l\xa2f\xf9d,x\
*\x91\xc0\x8c\xfe>\xf2\x08\xd2r\xe4x\x05\x18-\x0a\
\x0a#\xfa3\x95C\xca\x13V@\x80\xf0\x04W}\xca\
g\x85e\x88\xa9\x13y\x1a\xc6\xeaCx\xfby\x0bp\
\xe5{\x8f\xc6\xa1\xf3-\x14G\x07\xd9e\x97YXJ\
02e\x0aJ\x8d\x18\xbe\xf0?W\xe2\x98\x93\xce\xc1\
\x9f\xaf\xb9\x8e\xc7A\x80E,nK\xae\xaa\x83\xcf\xe1\
\xc5\xe6\x92T\x1eIt\xaa*\x8d\x8b\xac\x14\x01\xfc\xb5\
\x8d\xe0\x04\xa47\x9f\x9f\x17P\xfcK\xe0N\xf3L\xc5\
\x1d\xc9A\x8b\xb5\xad\xd6)\xef\x80\xaa\xaa\xdc\xe9\x017\
5J\xc1\x8b\xf5$\x14\xba\x1b\xa30\xdd*\xbe|\xe5\
\xf7p\xcc\x89\xe7\xe07\xbf\xb9\x1a\xa9\xee^a\xde\xe3\
\xfe\x5cTkU\x94\xc7\xb6\xe0\x9c\xc3s\xf8\xf1\x87O\
\xc09GMe\x8f\xcd\xba\xeb\xc1\x89S\xcc\x87\xf0=\
Pb\x88/>\x1a\x14V\xe1~e\xfa\x83\x94\xe9\x1d\
\x07\xbbFkh@\x84\x8b\xf3\xa4ke\xcc\x99=S\
\xbc'\x8f\x1e\xbb\x87\xdb6\x1eZ\xf18\x1e{|5\
R\xb9\x1eV\x9b\x04`A\xeb\x92Z\xeco\x8b\xe41\
\x9d\xc2\x9b\xee\xabE\xdbQm6\xb7\xaf+\x03)\xf6\
W9G\xf8\xf2i\x00\x83\x98\xc0\x1c\xce\x05h*\xd0\
B\xcf\xe9\x8do\x91\x0c\xa2\x1d\xcb\xe3\x07,4\x1f!\
\x1au*\x9b\xc5\xba\xf5\x1bq\xfb\x7f\xee\x11A1\x92\
\xddW\xd5k\x16\xcc\x99%\x8a\x82\x10\x02\x80\x83R\xd9\
\xc5\x8e\xe1\xa2P\x0e\x91\xbdD1\xc1\x12\xf8\x95\x9d\x98\
C?u\x8c\x84d\x13%\xaf\xe4\xbb\xe8\x92\xdd\xdf\xc2\
\xc8\xd0.\x1c4\xb3\x81\xaf\xbd\xfd0\xbc\xe5\xcc\xf9H\
4\x86P\xab\x14y\xcc\xe4\xb0B\x9eg\xd9\x81\xd9X\
\xb3a;^Ab\xc1k\xdf\xc6\xe9\xa6\xd94E~\
\xea\xece\xa6\xd6@q=\x9d^\xfe\xaaT(S\x8f\
C\xae\xba\xcaTE\xb5\x0fd2\x90\x96\xef+\x11\xcc\
@\xb2:E8\x1dt\x0f\x89\x04!\xcb\xba\xe6\xa2\x08\
\xb7\xd4\xa8\xd6\xa0\xb1\x17\xed.\xaf\x15\x05\x93\xda}\x11\
c\xe0\xe0\x9f\xb7\xfe\x1b\xc7\x9d\xf62|\xec\xe3_\xc6\
H\xc5C\xa6\x7f:\xbfL\x09G\xe8\xadZ9\x8f\x99\
\xe91|\xe6\xf5\x07\xe2\xb3o8\x04\xd3R\x05\x8c\x8d\
\x8e2\xbb\xaf\xc4\x07\x9d\xd1JwB\xdb(c\x0e\xa4\
\x0eF}/\xea&X\x1ah-+\x8e\xcd\xbb\x8a\x80\
\x9d\x90\xa5\xe2\xf8%\xcc\x9f?'4\x13\xf1\xfb\x0fW\
]\x8bzY\xec/9C\xe9y\xb6q\xf0\x89b\xf3\
\xcd\xbf\x9b\xee\xfb2\x8c\xeeY\x1d\x93N\x5c\xf5\xa3\x7f\
\xd4.(\x81FSo_!\x125\x83\x000\x87\x82\
\x0a\xfc$\x22{\xf7\xd2\x934W\xd7\xd8_R\x82y\
V\x0c\xbf\xfa\xe35Z\x91h\xca7K\xf6]\xac\x13\
]P|7y\x07o\xdcFY^\x1dvIe\x00\
\xe7H;%;K\xff0F\xe9\xaa\xca\xab/\xab\xab\
\xb2Y\xec<B>\x05\xe4mG\xeck\xb5\x8a\xaeX\
\x09\xef\xba\xf0@|\xe5\xb2\xb31o \xcb\xc9'X\
\x91d5Ps\xebH\xe7r\xc8L\x99\x8ek\xfe\xf1\
\x1f\x1c\x7f\xd6\xab\xf0\xe9/~\x03\xf9\xf1\x02\x1f\xa0N\
\xe4\xa6\x89\xd8\xc3BQ\x14\xa5d\xbeE\xc8+\xc8\xa4\
UBP\xe3\xf8\x1a.\xd6\x8au#\x8eES\x16=\
\x04\xa1+IRj\xf0\x86p\x9c\xa1\xb8\x02\xca\x9aK\
\x0aG\xd1V\xd3\x065]\xad\x9e\xa0\xbd\x22\xc0'v\
\xff\xe2\xb7\x7f\x00g\xbf\xe2\x1dX\xb1z#\x9bUc\
\x89\x04[8\xc8\x05\x9a|2\xea\xd5\x0a\x0e^8\x0d\
\xdf\xfc\xd8\x05x\xf9\xa9\x8b`\xd7\xc7\xd8\xfcG,z\
\xdd\xad\x1b\xec9\x01\xbb\xf2,\x10:\x0b\x85\xe0\xfd\xc1\
\xc8YJ\xbf\x00W\xa2\xf4J\xc3\xc2\xc6\xedy\x16\xf1\
\xf8-\xa2\xf4\xc9$\xf6\xd9g\x01\xbf*R\x83\x8b\x0a\
\xc0\x83#\xa3\xb8\xfa\xfa[\x10\xeb\xee\xd1JW!\xfb\
\xfb\x22\xea\xee\xeca\xf3\x0b\xca\x1a%WP\xc5@\xb4\
{e\xc2>\x0c\x1d\x9f.\x0fn\xd8\xc2'b\xea\xc2\
6~S\x09\xd8\xea]\xd3\xf1%\x8a\xcasY:\x1f\
\x06\x9b\xfd\x09Z4L\x146\x95\xebf\xd7\xdcu\xcf\
n\xc0\xbe\xfb\xcc\x17\xc9\x18\xe4\x0b\x07,YL\xb6,\
\xc1\xdfp\xf4\x1c\xf0\xcc\x96\x029\xd0*~_\xbbw\
\xf2,\xc8\xe5UI\xc6R\x99\xe3{\x8f\x097OQ\
$\xcbC,I\x98?\x83R\x0d\xd84X\xc1\xca\xe7\
\xf2X\xf1\xd43xz[\x11\xc3Tp\x96\x01[L\
\x8c\x0e\x06i\x8e-\xbb\x81\xee\xa9S\x99\x8d\xfe\x9f/\
\xff\x00?\xff\xcd\x9f\xf1\xa1\xf7\xbe\x19o~\xdd\xab\x90\
\xcdR\x96Z\x95\x86-\xb4e\x11\xa9\xb4\xc3k9\xc6\
\xd9z\x1d\x9d\x0f\x91\xb2'\x91\x15D\xac\xbf\x01\x03\xa1\
Z\xb0\xcaA\x86=\x00\xc9\xf9H%\x87!Q\xc7r\
\x91\xa6\x04\x0arw\x89\xdaR\xe4\xdf8)\x1c\xc5H\
\x8c\x9dW\xbc\xaf\xa9c0\xfa1\xc6N\xd7\xf3\xcfo\
\xc2\xe7\xbf\xf6\x1d\xfc\xe1\xea\x9bP,\xb8\xc8M\xedg\
\x0e\x8e\xfd\xf8\x0dS\x01\xa1a\x8a\xc8|n{\x1e\x9f\
\xfe\xde\xcd8`~\x0f\x8e8`\x00\x07\xcc\xcdaF\
_\x02Y\xca\xef\xe0\xd6P\xaf\xd6\x04\xefd\x1c\x1eV\
\x1c\xab\xf3\xc0q\x15\x12\xe1I\xd3\xb6'\xa9!!\x99\
\xd1\x92\x87M;\x0a\xec7@\xb7\xeb\x1e\xd07\xa5\x0f\
\xfb\xcc\x93\x1c\x00\xa7\x8cs9\x9d\xd8_\xaf\xbd\x01\x9b\
6lEn\xca4&\x02\x02\xf0\x95\xb99Z\xed\xb9\
;Q\xa3\xbe1\xda\xf2\xfb0\x17\xb3M\x1f\xed\xcd\x89\
*9\xacB\x00aG\x9868=\xc0z(\xa0U\
\xdbn\xc8\xd3\x81w\xdaj5U\x02\x90\xe6D$\x81\
~\x0cv\x88\xffd\xab\x80\x87D,\x86\xb1\xc1a\xfc\
\xf2w\x7f\xc1\xe5\x9f\xfc \xb3\x82\xca\x17`\xff\xfd\x16\
#\xd7\x95E\xbdJ&%r\xeb\xb4\xf0\xf4\x96\x11V\
\x04\x92\xc2\x8e\x01\x895r\xbeG\x1a\xcb\xc3|_\xe7\
R\xd6+C\xf7\xedx\x16\xc5z\x1ck\x9e\x19\xc4\xa3\
k\xb7\xe0\xd1u\xc3X\xbf)\x8f\xa1\x02\xe5\x0eL\x03\
\xb1\x04+\xb2Dj~a\xd2#3\x225W\xab\xd6\
1\x96\x1f\x02\x1aUL\x9d>\x05\xf3\xe6\xcd\xc1\x96-\
\xdbQ.\x97\x91\xcdRJ\xdahT\xdaj3}7\
bJ\x09N\xec\xab0\xeb\xf1a\xb1\x13\xc8f\xa8\xcd\
6\x14CE\xf0\xf1R*\xb9\xce\x07>\xba\xcd\xa9\xc1\
Ms\xa4\xebs\x00\x11\x1b\xa4\x7fG\xa3\x01_\xd4\xa2\
2fd\x11Y\xbc\xcf\x5c<\xfd\xdc\x16\x8c\xef\xdc\x0a\
\xc4S\x88\xa7\xd3\xcc\x01P\xc2\xd2F\x83|\x1c\x08\xaf\
\xc5Q\xa8\xd9X\xb3\xb5\x86U\x1bw\xe2\xea\xbb\xb6\xa0\
\xbf;\x86%szp\xd8\xfeSq\xd8~\xd3\xb0h\
f\x1f\x12(\xc2jTuD\xa2\x14d\x84`E\xb9\
\xed\x0d?\x1e\xed\xb3\xefQ\xc6i\x1b[\xb7\x97\xb0}\
\xa8\xcc\xa6E\xf2\x03-\xd7\xca\xd8g\xbfE\x98=0\
MsM\xa4\x80$\xe5\xdf\xcf\x7f\xf3\x17\xd8IB\xd8\
2\x8e\x928\x15\xe1\xf8\x18p\xcd\x0d\xce;\x9a\x00\xb6\
v\x16T\xeb\xa8ru\x86\xbe\x8d\x10\x03&\xb6\xda\xf9\
\xd0\xcd1\x0d*%X\xa0\x91\x0e:\xd2\x00\xaf\x17\xd3\
\x9f\xcc\xe4/\xc56I\xcc\xa5\xb2\xa6\x98\xca\x94\xa67\
T}s\x91\xc83\x91\xeb\xc2\xef\xfer\x1d>\xf8\x9e\
\xb7\xa1\xb7;\xa7'?\x7f\xce,\xcc\x9b9\x80\xd5\xeb\
7\x22\x9dI\xb1\xb9f\xd3\x8eq\xec\x18\xa9an\xaf\
\x83\x1a\xc9\x97|\xdeI\xde\x97\xb2\xafr\xcc\xd1n\xca\
\xe2_rcMe{p\xf5\x9d[\xf1\x8b\xebWa\
\xa8\x1cC\xa9H\xa5\xa4\x93\x88'rHwQ\x80\x8c\
\x0a<bZ\xcc\xdc\x02\x95'+\x97\xa8dt\x0d3\
f\xf4\xe3\xe8\x17\x1e\x8f\xb3O?\x19\xa7\x9dt,\x16\
.\x98\xdfve\xa2\x5cc\x83\x7f\xfb>m\xa5bQ\
\xd8\xf4Yr\xf18\xf0%K\x8e;-\x95\x87\xa6V\
ED\x1b\x0avYF\xf9I< r\x0a\x12* \
\x9f\x06\xc1)\x16\xcb\xe1\xf2`\xcdTA\xd5\x1a\x08\x7f\
\xab\x90\xf3\xd2\x03\xf6\xc7\xcf\xbe\xfbu\x0e\xb7}\xf4\xf1\
U\xb8\xf5\xdfw\xe3\x96\xdb\xef\xc6C\x8f\xadA\x9e\xd2\
p\x91\x0bn:\xcb!\xdc\x9c\x91\x08\x14\xf6k\xc3J\
%\x19(\x86*5\xdc\xb5\xaa\x80\xbb\x9e\x1cA.\xbb\
\x01s\xba\xea\xf8\xe4\xc5\xcbq\xd0\x82,\x8a\x95\xb2t\
\xe7\x15\x8e;fj,m\xe5\x96\xa4\xd4\xa3B\xb1\xb1\
\x18\x9e\xde4\x8c\xb1B\x1d\x99n\xe2|<x\x952\
\x0e:`_F\xdel\xbe\xa5\xa2\xa1\xb18n\xbe\xfd\
N<\xf8\xd0\x93H\xf7L\x81GY\xa3e\xa0\xbd\x00\
\xe4\xd6\x1c\x80\xda\xcf\xf0\xd5\x94\x00G\x13Q\x83 \x1a\
^\xa3-1\xebd/\xd9QX\x00\xd5\xfd\x04\xa4R\
I\xa1\xc5$\x0d\x8a\x18\x11\xeb\xabX\x96 K\xd8n\
\x0ca\xa5\x97\x114a.\x88\xc2\xe9\xc6M\xe1\xf0\xe2\
\x22\x95L`\xc33\xcf\xe3\xb7\x7f\xbe\x06\xefy\xcb\xeb\
Y4\xe0\xd2V\xc9$\xf6[\xbc\x0fV=\xf9\x14\x90\
I3[>2^\xc7\xba\xcd\xe3\xd8gZ\x96\x03|\
8W\x951j?\xd9\x83\xb8/p?E\xba\xd9(\
\x97\x8a8\xfd\x9c\x0b\xf0\xeb\xdb\x87Q\x1d\x1bB\xae\xaf\
W{\xc3\xb1\xe8\xc1\x1bF\xb9\xf3*@\xb9\x04+n\
c\xf1\x82\xb98\xe1\x98Sp\xc6i'\xe0\x84\xe3\x8e\
\xc1\xcc\xe9\x22E\x15\xcf\x5cz\xf7\xf9\xc92;\xe3\x9a\
\x02\x94D\xfe*\x95*\x01\xb3\x9e\x15\xb3\xd8\x0fB\x5c\
m\xdcv\x0d\xf3\xaf\x1fH\xa5\x1c\xb4\xfc\xe2 \xba/\
\xb7\x81bQ \x00\xed\xbc\xa3w\xde\xbf\xabWU\xbb\
\xcf\x1a\x9e\xb4J\xfb/S\x97\x1fy\xd82\xfe\xf9\xd8\
e\xef\xe4Z\x0e\xb7\xfd\xfbn\xfc\xe3\xe6;p\xf7\x83\
\x8fcxp\x07%\x83\x84\x93L#\x99p\xd8b@\
\xe3\x22\x93_<\x13g\xe0\xcd\x8f\x0cc\xf1\xc1\xfdX\
<o*\xca\xd5Q\x8eG\x90\xd9\x1e\xd8\x99\x89\x13\xac\
4\x1ds\xe1\xad\xc8\xead+\x8eU\xcfQf`Q\
\x0a\x9c\xef\xd7*8b\x99p\xcbV9#\xe8\xfa\xee\
\x0f\x7f\xc9\xa2$\xe9\x1b\x08-\xf0<M\x05\xa4>\xb8\
\xad\x97\x5c\xad\x96\xdeY\xa3\xe4\x9e\xfe>\x10c#\xcf\
\x82!\x0ewDlC\xe3\x08r\x12\xb2\xdeF0:\
\xc0\x1f\x88\x1f\x0b\xa0:\x0cQ\xa2\x16\x81\xaf&\xd5\x8c\
\x02\xfe\xb0\xb8\xd0\xf4~H\x8c\xf4'*\x0fQ\x083\
\xd1\xa3\x8dz\x03\xb1L\x17\xbe\xf7\x93_\xe3\x8d\xaf\xb9\
\x10\xd9T\x9ac\xc5\x09\xb0\x8e:b9\xae\xf9\xcb\xdf\
\x85\xb6\x18\x94\xbe:\x86\xc7\x9e\x1e\xc2\x8b\x0e\xeb\x91\x9b\
\xef\x17r\x14!\x9a\x1eg\x93%zHN/DU\
]W\x14\xc7,\x17\xc7077\x8e?\xfc\xe2J\xbc\
\xf0\xf4W\xa1^I\xc0\x8a\xc9\xfa\xf1R\x03O\x8a\xc9\
\xe5\x07,\xc4\x09G\x1f\x82s\xcf<\x15\xc7\x1cy\x18\
\xba\xbb\xbb\xf4\x90\xd5\xc1WYvZ]\xcd\xc1P-\
\xcc\xa4\x92\xa2\x96\x09\x99I%f\xc3\x13b\x87\x10+\
\xa2\x025}$\xa7E0\xc3\x1b\xd07gIG \
\xfd\x0a)R\x1a\xc2\xe4hP\xd1\xe8\xd6\x9b9\x18s\
\x1c\x8c\xf4\x02\xae\xcd\xa4`\xb3\xb1d\xf1B\xfey\xc7\
\x9b_\x87\x0d\xcfo\xc6\x1dw\xde\x83\xebn\xfa\x17\x1e\
_\xbd\x1e\x9b\xb7\x0f\xb3\x02W\xa8n(\xc0\x09\xc8\xe7\
Gq\xc4\xe2$>\xfc\x9ae\xb0\xeb#\x9c\xfdG\x1c\
\x0d\xca\xae,\xa2\xfb\xa8>\x22)j\xd9:\x14\x0c\xfd\
\x00m\xc1X\x19X\xf5\xdc(\xecX\x92Yc\xca\x02\
\x1dO\xc7p\xf4\x11\x87\xaa]\x83\x13K\xe2\xee\x07\x1e\
\xc1\xad\xff\xba\x0b\xe9\xde\x1e\xf6\xfbg\x85+\x03\xea\xee\
\x91\xe4\xb0\xc6D#\x81&\xd8\xeb %X\xa4\xde\xc1\
@\xcf\x01\x84\x22\xb9\xee&\x0b\x9b)\xbf\xec\x0d6\xa3\
i\x88\xd1bnS\xe2C_\x8f\xd3\xf6\xf2\xbd\x08\x1b\
\xc8\xa4\xd3xj\xd5\xd3\xf8\xe5\xef\xafb\xa0`&\x00\
\xc0\xf1\xc7\x1c\x05'\x9d\xe0(/J~`'Rx\
\xe2\xe9A\xe4+\x0eg\xcc\x11l\xa2 \x92\x9cp$\
\x11\xc7\xe6!\x17\xeb\xb7\x979\xf9\x886-\xba.\x92\
\xc98\x9ey\xf2.\x1c{\xd8\x02\xfc\xe4\xc7W\xa2<\
\xbcKhf\xe90\xf3q\xb0\xd1\xa8\x95\xf0\xa5\xcf~\
\x10\xdf\xfe\xda\xe7\xf1\xa2SOb\xe0's\x97\xb0\xfb\
\x8bLB\xc4\xca\xb6\x82\xfd(\xe5Q\x94}8\xfcw\
\x812 \xbb\xd2\xb7\x80\xb3\x1e;\xc8\xa63-z\xf0\
\x957\xf2(\x18<\x8faJ#\xee\x8a\xcc\x802\xd1\
?#J\xd7\x135\x08uk&\x17`\xecK\x0b\x84\
\xd54\x07\x99C\x80B|\xe9o\x8e\xc8\xe3\xfa\x85\x1e\
\xe6\xcf\x9d\x8d7\xbc\xe6\x22\x5c\xf5\xeb\x1f\xe0U/;\
\x07\xe5BQ\xd7\xdd\xa3\xf7\xca\xe5\x12\xe6\xf6\xd6\xf1\xf1\
\x8b\x8fB\xca\x1da/B\xa6\xc4*\xdd\x03)\xed\xe2\
\x19<\xba.\x8f2\x88\x03\x14}\x08wl\x96\xea\x11\
\x8b'\xb1qG\x19\xcfn+\xb0\xee\x86\xc4A\x8a\xab\
X\xb4`.\x0e\xd8o\x89\xce\xb1H\xd7\xd7\xbf\xfd#\
\xd4H\x9fd\x06\x8e\xc8U\x08\xb0\xff\xa1\xa8;\xbe\x1f\
\xdaX\xbdj\xa6\xde\xcc\xd4\xa9\x85\x93\xe8N\x00\x8f\xad\
\x89q\x0b}\x81\xfc\xcdd+\xcc\xee\x078{\x13\x18\
C9\xfe&w\x19l\x8c\xfa\x10*\x82\x18\x1e\xe8D\
V&u`\xe9\x22V<\x9e\xed\xc6\x95\xdf\xf9\x09\x86\
F\xf3\x22m\xb8\xebb\xf9AK\xb1\xcf\x82\xf9\xa8\x96\
J\xfcl\x22\x91\xc4s\xdbJ\xd8\xb8\xb3\xc2\xfe\xfb\x9c\
\xcc\xc2H+m'\xfa\xf0\xbd\xbf\xad\xc7w\xfe\xfa\x14\
\xbcD\x97T\x10*\x13L\x1cN\xa3\x84\xa7\x1e\xbc\x11\
\xaf\x7f\xc5\x05\xf8\xc2\xe5\x9fDi\xd7NX\x94!W\
\xae\x22\xa5\xe9x\xc3[/\xc5\xdd\xf7=\xc4\x7f\x93\xdf\
<\xe7\xe9\x93\xc91\xa3\xec\xbd\xe19\xe9\xf9wPF\
\x8b}\x09< /\x95\x80\x9c\xb8\x832\xe1\xc4\x1c.\
\x0c\x22\x1f\x0a\xf6\x10b\xd0Tr\x0a\x0d8\xeatz\
\xae0\x03rp\x10\xb90\x8a\xa0\x80\xd1\xb1\xce\xea\x03\
\xb6\xf2D\xd3\x88\xbbi\xc6\x12\x190\xa0\x92\x0b\x87\xf0\
7\xf8\xe6\xf7~\x8a\xcb\xbf\xfa}$\xb3\x14\x8a\xdd\xe0\
\x18}J\x0d\xdf\xe3\xe4\xf1\xd9K\x8e\xc2\xbc\xde\x1aG\
\xf1\x91\x0eF\x14\x22\x11\xfd\x90\xe7\xe5\xf6|\x0c\x1f\xfb\
\xde\xbd\xb8u\xc5\x102\x99\x1c\xcf\xc3fV_\x84#\
S\x22\xd6\x15\xeb\x86P({\x22\x85\x1ae\x99*\x16\
p\xcc\x11\x87#\x9bI\xa2J\xf1\x1e\xb1\x18\xfe}\xef\
\x83\xb8\xe1\x86[\x91\xa6\xb2b\xe4-\xc8\x81?\x22\xfc\
60g\xfd\xdb\xe7\x90\x85\x122b}\x14,5Q\
\xe8 \xc2h\x95:\xaf\xf5\xc2G\xdf\xf3\xe1\xcb7.\
\xb2\xcf\x8b\xd0-\x84H\xb31z~$\x8c\xf4:\xbe\
\xd4\x8b\x12\x5c\x03bHs\x92\x84\xb0\xbf\x819\xa4\xa8\
I\xa9\x85f]@*\x89g\x9fz\x06?\xfc\xe9\xaf\
\x98\x9d\xa4(\xb1\x5cW\x1a'\xbc\xe0H\xdeT\xda3\
\xf2\xc2+T\x1d\xacX?\x84x*\xcb\xef\xb2\xfa\xcb\
\xf5\x90\xeb\xea\xc6\x0d\xf7o\xc1\xedO\x8e\xe1\xfe\xa7+\
\xf8\xd7\xa3\xdb\x91\xa1\xb8\x7f\xe5\x1eJ\x5c@\xdc\xc1\xce\
\x0d\x8f\xa0R\xda\x81O|\xf0\x9d\xf8\xd0G\xde\x89\xe2\
\x8e\x1d\x88\xc5\x92\xccA\xc4\x12I\x0c\x8e\xd7\xf1\x92W\
\xbd\x0d\xb7\xff\xe7^\xe6(jTp2\x00\xc4R\xbf\
\x10*\x00\xd1\xb4r\x91\x9ea\xcd\xc5G(\x82\x8d\x0a\
_*-\x17\x01\x09E\xf2\x11E\x8b\x5c>\xed\xf9i\
\xb0\xfe\xa6\x08\xa0\xe5w\x17qF\x00\xa2N\xa2\xd2\xd6\
\x8c\x8e\x8d\xb5\x19us0KT\xd0S`\x0c!\xc7\
3UA\x88\xb2-]\xf9\xdd\x9f\xe0\xb2\x8f]\x8eD\
\xaeW<L\xc5J< \xe9\x8d\xe1soy\x01\x0e\
]\x90@\xa9H\xe6;\x99\x1fRb0.\x09\x96\xea\
\xc6\xefn^\x87\x1d\xd5)\xf8\xd9uk\xb1~\xbbH\
)\xc7f@\xcb\xe6@\xa7Z#\x8e\x87\xd6\x10\x12\xa7\
\x12\xf2\xaa(\xac\x8b\xd3^x\x82\xde*\xba\xf5\xc5\xaf\
~\x87\x93\xfep\x1aqi\xf2\x0b\x13\xab \x90\xfa\xdf\
\xb7:\xbe\x01\xdf\x0b\x03\x094Qk\x83\x0b\xe8\x04\x0f\
\x98HD\x95\xfc\x0b\x8a\xde\xbe\xf6F\xd5\x91\xd6\xf9\xc9\
M\xc5\x9e\x06\xfa\xb0,\xd1\xc1 \xfc\xa9\x9bx\xd0G\
2M\xd5\x7f\x0c\x8c\x18\x9eH\xeb\xcb@ \xecYV\
C\xbc\xbb\x17\xdf\xf9\xfe\xcf\xb1e\xdb.V0\xd1u\
\xc6\x8bN\xf5\xf3j\x90\x9c\x1eO\xe3\xfe\x95\x83(7\
\xe2BqN\xa1\xaf\xf18\x9e\x1fv\xf0\xe3kW\xc3\
\x8a\xe5\xe0\xd99\xfc\xfc\xba\xd5\x18.R`\x8a\x0a\xe0\
\xf18\xfc\xb4:\xf4<\x866=\xca\xf7\xbe\xfa\xf9O\
\xe0\x1d\xefx-\xc6\xb7oE2\x9eb\x0a\x93J\xa7\
1V\xf6p\xde\xcb/\xc1\xef\xfe|\x0dS\x22Q6\
k2^~\xc6:\x84(x\x13\xfb?^@1_\
\x80E\xee\xd0,\xaePtb\x0c\x09\xca\x89\xd0\x9a\x81\
\x12\xad\xa9th2bO)\x0c\x89\xb2\xb1H\xc4v\
\xa2\x860.\xb0\xe3\x94\xc3q\x0dj\x5c\xb2\x92D\x87\
c\x0f\xfd\x1d*\xe9E\x17\xb1\xff\x22\xf8\xd1\xc6'?\
\xff5|\xe0c_D\xa6\x8f\x22\x00U\xa6d\x1b\xb1\
\xda\x10>{\xc9\x918\xe9\x90>\x94\x0a\xe3\x5c\xc3A\
\xf8\x86\x8a\x83Jb\x1b)/\x1f~j\x04\xd7\xdf\xfd\
<\xb2=\xbd\xd82\xe6\xe0\x07\xd7<\x01$z\x85\x82\
\x90\xf4\x1b\xf1\x18\x9e\x1f\xacb\xcd\xf3\x05$R\x19>\
|\xd5j\x1dS\x06\xfaq\xfcq\xc70Q\xa0P\xe0\
\x7f\xdcr\x07n\xbd\xf9vdzz\x84\xe7\xa6\xc0\x8e\
r7\xc4\x0a\xb3?K(\x19\x07\xc3\x94R\xdc\x87\xa8\
x\xb4c\x9dy\xf8\x9b\xfda\xda\xe5\xd7\x0c\xb4\xdb\x04\
OR\x81\xae\xee\xebz`4Fi\xcb\xd3\x12\xa0)\
\x22jV\xd0\xf0G\xea4\x88M\xae\x826\x8f\x18\x94\
^e\xb8\xe5\xbfU\x99\xb0\xc9\xb08\xba\x1fs\xc1\x04\
\x15O\xa4\x92\xd8\xf6\xfc6\x5c\xf9\x9d\x1f\x8a$\x12\xae\
\x87\x13\x8f\x7f\x01f\xce\x99\x8djU\xb8\xf1$\x92i\
\xac|n\x14\xeb6\x178\xf7?\x97\x03K\xf5\xe2\xc7\
\xd7\xae\xc4\xf3\xc3\x16\x12\xc4>'\x1c\xac\xdeP\xc2\xef\
o}\x16\xc9L7\xea\x0d\x0a%&o0\x0b1\xdb\
\xc5\xa6\x95\xff\xa14\xc2,\xb3~\xff\xca\xcbq\xf1\xeb\
\xcfG~\xdbf\xc4\xe3I\xceN\x93H\xc6P\xb5c\
x\xed\x9b/\xc5\x97\xae\xf8\x1e\xcb\xb8\x9c6\x8c\xf2\xe2\
\x99\x9e9\x9a56\xd6\xacm\x1e8\xf3\xe4\x88\xcf\xe4\
\x12K^\x85,G37D\x00\x90d\x84\xa4\xb6#\
\xc8\x8a\xfb\xaaZ]\x86\xdd\xf5\xbfS\xc1P4\xb7l\
*\xc6y\x07\xa5\x97\x0d\xe0\xc40H%\xd7$\xbb\xde\
Nl\xf1\xe7\xd1\x9c\xdbNl\x99\xff&}\xa7\xaa/\
QQ\x97W\xbd\xf1=\xb8\xfcK\xdfAn\xca\x80H\
\xbe\xc9f|\x07Vy\x08\x1f\x7f\xddr\x9cy\xc44\
\x8c\x8f\x0f\xc3&.G\x0a\xcd\xba}\xcbE\x09Y\xfc\
\xf4\xef+Q\xa8%\x00\xb7\x86l6\x87\xdbW\x0c\xe1\
\x9f\xf7oA\xae\xab\x97\xb9\xbax:\x8b\x87\xd7\x0ea\
p\x5c\x96:\x8b\xc5Q+\x15q\xe4\xe1\xcb0w\xce\
\x0c\xd4\x5c\x97\xb3N}\xf6\x0b_\x87\xe7\xc4}\xe2\xd7\
\xe4\x8f\xaf\x8a\xa2\x18\xbb\xa3\xc4Js\xab\x8d$\x9d\x81\
=42>+D\x11x\x84\xb9\x10\x83\xeb\x8b\x84@\
+\x08\xf4\xda\xac.\xcd\x89*\xa5\xbc\x0av\x93\x97\x08\
\x9e\xd2\x83\x0c\x96\x08\xd3\x8dMV\xcb\x19\xc2t\xaa}\
\xb5`\x01\xb9\x893\xde\x06O\xd1\xa4\xa2\xa8L\xd1\x81\
\xa8V\xa3\x81\xe4\x94)\xf8\xd1\xcf~\x8bUk\x9ff\
\xdf\x98\x99\x03}8\xed\xe4\xe38\xc7;\xc9\x8fd\x8b\
\x1e-\xdb\xb8\xed\x91-\xb0\xed$\xb2\xb9.\xdc\xf4\xf0\
N\xdcx\xffv\xa43\xdd:@%\x91\xee\xc2\x9fn\
Y\x87'6V\x91I\xa9\x12[$[\xa71\xbes\
=vm|\x94\xa9&)\xf8~\xfe\xfd+p\xc9\x9b\
/D~\xebfV6\x11\xc2 \x00IuO\xc1\xc7\
?q9^\xf1\x86w`h,\xcf\x8e&*a\xa9\
\x1f\xb4b\x9c\x0a}?\xc42\x07\x8f\x84`\xc9\xe5-\
\xaa\x944\x96'\x04 R\xa0y\xb5:\x06\x06\xa6 \
\x93I\xb2\xf7\x1aZ\x84\x85\x8a\xbf\xe5=E\xaeTv\
\x04\x8b8*Q.\x8b,\x01\xa4\x02\xf0\xa8\xa0J\x22\
\x8eM[\xb7s\xc2\x8dH\xcf\xce\xc8\x00\x14sN~\
?\xdc\x17\xb7A\x96\x91\x06\xc7\xdd?\xfc\xf8J\x9ct\
\xc6K\xf1\xc7?\xfc\x15YJ\xb1V\xab\x8a\xaa>\xa4\
@\xad\xed\xc2'/^\x86\xf3\x8e\x9d\x8e\xfc\xc8\x10b\
\xb6\xcc\xf0\xcb\xf28Y\x15D^\xc6L\xb6\x0b7\xdc\
\xb7\x05\xf7\xaf\x1aF*\x93\x12\xa5\xde\xc9*\x94\xec\xc1\
\x0f\xaf]\x89\x0dC\x942.\x89b-\x86\x7f\xaf\xd8\
\x06\x8b\xb5\xff\x22\xc6\x9f&z\xc19/b\xc0 B\
\xf0\xf3\xdf\xfc\x09\x0f\xdd\xf702=t.d\xea\xb8\
\x0e\xf5`\xaa\xde\xa3\xb9k\xbcF\xc6\x0d\x95\xa2\xa3\x15\
\x17\x1c<\x03~\xbb\xe1\x9e\xa4\x03\x88/jK\xeb\x8e\
\x8e}0r\x04pX\x8b\xfcS\xab&\xfe\xbf\xee\xde\
\x03L\x8e\xeah\x17~\xbb'\xcf\xce\xec\xaeV\xab\x15\
J\x08I\x80@\x08\x10`\x821\xd1\x80\x09\xfe\xc8`\
\x82\x01\x11\x8c\x09\x06\x0c\x18\xfb\xc3\x01\x07\xb2M\xb0I\
6`\x82\x89\xc6\x22J\x02l\x04\x98 \x920 \x90\
@\x12\xa0\x8c\xf2\xe60\xbb\x13\xbb\xff\xa7N\xea\xd3=\
\xdd3\xb3+\xfc\xdf\xe7\xdec\xa3\xdd\x9d\xe9>\xb9\xea\
T\xd5\xa9zK\xbfn\xf3\xf3\xf6\x0b*\xbeWS>\
\xcf\xe9u:\xea\xc6\xd7\xe43-\xdb\x14\xafQB\x8c\
\xbe\xde\x01\xfc\xf2\xea?\xa8Mz\xfc\xd1\x87\x89k2\
\xf2\xda\x22\xdd6\x81\xd7\xe7\xafEo>\x8au\xdd\x11\
\xdc\xf5\xf4\xa7L<\x94\xa9\xaeh>#\x84\x06TL\
\xe0\xeeg\x16 o\xa6\xd9\xed\xb2\x80\xe7E\xd4,b\
\xf5\xc2\x97\x01\x9bG\x1bR\xe3\x7f\xbd\xe3&\x5c\xf6\xe3\
\xb3\xd1\xb7a\x8d\x12\xad\xa9K\xc9\x91\xa30c\xc6l\
\xec{\xf01\x0c\xcf\x8eT\x13\x1e\x08T\xaa@\xe4~\
#\xd4\xb7\x90s\xaa\xfeg\xfe\x02X\x02\xca\x8a\xbc\xd8\
\xe8\x0e{\x9bI\xe3\x854 \xec\x17\x81u\xea\xc9:\
\x04\xc3f\x9c\x85\xe3\x1b\x8c\xa87\xd1\x5c\x1fav\x05\
j>\x16Kb\xf5\x9a\x0dX\xbab\x95\x16=Yk\
\x91\xf2\xa9\xd3\x7f\x12\xf9\x89\xf0\x08X\xf5\xcf\xf7=\x8c\
\x03\x0f=\x0e\x9f,\xfc\x1c\xa9\x96\x91<\x8d7\xd98\
rYD\xf2\xad\xb8j\xfa\xce8j\xaf\x16d\xba\xda\
\x99\xa1\x90\xf6\x8f\xe5Dp\xc12,&y\xad\xee0\
\xf0\xd0\xf3\x8b\x10N6\xb2\xfbz\xc6,Y\xbe\xc00\
\xd6v\x86q\xd7S\x0b\x90h\x18\x89O\x96wb\xfe\
\xd2.\xc4\xe3\x144e3\x83m\xf3\xc8\x11\xf8\xeea\
\x07\xb1\xbe\xad\xdf\xd8\x8e\xeb\x7f\xff'\x84\x1b\x1a9\xb3\
\x95\x1a\xd2 \x86\xec>\xb9=\x04>d\x83\xba\xb7(\
\xab\x8dG\xbasf\xddu\xc3\xa0\xbd\xa9\x10'\x1dq\
\xa6\x06\xe7~\xad\xf8n\x00\x1f\x06\xe5\xd2\xe7+\x0c\xba\
\x96\xd3\xdf\x09_v7\xc9u@\x9e\xb0#\xd94\x02\
\xcf\xcd\x9a\x83Y\xffz\x85=\x7f\xe0\xbe{c\xebm\
\xc6c \x9be\x9b\x86<\xdcV\xac\x1b\xc0\x9bK2\
\xb8\xff\xc5\xa5\xf8\xaa\x0d\x08GB(2\xf8kF:\
L}H$\xd3x\xef\xb3.<\xfd\xc6*$\x1a\x1a\
\x15\xa0G$\x1cE\xef\xc6E\xd8\xb4\xf2=\x11(\xc2\
u\xcf[o\xb8\x0a\xb7\xdc\xf4k\xe4)L\x95Y\x90\
\xb9'Y]\xcb(,Z\xb6\x16\x07\x1d3\x1d\xbf\xbc\
\xf6&\xe6\x0a\xcba\xc3\xf8I\xeb\x9a\x9b@\xa2r\x9f\
\xde\x0c\xc1\xd800\xe7\xb5w\x80X\x1d\x0fRb]\
\xb7\xb0\xeb\xb4i\xe2)7.`\xb0\x8b\xa8\xc4\xc9\xe7\
)\xbe\xa8p\x09\xc0\xc4\x841\xf5\xb0\x8a9\xc6\xfc\xc8\
\x06\xd2\xd7\x9da^{\xcc3X\x83<\xf3u\xf5\xd6\
U\x19\xa5Q\xd2\x989\xf4\x16\x11\xf2\x97\xcbW\xe2\xb8\
\xef\x9f\x8b\x1f]|%\xb2\x96\x89\xba\xfaF6g\x84\
\xf4\x94\x19\xe8Ac\xa8\x1b\xd7\xffp\x0f\x1c\xbeK\x03\
z\xba[9\xe6\xa1\xcc6\xc4\xba\xcfer\xe6\x09\x1d\
\x1f\x86??\xfd)\xd6wSf$\x9ed\x95}.\
\x18n\xb2\xae\x01s>h\xc3\xacy\x1dx\xed\xe3v\
\xf4\xe7\x22\xcc\xf3\x8f\xf9y\xf4\xf5\xe2\xb0\x83\xf6a!\
\xc0\xf4\xfc5\x7f\xf8\x13\xd6\xad\xd9\xc4R\xa1\xf1x\x11\
\xaf=\xc3\x7foV\xdc\xc3\x9a5\xdeKf\xfaU\xa0\
\xac\xab\xf6\xa2?\xcb\x9d\xd2\xe4\xd4\xc8\xba\xe5\xfc\xab\xf6\
\xc4\xed\xb7\xd3\xb8f\x99TO\xc8\xcfkLP\xe0\xad\
K\xef\x9f\xaf\x9f\x7fP\xb6\xd72\x11\xd8\xfdLYE\
R\xcc\x11\x093\xe9\x9dH\x22\x8d+\x7f\xf3{f\xb5\
\xaeO\xa7p\xcc\xe1\xdfF)\xd3\xc7b\x02h\x03\x86\
\xe3\xf5\xb8}\xc6'\xf8\xd7\x07m,\xa8\x88\x05{\x10\
zp>\xcb\x1c=$\xb6@4=\x1c\x0f\xfes)\
>\xdf`\xb1\x00\x1b\x22tf\xa56KX1\xff\x05\
XE\x11\x96J\x99\xcb\x8a\x05\x5c~\xd1\xb9\x98\xf1\xe8\
=HE,d\xba\xbb\x98~I>\xe4\x89\x14\x87\xed\
\xbe\xfe\xa6{\xf1\xcdC\x8e\xc7\xb3\xb3\xff\xa9\xc2a\x19\
\xc6_\x89c\xf1\xd52\xcf\x04\xccA\xef\xbe\xff\xd1\x02\
\xbc1\xf7?\x88\xa5\xeaQ\x22\xc4\x1e\xcbFrX\x03\
\xf6\xdbw/1w<;\xb2\xdf\x5c\xea\x1b\x813~\
!F\x8a\x9dH\x8c\x80\xf4\xff\xdd\xb7\x1b\xc1\x0c\x81\x94\
\x07\x80\x18`(\x99\xc4CO<\xc3\xae\xe2\xd8\xdd}\
\xc0\xbd\x7fY\x10\x13Kc\xc6\xdf\xa1(H2&\xde\
p\xeb]\xd8\x9b\xcd\xc5\xeb,l\x9aT$\x9ey\xc9\
@\xa6\xbb\x1d\x93GZ\xf8\xd3O\xf6\xc3\xb7\xa6$\xd1\
\xdb\xd3\xc5\xe7Y\xe1\xf4K\xb5\x86\xea.\xa2\xbe\xbe\x09\
\xcf\xbf\xb3\x11\xaf~D\xc0\xad\xc3\xb8}\xc9\x00r\xb9\
\x01f\x18\xa5B\xf3\x1c\xae\x1b\x86?>\xfe\x09\xe6\xfc\
\xa7\x15\xb1x\x8ca7P\x95\x84\xe1z\xfa\xc9\xc7\xb2\
\xe7\xde|\xfb=\xdc\xf7\xd0\x0c\x96V\x9c\xf2\x0e\xf2\xf9\
\xd2\xae\xae\x85\x04\xe3\xb7\x9b\x95\x1f\x84\xdf\x09\xea\xfb\x91\
[%\xf3\xd6S[\xf1\x10\x83\xc7x(?e\xdfh\
\x07h\x99@S)\x98a\xb0\xa2\xb9K\xd4\x91\xbf\xb2\
_*o\xf0\xcaF0w\xfde5\x09nO\x86\xbd\
x*\x8d\xc5\x8bV\xe0w\x7f\xb8\x83}u\xea\xf7\x8e\
A\x22\x1dc\xf1\xecd\xa8\xa3\xcd\xd4\x95\xa1\xf4\x1aq\
v\xfe\x11!\x16\xb39l\xb9\xc5p\xa4\x13QX%\
\x0e|A\x22{W>\xc5\x98E!\x94f\x1b\x85N\
J2Xe[\xbf\xc4\xaa\x05/\x8a\xd9\xe6\xf8\x81\x94\
\xa3\xee\xf8\xa3\x0e\xc7\xab\xff|\x0aS\xb6\x1e\x87\xcc\xa6\
M\x08\x11\xae\x1c\x1bK\x89E\xbe}\xb6l=\x8e;\
\xe3\xc78\xfc\x84\xb3\xd9u\xa1d\x04\x0c:\xacDQ\
q%F\x08*^_\xcc\x091&\x02\xc6 }\x9f\
\x0cT\x97\xff\xfc:\x14J\x84h\xc3\x93e\x14\xb3Y\
\xec\xb1\xebN\xd8a\xdb\xad\xd9f\x97n\xc6\xbeLE\
\xa1\x1fIG\x1f\xd6C\x01|\xc9\xbd\x1fK\xf9,\xf6\
\xde\xb1\x05#\x1aM\x14\x8b\x1c\x08\x94 \xb0?\x9e\xbf\
\x187\xdcz'\xeb3\x11\x08\xa5\xe8b>\xfb\x9e\xab\
M:u\x89Y1G,1\xc6l.\x87\x07\x1e{\
\x12{\x1e|\x1c~\xf1\x9b[\xd13`#\xd5\xc4\xb3\
2\x1bd\xb8\xa5x\x83\xaeM8\xe4\x1bM\xb8\xe3'\
\xfbc\xbb\x91\x16\xb7\xf6S\xec\xbdpt\x92\xb0\xe3l\
\x04%\x1b\x89x\x1cK\xd6\x15p\xcf\xcc%\x88\xd45\
+\x07\x9e|6\x8b-G53`\x13\x92\xe8Xt\
!L\xf4\xe6\xe8:\x98\xae\x85\xe9J\x90\x9f\xfe\xbbN\
\xdb\x0e\xfb\x7fk/\xe4\xf2y\x96`\xd42\xa2l\x0e\
\xe4\x81\x22q\x16\xf8,\xe9g\xa9{\xef\xaa\xdf\x03\x8e\
:\xef\xf5`\xc5\xcb`E\xbc\x1a#\xf5\x84\xe1\xfb-\
\xacN\xc7\xae\xebJ]\x1a\xac\xe4$\xae\x1b\x009\xd7\
\xf0\x9c\x1e5 \x98\x04\xd5\xcb\x7f\xda\xbe\xf5\xd4T\x9f\
\xce\x10<\x06G^7\x0f\x9f,\x15r\xa8kn\xc1\
\x9d\xf7<\x82W\xdf|\x1b\xbbL\x9d\x82}\xf6\xdc\x05\
y\xc2\x8e#*6l\x84I\x8c\x16\x81E\xb4\x81#\
F\x113\x9f\xb8\x8f\xf9\xa5\xe7\xda\xdbaF#LL\
O$\x93x{Q/\x1ex\xf1\x0b$)\x10\x84!\
\xfe\x96\x90\x88\xdaX\xf5\xf1\xf3\xc8t.b\xbe\x07\xb4\
1\xe9J\x91\x9cXv\xddi\x0a\xe6\xbe\xf2\x1c\xce9\
\xfb$\xf4w\xb6+\x10Q2\x02\x92$A\xf5\xfc\xeb\
\xe5wp\xc8\xd1\xa7\xe3\xd0cO\xc3?\x9e\x9e\x8d\xce\
n2\x14\x86\x98\xea\xa0\xf2\x0b()\x8c#\x11\x93\xb1\
lCk\x07\x8e?\xed\x87x\xfb\xbd\x8f\x10O\xd51\
\x09\x83\x9d\x8e\x85,~x\xf6\xf7y\xda4\xca\xa1\xe0\
\x12\xe7\xdc\xbf\xab\x7f\x15@\x86\x14\x01ev\x1f.i\
L\x18\x19\xc7wv\x1f\x85B6\xc3\xec\x0c\xa5|\x01\
\xb1t=~w\xfdm\xb8\xfe\x96\xbb\x18<\x1b1C\
eh\xd2$\x02\x9agbV\x84\xa1\xff\xd5\xba\x0d\xb8\
\xe3\xee\x07\xb0\xd7A\xc7\xe0\x9c\x0b\xaf\xc4\xe7\xab6\x22\
\xd5<\x82yF\xb2\xbeF\xc2\x18\xc8\xe6Pg\xf6\xb1\
D\x9e\xd7\xfc`w\xa4C=\xc8\xe5\xf2,\x0cW\x82\
\xd7P\xed\xcc3A\x5c\xabR\xa4\xe7\x80\x9d\xc6\x1f\x1e\
\xfd\x00m\x031\x84\xc9w\x81\xbcA\x09\xbb\xdf.b\
\xf6\x93\x0f\xe1\xca\x9f\x5c\x88\x5cg;\xef\xa7H0c\
J#\xbcQB\xa9\xbf\x1b\xd3O9\x0e\xb1X\x14\xd7\
\xdet\x07\x0b\xf8I\xa6\xd3\x9c)1E\xd995\xd5\
\xb9&\x0c\xaa\x81t\xe0\xb37\xab\x16?\xe3\xa9hX\
\xd1#\xcb\x15Y\xe9\x1cun\xd9\xfc\x9b\x10\xfd\xa6\xe7\
\x12c\xa6\x91\x07I\xa2\xfc)!\x15\x0e2\xe9G\xb0\
)KN`e\xe7\x97\xc1\x16\xffhE\x914\x938\
\x5c\xd8@v \x8b\xf1\xa3\x9b\xf0\xf1\xdb/\xe1\xe5\x7f\
\xbf\x89\xe3N8\x0b\x89\xe6\x16\xee\x00`\x10\x06\xbc\x89\
p4\x8c\xbeM\x9b\xf0\x87\x1b~\x81\x9f^t\x0e\x0b\
\xae\xf9\xce\xb1\xa7\xe3\xady\x9f\xf0\xa0\x1f\xca\xfabD\
\x80l+\xae9w\x17|g\xe7z\xf4t\xb71=\
\x95T\x86\xe4\xa8]\xb0\xeb\xff\xfc/l\x83\xdco\xf9\
\x9d\xba\xa5\xe5\x06xv\xf6\xbf\xf0\x8b\xdf\xdd\x8c%\x9f\
\xafFlX#\x93\x22\x18\xc6\x9d\x88H\xcb\x92s\x8d\
U\xc0\x84m\xb6\xc2\xc1\xfb\xed\x83\x83\x0e\xd8\x1b;O\
\xdd\x1ec\xc6\x8eA:\xc9\x97\xa7P\xb2\xb0z\xcd\x1a\
\x16(\xf3\xa7;\xee\xc3\xf2\xe5\xab\x90hjbn\xcf\
\xe4\x80\xd4\xdf\xd9\x8d\x03\xf7\xdb\x15s\x9ey\x98\xa3\xf1\
j\x99f\xf5U\xe1A9\x06\xfa\xda\x16\xe3\xc3\xd9\xd7\
 f\xf0@\x22\x99\x85\x99~g\xa9\xbf\xc9\xdeaP\
\xe2\x9106\x0d\xa4\xf0\xc3\x1b\xdf\xc4\xc6\xfe:\xc64\
\x192\xaea!\xdb\xb9\x09\x07\x1dr\x00~t\xee\xe9\
\xf8\xd6\x9e\xdf@\xcb\x88f\xd5NOo\x1fV\xac\xfe\
\x0a\xf3\x84\x0f\xfd\x1bo\xbf\x87M\xeb6\x02ui\xe6\
t\xc5\xcc\x07$\xa5\x84#,\xc3N)\xd7\x8d\xfd\xa7\
\x0e\xc3\x05\xc7N\xc5v\xa3Mdz\x08pU`$\
\xb86\x96\x8c\x8b\x17F\xd6\x86\x16\xdc\xf4\xd8\xa7x\xfc\
\xf5\xf5H\xd671\x09\x8a\xd4\xae\xcc\xfa5\xb8\xf1\xc6\
_\xe1\x7f/9\x8f%\xf8<\xec\xf83\xf1\xda\x1b\xf3\
\x90j\xa0 \xae\x82P\x11(\xe5[\x16M\xe9\x04\x96\
/x\x0b\x9f|\xb6\x18\x07\x1c~2\x22\xa9&>~\
6\x07\xf2Dt\xd2\x83W\x8a\xef/\xa3\xcd\x8a\xc4*\
I\xd1\xc7X\xe8\xf1\xc8e\xd5\xc8x\x9d\xaa\x94Q\xd6\
\x08oE\x93\xc0\x19\xb4Mb\xf4\xb4~\x18>\x0c \
\xa8\x16}#\xf90\x07?\x82\xf4\xadaH\xa3\x90\x0d\
W\xd1\x22\xd8\x86\xe1\xe1\xad\xf4h8\x1cA\xef\xc6\x0d\
\x98~\xd6\x89\xf8\xdb\x9d7a\x87=\x0f\xc6\x92/V\
\x22\x91n\xe0\x81>\x9102]\x1d\xf8\xf6\xfe\xdf\xc4\
\x9cg\xfe\xc6\x083\x1a\x8db\xc9\xd2\x15\xd8\xe7\x90\xe3\
\xd0W\x08!\x14\xe6\x880$\xd26\x84\xba\xf1\xc7\x1f\
\x7f\x13\xdb\x8d(0\xa3\x22]\x17\xf5\x0d\xe40~\xcf\
\x930i\xb7\xef3\x18+\x8a<dCd^i<\
\x96\xbc\xab\xbb\x077\xder\x17\xee\xbc\xefQdz2\
\x8874\x8a\xa4\x16\x16\xbf\x0e%\xd7\xe1\x81\x1cl\xca\
\x05\x162\x90\xaa\xaf\xc3\xa8\x91#0|X#\xcb\x5c\
\xdb\xd3\x9b\xc3\xaa\xb5k\xd0\xb5\xb1\x15H$\x19\xea/\
1&2\xcc\xe5r9\xd4\xc7\xc3x\xfb\xe5\xa7\x19\x10\
\x8a\x14\xff\xcb'N\xea\xe6&\xfaZ\x17\xe1\xa3YW\
#\x1a\xa6\xdc\x86|A\xd4\xe9#\x9e\xa1R\xb4,v\
w>{^;\xae\xba\xe7}D\xd3\x04\xd7\xc5U\x05\
\xb2\xa7\x0ct\x93g\xa0\x85\xb1\xe3\xc6b\xdc\x98\x91\xcc\
y&\xdb_`\xf9\x11\xd6l\xd8\x80lW\x0f`\x87\
\x10J'Ex\xaf\x10?C\x94W\x91|\xef\xfb\xb0\
uK\x18\xd3\x0f\xdf\x16\x87\xed9\x0aa\xab\x17\x03\xfd\
\x03L\xa2q\x10\x9b%\x17\x90\xa6?\x0ePZ\xd7\xd8\
\x84\xa7\xe7\xb6\xe2\x86\xc7?C,\xcd\x01:\xccH\x0c\
\x03\x9d\x1d8\xe2\x90oa\xd6?\xeeG\xa9Pd\x1e\
\x99K\x96\xad\xc27\x0f<\x92\xa5S\x0b\x91\x93\x98\xcd\
\xa5\x87\xbe\xf5k\xf1\xf3_^\x86_\xff\xf2'\xd8\xf1\
\x1b\x07`\xe5\xdaN\xa6>R]\xd2/\xc3K\xa4\xae\
\xed\x16\xc4\x0c|\xa2\xfcj.\x1a\xc1\x0f\xb5\xb8\x01B\
\xc4^T\xf8\x1bT,\x9b$\x80\x0c\xc0\x8e\xad\x1a*\
tK\xdfC\xeb\x14\xffI\xb6v\x95\xa8\xb1\xd6J\xab\
\x11\xbeOC|\xe1,\x06\x00\xd2\xb7v5\xfe\xf1\xec\
#\xcc\xdb\xeb\xf4\x93\x7f\x80\xf4\xd8\x09\x22P'\x8f\xba\
\xb0\x8dw^\x9b\x8dm'n\xc9O{\xc68\xc2x\
\xe2\x99\xd98\xe5\xacK\x91j\x1a\x89B\x89\xae\xfc\x80\
\x5c\x7f\x06\xdb\xb4\x14q\xdb\xa5\xfb\xa01\xd2\x0d\xab\xc8\
O\xc3\x8c\x15\xc1\xb4#~\x82\xe1c\xbe)\xd2q9\
\x04\xa8g\x0a\x9a\xbf\xe0S\x5cw\xf3\xed\x98\xf9\xfc\xcb\
(\xe6,\xc6\x08\x08\xd4\x92t_.\xb5p\xc3\x1d\xbd\
\x93\xcf\xe7a3\xf8+\x02\xc2\x8f0\xdfu\x12qi\
s\x92\xd8L\xeaB\xb6\xb7\x17q\xc3\xc63O>\x88\
C\xbf\xbd\xaf\xd6V\x99\x9dY]\xbfq\x09`\x11\xe6\
\xcf\xbc\x1aQ\xb3\xc0nFh\xa3R\xc0\x14i\xbd\x5c\
E\xa3\xf4\xda\xfc5\x8e\x87\xd0\x88\xbf\xce^\x8a{\x9e\
^\x82H}\x0b\xc2\x84rLb6\xa1\x1f\x19\x06\xf3\
\x0d \x14f\xde\x0cy\x5c\x92\xf8\xcf\xc1Q\x08\xa5\x98\
b\x14x\x10\x0ew_\xb6\xb2\xfd\x189\xcc\xc4q\xfb\
O\xc0\xf1\x07LBK\xba\x84\x81\xben\x952L\xf4\
\x961\x0c\xe6\xe7\xa7\xb0\x1b9\xf1'\xeb\xea\xf0\xde\xd2\
\x1c~z\xc7;(E[\xe8v\x96\xc5\x03\x10\x00L\
Kc\x1c\xef\xbc\xfc4\xb6\x1c=\x8a1X\x9a\x13\x8a\
\xf2\xbc\xfboO\xe0\x82\xf3/C]\xcbX\xc6\x98\xc9\
\xa6\x12E\x0e_,|\x0f\xbf\xb9\xf6F\xdc{\xd7\xdf\
\x90\x1e5Nd\xf9q0\x0d\x5cy\x01XB\x19\x8d\
\xc0|\x0e36\xe3\x01\x87a\x90\xff\x84.YT\x92\
0jE\x17*\xabS\xaa\xc7\xea\xa6\x8f\xfc*]\x1b\
\xc4\xadsx\x87\xb4\xb9\xc4\xcf\x8a\xb0\xa3\x10`\x06\xb7\
\x9b\xf9[\x90\xfd\xde\xf3N\xb4;4X3\xae(N\
\xc5\x97\x8bm\xe0\x92\x85\xe8\xf0f\x9c\x7f\xe1O\xb0\xdd\
\xe4m0\xed[\xbb#\xd3\xdb\xc36\x05\xe9\x86\xd7\xfe\
\xf6g\x98<qK\x14\x0b<\xf9$\xa1\xc4\xd0&;\
\xf9\xb8#q\xf9\xc5g\xa3\xafu\x03\xa2\xe1\x08#<\
:y\xbfXg\xe1\xfa\x87>@14L\x80B\x86\
\x117\x8aX\xf4\xc6#\x18\xe8[\xc3\xb3\xe7j\xae\xbf\
D\x90\xdc\xdb\xad\x88]v\x9a\x8a\xa7\x1e\xbe\x17\xaf\xbe\
\xf8\x0f\x9cp\xc2\x11,\xc0(\xb3i\x03\xb2t\xfa3\
\xc4b\xbe\xd1\xc8\xa6@)\xce\x92\xa9:&2\xa7\x12\
\x09&\x09P J(\x14e\xb9\x08\xfa7n\xc4\x98\
\x11\x8dx\xfe\xb9G\x19\xf1\x93\xf1P\xa5$+s\x1e\
\xf7Q\x07\x84\x8d\xc1\x01H\xe7\xf6\x19q{.\xfc\xe3\
9\xe1f{\xdbq\xf6\x11\x13q\xc5\xe9;\x22Vl\
\xc3@o/\x99H\x15V>\xdd\xb3'(3Q*\
\x81D]\x8c]\xb5r\x82\xa7\x93'\xcc\x90\x86\x07\x06\
\x08\xd9\xb7\x13-\x89>\x9cq\xe8h\xdc}\xc5\xde8\
\xef\xbb[\x22\x1d\xeaD_O\xa7tc\x11\xd2\x88`\
@B\xf7\xe5\xd8{\x06\xacb\x81\xe5~\x5c\xd6j\xe2\
\xda\x07\xe6!\x87\xb4\x16\xa1\x17Bi \x83{o\xbb\
\x01[\x8e\x19-n\x14\xb8\x1d\x22_*\xe2\xbc3O\
\xc6Q\xc7\x1c\x81L[\x1b\x22\xf1\x04r\xed\x1d\xb8\xf0\
\xbc\xb3\xf1\xce\xbc\xff\xe0\xde;\xeeC\xdd\xc8Q(\x16\
\xf3\x9a\x0e\xacC\xd3sF\xa0\xfcX\xfcn\xa3\xe4\xdf\
\x15$ao,\x87/AK\x87\xb0J\xb7`U\x8a\
c\xec\xd3e\x17\x89\x86\xcc\xf7\x03I\x00\x84`WW\
~K\xe8W\x1c\x1d\x91U\xe4\x01\x04\x956\xa4\xcdw\
l\xa8\x5c\xaai\x0f\xba\xb8\xc69\x1f\x1f\x1b\x89\xc4\x99\
\x8e\x0e\x1c\xf0\xed\xbdq\xc4\xe1\xdf\xc1/\xae\xba\x99\x89\
\xb7G\x1c\xb27f\xcf\xb8\x8f\x89\xfe!\x93N,>\
\x00\x1e\xa7N\xfe\x00\x16\xbe{\xe2Yx\xe5\xd5\xb7Q\
7\xbc\x89\xe1\xcf\xd1)=\xd0\xd5\x8ec\xf6\xdd\x02W\
\x9e\xb6\x13J\x99v\x84\x221\x16K\x1eo\x99\x8ai\
\x87\xff\x84%\xed\x14+\xa9\xfa&\xebd,\x83\xe1\x06\
\x02\x0b>[\x8c\x19O\xcf\xc2\x0bs\xde\xc0gKW\
\xa1\x90\xe1\x08\xbft\xe2\x93\xea@'(\x0bAa'\
\x96\xc9\xb3\xd0\x96\x0a\x18\xde\xdc\x80\x93\x8e\xfe\x0e~\xfe\
\xb3K1v\xd4Hfx\xe4a\xb5A\xb6]\xdbc\
\x03X\x84\x0fg^\x83\x04I\x00\x82\xb8\xd8\xfd\x89\x0c\
$\x97!\xa9\xf2\x1db\xa4v\x89]g.\x5c\x99\xc5\
\xa3\xff\xfa\x1c\xf3\x96\xf4\xa0\x8f\xdcmCQ\x11\xf5(\
/\xba\xb9j\xc3\x02\x08)\xc5\xb8\x9dG}\xcc\xc6\xe4\
\xb1q\x1c0m4\xf6\xdb\xa9\x05\xa3\x9a\x0c\x14rY\
\x14\xf3E\xee*\xed\xba\xa2\xe4\xc6\xc8\x92w\xe32\x95\
'\x84\xb6l\x0a\x97\xdd\xf6&\xbe\xd8@I\xa2\xea\x99\
\xf4\x14\x8a\x84Y`\xd6\xd5\xd7\xfc\x14W\xfd\xe4b\xee\
K\xc0\x8c\x87b\xde\x89x\x01\xacZ\xbb\x01{\x1dp\
$:\xbb\xf3\x18><\x8d\xdbn\xfe\x1d.\xb9\xecJ\
\xb4we\x10\x89\xc7\x9dk\xd3\x1a\x0d\xdc<\x84\x9a\xf7\
O\xbb\xf8\xf2u\xa7\xe1\xd3Z\x8b%\xcc\xbb\xcb\xdd\x7f\
\x0f\x95\xce\xdc\xb50\x15`\x97>\x18\x06y:\x04\x8a\
\x22\xb2\xeb\xb50\x9e\xa0\x8e\x05\x01\x5cTB\xbc\xd1\xeb\
\x0a\x82&\x0bLK^\xc6Q\x05&\x9ci\xa0\xbf\xa3\
\x15G\x1dw$\x16\x7f\xb9\x12\xebW\xaf\xc2\x82ys\
\xb0\xd5\xb8\xd1\xdc\xb0%\x93\x8c\x8a\xa5\x92\xba\xf4\xfa\x8d\
m\xd8\xe7\xe0\xa3\xb1r\xed&\xc4\xd2)&QPd\
X\x7f\xf7&\x9c~\xe8D\x5c\xfa\xbd\xa9\xc8\xf5\xb53\
+=Y\xad\x1b'\xed\x87\x1d\xbf}>l;\xca\x02\
Y\xbc\xe0\x19L6!_\x03v\xd2\xf3\xa0%\x8a\x1a\
\x9c\xbf\xe03\xbc\xf7\x9f\xf9\xec\xe7\xe2/\x97c\xc3\xfa\
\x0d\xcc\xcf\x9f\x98P\x22\x1aFSs3\xb6\xdffk\
\x1c|\xc0\xde\xcccm\x9c\xc0\xad'i\xc5I\x90\x1a\
\xb43\xa4\x0a@'\xba\xc9\x19\xc0\xack\x10g\x0c@\
\x0a\x83\xeeS\xcd}$p\x1d\xbcT\x14Y\x87\x22i\
,Z\xd5\x83\xb9\x1fo\xc4\xc7\xcb:\xb0\xbe\xad\x0f}\
\x03E\x1e\x15i\x9a\xa8KD\xd0\xdc\x18\xc7\xf8Qi\
\xec0\xa1\x01S'6b|K\x02\x09#\x87l6\
\xc3\xae\x15\x0d\x93\x00\xdb\x85X\xca\xa4\x11y3-\xfa\
*T\x06\xb27\x90\x9f\x061\xcd\xbeR\x1a?\xbb\xf3\
m|\xb8,\x8bD=\xf9o\xf0 \xad\xcc\xc6\xf58\
\xf9\xd4\xe3\xf1\xf7\xfbo\xe7\x90\xe3,\xb5\xb7\x9b\xf9\xd2\
<\x91\x81\xf0\xb1\xa7f\xe3\xb4\x13\xcf\xc0\x11\xa7\x9c\x82\
\xb6\xd6Mx\xff\xbd\x8fP7\xac\x91\xbbN\x93`l\
\x0eB\xd4\xf6\xeeS\xf7R\xbb\x9f\xd5\xe9J\xbb2-\
oK\x90\xaa\x9fzQ\x03\x8dy\xe9\xad\x9c\xfe\x18\xb3\
\xb7\x8d\xc4\xd8]\xfa`\xa3\xae\x92\x13G\xa0.\xe2\x19\
8{\xd6K\xa4\x9e\x81\xd52\xa9\x95\xea\xf5\x0e\xbe\xaa\
\xce\xa4\xecF2\x7f2\x17\xcb\xc9W?d\x15p\xf7\
\x1d\x7f\xc0\xf4\x93\x8fe0\xde\xe4\x84R~mf\xb0\
;l\xba\xc6\x9a7\x7f\x01\x0e9\xe2D\xe4\xec\xb0\xba\
\x1e\xa4,1\x03}\xed8\xef\xa8mq\xc1Q\xdbb\
\xa0\xbb\x8d\x19\x00\xb3\xd9\x02Z\xa6\x1e\x8e\xed\xf6>C\
\x81O2%\xd557\xfc'\x8f\x14\xe4~\x08\xde\xd2\
\xd6\xd1\x85^\x0ae&d\x9bH\x94\xe7<\x8c;p\
\xdf,\x81&\xe5 \x94k\x15\xb8\xf7\x9co\x1c\x1b\xc0\
b|4\xf3\x1a\xc4Byf\xed\x97\x8c\xd3c\xea\xe5\
\x9bEb\xe5ST\x1e9E\xdb\xfcZ.\x91\x88\xc2\
\x0cG1\x90\xb7\xd0\xd1[`\xe9\xb5\xe8J\x92T\xa8\
\xbax\x08\x8duQ$\xe3\x14@UB)\x9fC\x7f\
\xae\xc0\x89\x8ch\xcc\x93.W\x8a\xbc\xec\x13a\x14e\
6\x11\x86\xc9\xc8\xf1\x09\x07\xecF\xfc\xe2/oc\xee\
\xa2>$S\x0d\x0c\xf9\x89\x88\xbf\xbf\xbd\x1d{}s\
\x17\xbc\xfc\xdc\xe3l~\x88\xd1\xeb\x12\x85\x1a\x8dE\xf0\
\xf0%\x16-y\xd6\x8f~\x86\x19O\xceB\x91\x98\x10\
c\xc2\x22\x7f \xa7\xfe\xf2\xadTe\xef\xaa\xbd\xa9\xab\
\xab\x95\x18\x81\x98o\xbf\xbay]\x0e`\xae\xdf\xfe\xaf\
jp\xf7A\x09\xf62\x800\x97w\xfc\x07Vf\xa8\
\xd0\xae\x05\xbd\x9d\xa8\xa6\xef\xc8\xce\xd4\xc2Q\xab2\x15\
\x1d)\xa5\xa2\x8b\xab\xbe\xbfD\x9as\x86\x9aK\x98\x93\
\x09\x0c\xf4d\x91#(-\x97W\xb4nq\xe6\x85y\
\x07\x16\x8b\xd8s\x97\x9d\xf0\xc0\xbdw\xe0\xa4\xef\x9f\x8b\
H\xa8\x81\x11?\xb5\x9b\xa8\xdf\x02\xf7\xbd\xb0\x9cm\xae\
\x0b\x8e\xde\x1e\xb9L\x1b\xe2\xb1\x086|\xfa\x023\x0e\
n\xfb\xcd\xd3`Y\x1cYG7\x0c\xca6t\x95\x83\
\xe3\x0b\xf2~\xd2\xe7\xcdM\x8d\xec?\xbd0\x07!\x96\
\xa1\x86\xdf\xb3\xcb\xf3\xd2\xa9\xd1\xaf\xe8d-\xc6\xc8\x90\
aE\xd0\x88\x87\xe4\xbd}t\xb0\x18E\xc6$\xb18\
<#\xd1\x00\xfb\xbb)nbx\x823#>\x0e\x22\
\xfa,\xfa\xf2\x5c\xbe\xa0@,\x96\x86\x8d\xf5Y\xd3L\
5\xcf:yzJ\x982\x96\x8e\x8c\x9c\x8f(\x00\xcb\
\xae\xc7U\xf7\xbc\x87\xb9K\xb2\xa8\xabob*\x1b\x19\
\x22\xfb;;\xb1\xed6\xe31\xe3\xb1\xbf\x22UGp\
p\x04\xfa\x11DyN\xee\xccb\xa1\x88\xfeL\x0e\xa9\
\xe6z\x9eB\x8e]\xf8\x07SU5\xe2\xf7L\x99k\
1\xbc\x07\xb9\xb7\xae\xb2\xbf\xc5^\xf4\xc3\x06\x90KQ\
5\x18\xa9\xa23\x9d\x84G\x17\x0c\xa0\x96\xc2\x89\x9f\x03\
\x0c\xa8\xce\xc8\x91U\xa1\xeb\xa1\x04\xf8H\xc3\x9e_\xec\
t\xb5~\xaa1\x890K\xb6\xf0b\xc3\xcb\x00\x92x\
\xfd0\x5c|\xf9\xaf\xf1\xafW\xdf`\x0e\x22\xdc\xfa\xaf\
Y~\xb5MJ\x81A$%\x9cp\xe4w\xf0\xe7\xdb\
oD\xae\xbb\x93y\x90\x81\x92\x86R\xe4`r\x04\xfe\
\xfa\xc2*\xdc<\xe3S\x84\xe2#\x98.\x1d\x0f[X\
3\xff9|>\xf7A\x98!\x19='\x8cJ\xae1\
H&\xe9\xc0c\x91\xf8J\x85Y\xb0Yt\xa2\x93\x86\
\x9bA\x8d\xb3\xf0b\xc7\xba\xab\x83\xabT\x9cP\x9d\xb9\
)\x1b\xa1\x9b\xe1I\xf5K\x1cQ\x0eL\x98\xaa_f\
\xdbe\xc0\xe7\xe2\x8c\x0e\xa1h\x19(\x14-\x96a\x97\
\xa5\x10\xa3\xf8!\x91\xc9\x98\x01\xf4\xb1*\xe8\xfe\xc7\xc9\
\xb5(\xf1\xd8x6*-\xb1\x8b\x00\xb3`.\xd4\xc9\
:\xb4\xe5R\xf8\xe9\x1doc\xee\xe2\x01$\xd3\xc3x\
\xd6%:\xf9{3\x18\xbbE\x13\x9e\x9b\xf1\x00\xc6\xb5\
4\x0bU\x88\xcf\x9d\xdf\x81\xc3o\x03\xc2\xf8\xe557\
\xe3\xd1\x87\x9fDj\xc4\x086\xbf\x0e\xa2\xb3\x137_\
k\xf1\x9b\xf72\x82\xd6N\xe1\xc1]\xedi\x0a\x98\xc3\
/k\xbf\x0d\xabX3\xc35r\x00\x9c+w\xccI\
N\xe0\xc4/\x0f\xa2C\xba\x85^+\xea`\x91?\xd9\
\x7f\xe2\x94\xf4\x89\x8d\xf6\xad\xda\x03\xa4 \xc5&\xf6\xaf\
\xb0 \xcbO\xd8U\x97\xca\xf8\x1b\x82\x19\xad\xc7\xa9\xe7\
\x5c\xc6\x22\xea\xc8RL\x86#e\xf5p16n\xb4\
#C\xdbyg\x9e\x82?\xde|52]\xc4\x04\xc8\
\x03\x8eB\x82\x8b\x88\xa7\x9b\xf0\xd8+kp\xf5\x83\x1f\
 k\x92\x84\x10F<l`\xed\x82\xd9\xf8\xf4\xdfw\
\x03\xe8cmJC\x90\x1a\xa4\xdc\xf8\x1a!\xca9e\
\x91\x0d\xe4\x11(\x02\x7f\xdc\xa2\x9c.\xd2\xebk\x10\xc4\
\x91\xbdv\x11\xfe\x9c\xf3\xaf3\x89\x1c\x18F\xa6d\x97\
s\xe9\xe8\xad<\x0b\x8f\xe5Z$\x93\x85\xd4\x12\x12\xaf\
\x18\x1f\x19\x04M\xb27H\xf7b\x19\xb2\xaaY\xa1\xd5\
\x1c8\x83f)\xe0\x09\x08\xbc\x98gq\xfc\xcbZ#\
\xb8\xf4\xd67\xf1\xc1\xb2\x22R\xa9\x06X\x14j\x1d\x89\
`` \x8b-\x867`\xe6S\x0fc\xfbm&\xa1\
@\xd1\x83\xa4F\x05l\x18\xb2\xb1\xd0\x1a\xdf\xfd\xe0\xe3\
\xb8\xfe\xa6?#\xbd\xc5\x18\xc6X\x95D\xc3\xb6\x9df\
\xa0\xabp\xb0\xe9\xfb_\x82y\xf0\x83Qd\x1d\xf2S\
?\xa4\xb4\xea\xfaJ\x17\x17\x9c\xc3U\xff\xae\xcc}\xde\
m\xa6\xf1\xef\x9f\xca\xf5\xe8\xf4\xd7\xaf?\x8c\x01\xc8\xef\
\xfcp\xcb\xdc-\xf1l+^L\xc4\x9a\xac\x91R\x97\
q\x00\xe7x\xc7\xb4\xf7\x99\xce\xc3\xea\xd6\xce\xe0\x1a\xe4\
\x13\x17\xb7\xf5\x1aL\x14?\xd12|\x8a6HD\x8d\
D#\xe8\xcbZ8\xf6\xfb\x170\xfc\x00\x1e\xbdW\xf4\
\xb1\xd2\xf2As&Q\xc0\xa5\xe7\x9f\x85\xdbo\xf9\x0d\
\xfa\xbb\xda\xf8F\x16\x09?\x93\xe9\xe1\x98=\xaf\x15\x97\
\xdf>\x17k\xfb\x92\x88'\xeb\x10\x8f\x98\xd8\xb4\xe8U\
|<\xe7N\x94\xf2\x1d\x22\xa0E\xbb^r\x0ed!\
\x06\x0buE\xf0.\xfe\xd3\xa8\x82\x10\xe4\xdd8\xbah\
&\x89\xcf\xbf\xa8\xb7\x9d\xacb\x828e`\x953\xb9\
\xae\xa82\xf6\x0f' \x9e5Mb\xe4\xd3|\x90\xa4\
\x223\xf0\xb8WP-\xb1t&\x92<Z\xbfV\xa3\
{\xfeT#\xde\xfc4\x83\x8boy\x1d_n\x0a3\
x\xb6b\xa1\xc0\x9cx\x06\xfa2\x18=,\x8d\x17\x9e\
y\x88\xb9\x5cK[\x00[7%\xd98\xea!\x11?\
\x9d\xfc\xffx\xf6y\x5ct\xc5oQ\xd7\xd8\xacnc\
\xc4\x99\xa6\x19\x8e\x9d\x05a\xf3\xef\xddS\xba\x0a\xac\xcf\
\xb5z}0\xc7\xb3n0\xb0a\x8aPl=:\x97\
\xdf\xdd\x97\xe7Y\x90\xf3\xe8\x8b.\xe4\x89\xc2\xd4\xfb.\
\x7f\xb2\xb5v{\x1b\x96\xb3\x09=:\x90\x1b%\xb85\
]\x9e\xa6\xb5\x8a3B\xb8\x12\xbf;\xbag\x19L\x92\
vz\xd7j\xe8\x08\xfcN\xd6\xaf\xd0V\xc4Y'B\
z\x19\x8a/\xbb\xd7O`Ck/\x8e<\xf1l|\
\xbel\x15\xbf3&\x1c?]s\x93\xe20\xcb\x0eL\
L\xa0\xc8r\x10\xdc}\xdb\xef\x90\xed\xe9`\x8e:t\
RSj\xabd\xba\x01\x1f|\x99\xc3%\xb7\xbe\x81y\
KK\x88\xa7\x1a\x91\x88\x85\xd0\xbd\xf2=|\xf8\xe2-\
\xc8t\xaf\x16~\x02\xda\xa6\xd1\xc4Ue\x8a\x90\xa7B\
@\x12\xd5\xa0h4\xef\xac\xf3\xa2\x03@;[\xc9\xe5\
\xe3.>f\x98|rK\x96!\x16\xb97\x1a\xe7\xad\
\x124\x953\x19\xe9.\xa3\xab6\xc2\xb2\xa7\xea\x22\x1f\
\x06>&};\x13\xa0\x07\xd9\x0bl\xc4R\xc3\xf1\xc4\
\xbf\xd7\xe2\xca?\xbf\x83\xb6\x81:\xe6]HD\x1e\x89\
E\x90\xe9\xee\xc5\x84\xd1Mx\xe9\xd9\xbfa\xd7\x1d\xb7\
gkA\xe0 \x9c\xf6\xb9\xbf\x8a\x1c\x15\x8d\x84\xa46\
\x22\xfe\xa7g\xff\x13g\xfc\xf0\x0a\xc4\x92\x0d\xdc\x9f\xc0\
vRo9}p\xb3Rm'\x96\xcd\xaeD\xd7Q\
\xa8;r\xb3\x0dR\xdd\xe5\xb1(\xee\xbf\x85eN1\
J\x1e\xddTN\x0f^\x95\xd8%\x99xz\xee\x18)\
\xa5\x0a\xcf\x158\xede-[j\x19\x12\xa9g\xb3\xf9\
\x8c\xd15\x08\x1fQ_V\xe1\xa1q\xad-G\x15\xa9\
\x95\xb1T2\xfe\xa9\x09\xd0'M\xe9\xb5r\x01\xc9\xab\
\x8c \xa3\x92X\xf1\xd5F\x1cv\xd4IX\xb8\xf8K\
\xc4(\xa0\x87\xe1\xbf9\x88E\x92\xdb\xb3 \x17!)\
\x9c7\xfdT<\xf4\x97\x1ba\xe5zQ\xa2`\x1f\x93\
l\x05\x05$\xd3\xf5X\xdb\x1b\xc7\x15w\xbe\x8b\xc7^\
\xdf\x88pz$\xd2\xf5i\xe4Z\x97\xe0\xe3\x17~\x8f\
\xd6\x95\xef\x09\xa3\x93\xb4\x0b8D\xef \xc9\x04\x13\xf8\
\xd0b\xc5\xcbub\x17\xcf\x15\xff\x95gc\xf6\xcfY\
(\xbfU*\xa0<.U\xa4\x8aFX\xf2T\x96Y\
t\xe8j\x94H]\x0c\x9d\x05o\x15\x8b\x0c\xa9g\xc0\
h\xc4\xf5\x8f}\x8a\x9b\x1e_\x08;\xda\x84(\xb9a\
\x17HZ\x8b\xa2\xb7\xa3\x03\xbb\xec0\x01\xaf\xccz\x14\
S\xb6\xdf\xd6\xed\xf8\xa4\xaf\xb7\xa0\x1b\xf21 \xb7\xee\
'g\xbe\x80S\xcf\xbc\x08f$\xe1\x04J\xc19}\
\xb9\xa4\xe5\xa8'\x92\x16\x98\xd3\x8ft\x8d\xd6\xd5^\xcf\
O}\x96\xa5$\x15D\x90\xfa\xf3\xea;\xb9\xf6\xba8\
&\xdb\x90\xd2\x86&0\x0e\xd5E\xd8Eg,\xe1\x8d\
\xc7\xfa\xabt\x10y\x0cy\x14\xfc\xb2P\xc6\x80\xec\xc0\
\x81\xc0\x13\xd2\xa3K\xfc\xed\xe5`\xae\x0c+5\xa8\x17\
\xaem\xe6\x11o\xf4>j5j\x22\x1b\x07\x9a\xa4\xd9\
/\x14rH\xa5RX\xb9\xae\x15\x87\x1f}2\xe6/\
\x5c\x84\x18I\x02E\x1d\xacC\x13\xc3I\x1d`i\xa3\
\x8a8\xe3\xe4\xe3\xf1\xf4#w\xa2.TD?y\x17\
\x92\x9a@\x96\xebX\x0c\xa5\xd8p\xfc\xe9\xa9/\xf1\xdb\
\xbf}\x82\xb6\x81\x14\x1a\x9b\x86\xc1\xccn\xc2g\xaf\xde\
\x85/\xe6=\x02\xab\xd4\xc3\x18\x01\x83\xf3\xd6\xf4i\xfd\
\xe4\x0d\x8a\x98\x1cl4\xa6\xdad\xfa\x5c\xc8\x8c\xb3r\
\xd3j\x13\xe7\xf5R\xd3]J\xd5T\xca\x03C*.\
j\x07\x97\x9f\xa3.[\x93\xd8_\x1cT\x84\xf2\x00X\
H76\xe1\x93U6.\xbae.\x9e}s\x1d\x12\
\x0d-\xec9\xe6\xc0\x132\xd1\xb7a\x1d\x0e?ho\
F\xfc\x13\xc6\x8fc*\x97t\xf4q\x16_\xcc\x89\xb8\
\xf3'`\xd4\xc7f\xcc\xc4\xa9\xd3\x7f\x04D\x12,\xc2\
\x92A\x8bK\xcb\x87-~\xba\xfc\xe5\xf8\xfep\x8c\xdc\
\xe2\x19\xa5\xaajC\x13C-\xb3\xd6\xcb\x9f\xba\x87\xaa\
w=T\x1d\x22\xf2O0\x1e^\xa1D\x1ev\x83\xae\
*\x15\xac\x86ew\xb5\xeb\x22\x14\x09`\xa8I\x00.\
=Au\xc0\xa5\xfe;\x5c\xc7\xa7\xf1 .\xa7\xb7,\
E$}\x0br\x0e)\xbf\xe75x\x09W\x17\xe5\xdd\
#t\x0cu.\xe6\xe3Y \xc51\xe5I\xae\xe9|\
<\x81\x14\x9f\x14\xda0\xa9t\x03\xd6\xb7\xf6\xe0\xf0\xa3\
O\xc5\xbb\x1f~\x82X8\x04K\x00_\xe8\x03\xe4\xee\
\xad\x1c\xd8\x82\xde;\xf2\xb0\x83\xf1\xf2\xf3O`\xe2\xd8\
\x11\xe8o\xdd\xc8p\xf9\xd95\x9b\x19B\xbc\xa1\x05/\
~\xd8\x87\x0bo~\x0b\xaf.\xcc\xa0\xaeq\x0b4\xc4\
-|\xf5\xe1\x0c|0\xf3z\xf4\xb4.\xe0xt,\
\xe0\x8c[\xd8]*\xb1\xcfU\xe7`\xddA\xf9\x10\xc5\
F\xd3\x17UL\x9eK\x8f\x94\xc4\xcace\x95YL\
\xf9[\xa8y\x96D\x22\xf4|\xb7\xd3\xa3:E\xbd&\
\x1a\x8e\xdb\xcfk\xa5\xa8<\xca\xdcc\xc7\x87\xe3\xfe\x17\
W\xe1\xb2\xdb\xde\xc5\x92\xf5!$\xe8\x9a\x8f%]\xe1\
\xd7\xa7\x99\x8dk0}\xfa\x89\x98\xf9\x8f\xfb\xd1\xc4R\
\xb2\xd1\xc9\xcf\xd5(\xb56\xe2\x87\xf4\xfd\xa7\x00\xa0{\
\x1f~\x02\xa7\x9f}1\xc2\xf14Cq\xe2\x08F\xba\
Je{L$\x0e\xf1s:\xd0\xb415.\x8d\xc0\
+(a\xb5\x9c\xd2\xae\xbd*\x89\xdeu\xf0r\x15\xc3\
\x15\xdf_E\xf1\xe3\xcf\xb8S\xec\xc9\x83\x9f\x1f\xd8\x0e\
\xf6\x03s\xc7p\x84\x1fqe&\xb6\x00#L\xa1\xdb\
H\x81\xd4\xcf*\xef\xc7\xe5\x14\x93w\x93\xa6\x18\x90\xfe\
\xb7\xf8\xe9s\xddWV\xbf\x97\xf1(\xee\xab\x19I<\
\x9d\x93b\xa7<\x7f\x94/\x83\xab\xb3\x22Q\x05c\x02\
\x16\x92\xa9z\xb4ug\xf1\xddc\xbe\xcf \xa1\xb9\xe1\
\x8f\x00/\xb8\x1e\xa6F'NO\x12A\xc9\xc8\xf4\x8d\
]\xa6\xe2\x8d9\xcf\xe0\xc8#\x0eFf\xc3z\xf6\x0c\
\xf9\x0a0\xe3`*\x85\xd5\xbd\x09\xfc\xfc\xee\x0f\xf0\xbb\
\xbf\xcd\xc7W=1\x8clnF\xa1u!>\x98y\
#\x96\xcf\x7f\x02\xb0\xba\xf8-\x81\x0bk\xcf}\xca\xcb\
\x8d[\xeb\xc9\x1f\x04\x04\xe2|_\xee\xc4\xc2\xaez\x95\
\x17\x9e\xce\xd9\xfd\x16\x00\x0a\x9c\x83\xc7\x0e8\xc7\x94\xf7\
\x00a\xa1'b{\x91\xe8N\xa2x\xb2\xbe\x19\x0b\xd6\
\x18\xb8\xfc\xf6\xf7p\xe7\xcce(F\x9a\x91L&Y\
\xb2\x13\x0a$\x1a\xe8\xeb\x85\x95\xcb\xe0\xa6[\xae\xc1\xdf\
\xfer\x0b\xcf\xf5GW\x80\x8c1\x08\x89R@\x8bs\
L\x07~]J\xde~\x7f\xb8\xfd^\x9cw\xc1\x15\x88\
\xd57\xb0\x90c\x19P\xe4\xee\xbb-\xbc\x10\xe5A\xe3\
H)\x9c\xc9+2\xe4Ok\x06\xc6j\x04^\xab\xab\
\xae\xbeo\xdd\xb6\x00\xff\xe7\xfdH\xc1\xf5\xbd\x8b\xa2\xc5\
\x01\xeb5\xc4\xca\x8b\x97\xf8\x98\xdd\xfa\x0c\xd8\x22\x16\x80\
W\xaf\x13;_X\xad\xa7\x1a\xa1\xfb\x0b\xf9N\x14\x97\
\x9a=\x99\x8aY\xbd\xae\x07\xeb8\x22\xbf\xbc\xeeP9\
\x03<m\xaa\xf7u\x9d^mZ\x1f\xa3\xa4riw\
g\xfaul\x02n\x91\xc6!:r\xf3\x0d#\x97\xcf\
!d\x17q\xcf\xed\xd711\x9f\x90o\x88\xa0\xd85\
\xa2\xabo%f\xd4\x228\xae\x98p\xcc\xb9\xee\xa6\xdb\
p\xf5\x8dw\xa1\x14J \x99N\xa1X\xc8r\xbf\x01\
r\x9e\xe9\xed\xc6\xc8t\x1e\xa7\x1c2\x09\xc7\xef\xbb\x15\
R\x91\x0c\xda\xbb;\x91\x1c1\x05[\xefq\x02Fl\
Ip^\xe2\xa6\xc0G\xcc\x1f\x0c\x03\xf0{^y\x02\
\xb6.f\xd1\x80\xb1P\x91G\x03\xaad\x97\x0e\xc6\xbd\
>\xfd\xfe\xd2\x9d\x97\xe3\xf2[\x16)\xc1\xc8` y\
\xea\x90\x93N8d \x1eOc]\x17\xf0\xf7W\x97\
\xe3\xb97W#SJ\x22\x91\xaa\xe3HM\x22\x8bR\
\xff\xa6\x0d\x98<e\x22\xee\xb9\xf3f\xec\xbf\xf7\xee\x8c\
\x09\xeb^\x8fn7u\xee\xb6-}\x00\x08\xd1\xe7\x96\
[\xeeA\xb2\xa9\x89\xef\x03\x0a*\xd0\xc0UTw\x0d\
[1<\xba\xc6\xe4{O\xdf\x5cr\xbf\xf8\xecI\xcf\
\xde\xaci-\xbcf\x12U\x9f\x1e\x1f\xc0m\x0e\xb5z\
\xfcy\x8b#Qk*\x97\x18\x8e\xfa\x95\x03\xa1XF\
|\xcc\xae}\xa6m\xd41\x07\x0d\xbak\x96\xb0\xc1\xa2\
\x83\x1cBIc\x08\x92\xb3U\x18<\xd7\x15\xa5\x03\x8e\
\xfb^U\xfau\xf3\x97I\x07w\xeb7:\xbf\xd5u\
$\x97\xdf\xb4\xa8K=\xe3\x9a(\xc1\xfb\xb4\x09T\x93\
\xe0\x9ad\xb11\x85\x91\x8b\x15\x92M\x15c0y\xe2\
O\xcbF\x7f_\x17~~\xf9y\xb8\xfe\xaa\x9f\xb2\xc7\
d\xb8\xad\x8a\x1378b.\x0b^a\xd78\xe4\x0b\
\x1f\xc2ks\xdf\xc3\x8f\xae\xb8\x0a\x8b\x97\xacD\x1dm\
D\x96\xb5\x87\xe0\xc2)\xf1h\x01\x85\xfeNL\x99\x90\
\xc2\x19\x87O\xc6\x01;5\xc3,t\xa3\xbb\x1fh\x99\
|\x00\xb6\xde\xfd8$\xd3\xa3y?\x03\x18\xc1P\x8b\
\x8b\x01\xcc\xba\x061\x19\x0e,N5r\x98Rb\xa8\
\x98d~\xb0{\x17\xdd\xf37\xb3\xec\x0b?z\xc1\xa5\
\xf9\x0de\x89\xe1\xf0\xd3\xb8\xe3\xf1\x14\xda\xfb\x0d\xbc\xf8\
\xee\x1a\xcc\xf8\xf7r\xacm-!\x92\xaeG\x881G\
\x1b\x91h\x9c\xa1\x02\x153\x9d\x98~\xea\xb1\xb8\xf9\x86\
\xdf\xa2yX\x03\x0a\x140D\xc6>\x95\xca\xc6\xd9\x0b\
\xb4\xce,Al8\x8c\xae\x9e\x1e\xfc\xf0\x92\x9f\xe3\xc9\
\xa7_B\xaa\x89\xae\xfax\xf6f%\xb9\xba\x0c\x18\x86\
k^\xfc$\xd0\xb2\x83\xc5\xad\x09\x0e\xb9\xb8Ow\x11\
L$\x11\xb3\xb5\xcd\xef2^\xd7*Q\x08\xa3\xa5S\
{P\x87-\xcbH\x8c\xd9\x8d\x92\xd7\xa7\x18\xc1\x90\xff\
\xb4\xa60(\xb7CW\xed\xe2*]\x9e\xd6\x9e\x9a\xd5\
\x09\xaf\xd8\x16\x87kvtx-\x16J7 z\xf4\
v\xc5\x05\x03GY\xfe\xbed\x00\xbaxF'\x19m\
h1\x22\x7f\xfb\x85\xf8GI)R\xc2WN8!\
\xf4\xb5\xb7\xe2{'\x1c\x86\xbb\xfft\x03\x865\xd4\xb3\
\x9b\x03\x06\xfa!8#\xcbC\xaf&\x8c\xc7\xf2\xd3\x86\
\xec\xec\xee\xc1\x95\xbf\xbd\x01\x7f}\xe8I\x161G\xb7\
\x0d\x12o\x80\x88\x90\x5ci\xcdb?\xf6\xdc\xbe\x09'\
\x1f\xbc5\xf6\x9e2\x0cV!\xc3\x1c\x89Fm\xffm\
\x8c\xdf\xe1\x00D\xe3\x1ce\x87\x05&\xb9N\xb1\xc13\
\x04\xa9\xf7J@\x90\xf9\x0c\x11\x88$\x00]\x14\xe5\xf7\
\xf7,\xa9\xb6L\x81\xa5\xbe\xd4\x91*4\xe6\xc9\x88\xdf\
9\x19\xe4-\x06\x1d,$\xae\xc7\x93i\x96\x8b\xe1\x95\
\xff\xac\xc7?^]\x8a/\xd6\x0e \x14K\xb3\x10b\
\x05^b\x18\x18\xe8\xea\xc4\xd8q\xa3\xf0\xfb\xdf\xfd/\
N=\xf1hV5\xbb\xc3\x17\xf8\x06r}\x9d\xf1\x10\
\x94\xbf\xc5\x5c\x82\x97|\xb9\x0c\xa7\x9e\xf3c\xcc\xff\xf8\
s44\x8f`\xd7\x7fd\x5cum\x18\x9fb\xf8\xc4\
\x9e\xa8\xa9pe\xd4u\xc4X\xcd\x0f\xab\xbc>\xcd^\
TF\x1f:#R\xd59\x7fx5-\xc9\xe0j\xe6\
8.F%\xfb\xe1\xf4[o\xdf\xb0K\x1a\x03P\x0d\
\xf1x\xe7Z\xac\xef\xbe*\x80\x08%Un\xaf,\xc8\
DX\x9be\x07\x95nY\xb9\x11\xb7\x18\x19\xdc\xa6\xeb\
\x1d1[5\x8bO\xe2\xe4cc.\xfb\x8a\xc3}\xd3\
X\x08\xcb\xaf\xa7m\x13\xa6\xed\xbc-\x1e\xfd\xeb\x9f\xb0\
\xc3v\xdb0\xa7\x14\x99q\xd6yG\xc2Yp& \
\xaf\xa8^\x98\xf3o\xfc\xec\x97\xd7a\xd1\xc2E\x887\
5#\x1c\x8e*L|\x227\xcao\x175\xb3\xd8{\
\x87\x16|\xef\xe0\xad\xb1\xdb\xd6)\xd8\xa5\x0c\x8a\x91\xe1\
\x18\xb9\xcd\xfe\xd8r\xca\x01\x88\xc6\x86\xb1\xbal\xbb\xa8\
\x05\xac\x18\x9b)\x01\x5c\x8bH\x88g+\xe2\xc4\xc2w\
\x09\x13\x8b\xa5\xdb\xb7\x80\xc2\xf2\xb1\xfe\xc8Q\xf3d\x9b\
\x9a\xc4\xc7\xf0\x15\xc3!$\xea\x92\xe8\x1e\x88\xe1\xb5\x8f\
7\xe1\x99\xd7\xbf\xc4\xc2\x15\x19\x86\x8cL\x89Y\xc9\xa3\
\x8faC\x84\x0cd\x08[\xa0\x98\xc5\x19\xa7\x1e\x8fk\
\x7fs%\xc6\x8d\xde\x82\xf9\x04H\x5c<G\xe4\x13\xfd\
ci\xe1y\xbfh\x0d\x9e\x9a\xf5O\xfc\xe8\xd2\xab\xb0\
\xa9{\x00iJ\xe1U\xc89$\xa5r4\xe8j\xae\
0l\xba\xd4Fg\x8c^\xfd\xdbo\x0f\x0d\x86.\x83\
\xf6\xa1\xf3\xb9\xa7\xb6\x1a\xd4m\xdfg\xa5\xc8\xae\x87\xc4\
\x07\xee\x12\xa1\x02\xc0@\x9dA\x11i\xead\xaf2\x98\
\x0aa\xbcN\x8b|\xe3\xb8\x87\xe0\x1c\xb3\xf2\xb0t\xc5\
\x83y\x94\xcdJ,B?\xe1\xbd\xcfx\xc5\xb6j*\
\x8b\xf6\xa6g\xaau]\x93\x98@\x18\xbd=\xddhJ\
\xc5\xf0\xc7\xdf\xff\x1a\xa7\x9ft\xac0h\x91\xff9\x81\
_\xf8\x5c\x9b\xb2\xcc\xba\xe4\x0ao\xa2\xbb7\x83\x1bo\
\xb9\x1d\xb7\xff\xf9A\xf4g\xb2H653\x9d\x960\
\x09\x98\x08l\x10(f\x16qs\x00{Mi\xc41\
\xfbO\xc0n\x93\xea\x11\x0d\x15P\x0c5\xa0e\x9b}\
\xb1\xe5\x94\xfd\x10\x89J\x89\x80c\xeb\xeb\xf1\xffA\xc3\
tGw\x8ap\xe0\xd6\xc5\xf8h\xd6\xb5\x08\x87r\x8e\
C\x90R\xfd8\x13p\xe1\xc6\x92\xaa\xa3\x98\xb2\x9c+\
\x92|\xa4A\xae\xc42\xe7R\x5c~<\x91D{&\
\xc4\x08\x7f\xe6\xdc\xd5X\xbc\xba\x1fF4\xc5@7Y\
\xa6a\x11\xfd\x98\xcd\xf6\xa3\xd8\xd9\x86\xa9;\xef\x80\xeb\
\xae\xfe9\x8e:\xec`\xd6\x86\xce<\xe5\xc0\xf8Z\xf3\
=U(\xf0D\x1f\xa4r]u\xed\xcd\xb8\xf1\xd6{\
\x10\x89\xa7\x10\x8bS&\xa0\x82r[\xe6\x87\x88<E\
\xca\xf7\xac-\xe2[\xfc\x8e\x18\x9dh\x87\xa0\xee\xab\x1d\
$\x05&\x99o\xc1\xa8\xc5\xc1m\x10Q\x7fj,>\
}T\xc6>5|\xfd&\xc7\xb2\x8c\xe4\x98\xdd2\x96\
a'\xe5u\x8fn|\xf0\xedX\x85\x10a/\x86\x80\
\xd4\x91\xb9\xb6\xef\x0d3-\x7fO\xfc\xa1\x16M\xb3!\
\xd6\xaes\xf9pN?\xb2\xae\xad>\xceN\x19\xc8\xa8\
\x88I%\x07 J\x19\x9d\xef\xed\xc4\x0f\x7f\xf0}\xdc\
t\xddU\xa8O%U\x10\x8a\xee\x96\xcb\xe7\x9b\xb7D\
DN\xe8\xb74\xba\xf9\x9f.\xc6\xb57\xfc\x11\xcf=\
?\x07\x16\x22H46\xf1d\x17\xe4s \x92\x8cP\
\x94b\xc4\xca`\xc7\x09i\x1c\xbd\xefV\xd8w\xea0\
\xd4\x999\x94\xa2\xf5\x181\xf9\x00&\x11D\xa2#D\
\x10\x8d\x88r\xac4-\xae\xbb|\x8d\x01\xcc\xbe\x86A\
\x82\x95e\x87f'\xa7Hi.$\x1b\xbd.\xae\xf2\
\x88Yb\xc0A\x16b\xb1\x08\xc2\xd1$\xd6tZx\
\xe5\xfd\xb5x\xe1\x9d\xb5X\xbe)\x073\xde\xc0\x08\xdf\
(\x11X\xbb\x88\xa9(\x16\x91\xebiGK\xcb0\xfc\
\xf8\xfc\xb3q\xc9\x85\xe7 \x95L0\xe2%\xe4a_\
_zj\xab\xc4\x13\x95\x92J\xf0\xe9\x92/q\xd1\xe5\
\xbf\xc4\x1b\xff~\x1b\xc9\x11[\xb0x\x09\x99\xd5\x88c\
\x1a9{\xc9\xb7\x18\x82Ih\xaa\xa3\xfaJ\x17\x95+\
\xec\x17_zP\xbc\xd1\xb9\x17\xf5\xaa\xaa\xf2\xf7\x8aE\
W\x13|\xfc1\x5c\x8f\x06\xd4Y\xa6\xd2\xe8j\x05\xb7\
\x01\xec\x92\xb1\x0d$y\x94_-\x11eU\xfa\xac\x9c\
Et}\x90;s\xd4Bx~\xbaX-\x85\xb9\xa5\
\xd2F\xac\x85M;\xe0rU\xdc6\x1d{\x82\x14\xd3\
xji>\xbaL\xdbF\xec\xb8\xcb\x14\xdcy\xcbu\
\xd8\xef\x9b\xbb\xb37\xdcx|N\xf2\x08\x8b\x08\x94\xa1\
\x0b\x95T\xd6\xe2W^\x9f\x8b\x9bn\xbf\x0f\xaf\xcc\x9d\
\xc7\xc2\x85\xc9\x85\x98|\xe8y\xd6\x1c.\x82\x13F\xbd\
Q\xe8\xc56\xa3b8\xfa[\xe3p\xd0\xae\xcdH\xc5\
\x0b\xb0#M\x18\xbd\xfd\xb7\xb1\xe5\x8e\x07#\x14\x1a\xa6\
\xec\x03\xca\x08Zi\xae\x04\x93\xeee*\xc0\xd5\x1c\x10\
D\x05LI\xe3\x8a\xbc\xa8q\x92\x5c\xf2\xf1p\xb1\x9c\
\xbe$\x12#{\x06%R\x8dD\xeb\xb1\xa2\xb5\x88\x17\
\xdeY\x89\x7f\xbd\xb7\x06\xeb;l\x18\xf14'|\xae\
\x132\x9b\x09\x11~\xbe\xbb\x0bM\xcd\x8d8\xeb\xe4\xa3\
p\xc9\x8f~\xc0\xa0\xbb\xe4\xdc1\x1c~\xc3\xbf\xcf\xd2\
\xaeB\x85\xd2\x88\xfd\xe2\xb77\xa2\xbb\xbb\x1f\xe9\xa6\xe1\
\x0c\xa4D\x9dt>\xf7\x17\x95\x80;!mNj\xfc\
5\x9c\xd05`\xf7y\xad\xfe\x8e\x9d\xaa\xca\x02\xa9F\
\xca\x09&\x88\xf8\xcb\x0d\xde\xb5\x1crV\xc9\x88\x11 \
\x08\x8c\xba\x10\x13Q\xa4\xbe\xe44^\x0d\x14\xc4\xdba\
\xe9<!\xad\xf0\x8e{\xa5\x1d\xf8\xac\x9f!q('\
\xfePK\xf0\x22\xea:\x89\xfbT\xa7M\xcd\xd0\x84{\
z\x101m\x5cq\xc9\xb9\xf8\xd5\xcf.fIDY\
x\xa9\x88\xf3\x97Q{\xea_\xda\xc8\xe2\x9e\x9f<\x06\
\xa9\xbc\xfc\xda\x9b\xb8\xe3\xdeG\xf1\xd2\xbf\xdfA\xbeP\
B\xbc\xbe\x9eI\x13D\x5c\x92[\xe7\x18Zp\x0f&\
l\x11\xc11\xfbo\x85Cv\x1d\x89\xfaX\x1efj\
,&~\xe3X\x8c\x9c\xb07\xf3\xa5\x97\xa7{M\x0c\
\xa0M0\x00#\x8f\x12\x07\xbfW\xe3\x96\xf6\x17}g\
\xd1\x01A\x81B\xf49\x0b\xab\x0d\x19\x08'RX\xb9\
\xa1\x88\xe7\xdeX\x89\x17\xe7}\x85\x8e\x1e\x1b\xa1d=\
s\xdb\xa5l=t\xf5\xc9\xb2\xee\x16\x8a\xc8\xf7\xf5\xa0\
ix\x03N;\xf1H\x5cr\xfeY\x984a<\xab\
\x97l!*\x07\x82O_\x99'\xa0\xb8\x05\xa14b\
W\xfc\xfcj\xcc\x9a5\x87\xa5\x82\x8f\xc5\xe2\xcc\xeb\x92\
EKZ\xd2\x95\xd6\x09\xa6\x194\x08\xbd]y?U\
\x05\x05\xf1#P\xc9M5u\x22\xf0}\xd7I-X\
\x928\xacjE(\xf2\xd6\xe3\xe1\x85\x1a\x81[%#\
>v\xd7^\xdb@\x8a\x1b\xc1\xb8\xb0\xce#\xb8\xfc\xef\
\x8e\xbd\xbf\xcb\xbf\xdd\x83\xd7`\x9d\xd4\x09\x22<\xee\xb4\
\xdeI\x83\xa1\x03\x0c\xe1\x9c\xc8\xf2\xd4)GI\xa9\x0e\
\xbb\xcc?\x13\xa7\xb56\x16\xa1\x029'\x8c4Z\x95\
E\xbaH[\x98 []\x0c\xd4\x11VY6!\x0a\
(\x02\xb2\x9dm\xd8y\x97\xedq\xe3o\x7f\x8e\xc3\x0e\
\xde\x9fU\xe3\xc4\xa6K\xb5@\x86\xcf\xf2\xbb,yj\
K\x90\x90\xb9\xef\xcc\xc3]\xf7=\x8a\xd9/\xbd\x8e\xfe\
L\x1e\xb1\x86\x06\x86\xacS*p\xd0\x12\x13<\xab\x8e\
\x95\xed\xc3\xc4QQ|\xef\xa0I8h\xe7\xe1\x88G\
\x80\xfa\xad\xf6\xc0\xb6{\x9e\x8cx\xb2\xa5\xaa\x9f\x80\x1b\
\x11\xe8\xb7B\x020]9\x15\x98\x1d\xc0\x12\xc0\xad\xac\
*N\xfc\xdc\xee` \x99\xa8g\xf7\xf8\xcf\xbc\xb9\x1c\
\xcf\xbd\xbe\x02m\xdd@8\x95\xe6'\xb4@D\xa6\xb1\
e\x06\x06\x80\xfe>\x8c\xdcr4N?\xf1h\x9c\x7f\
\xf6i\x8a\xf0\xe9\xea\xce\x0c\x19\x1e\x86\xe5\xecV\x16\xad\
'l\x05\xc4\x04\xfer\xdf\xc3\xf8\xed\xf5\x7fD[k\
7\xea\x9a\x9a\x99\xcf\x00\xdb;2\xdaSyx\xe9\x9e\
\xa9\xce\xde\xd4\xf7\xea\xe6\x14\xc3G\xd5\xad\xf8\xbcw\xdf\
z1\xff\xdd\x95k\x7f8\xba\xef\xe6\xf6\xdf\xadfK\
\xc9\xce*\x19\xc9\xb1\xbbt\xdb\x86Y\xcf\xc4T\x09K\
-\x89\x06C\x8b\xfa\xd3\xba_\xe6\x84#\x1f\x92F\x11\
i}\x97D\xfb\xf5@\x0f\x07u\xae\xca\xd5\xe2\xe0\xab\
\xe3:'!\xf3\x84#\xe8\xeb\xed\x81Y\xcc\xe1\xb4\x93\
\x8e\xc6\xaf\xaf\xbc\x0c\x93&l\xc9\x9e\xa3\xc8B\xba\xc3\
\xd6\x8d\xf6\xba\xa0.\xad\xdd\x12\xc7\xff\xa3\x8f\x17\xe2\xcf\
\xf7?\x82'g\xbe\x84\x9e\x8e^D\xea\x09O?\xc6\
\xc01\xe8\x14\x0e!\x8c\x5c6\x8bR\xb6\x07;l\x95\
\xc2\xf4#\xb6\xc3^;4!\x9e\x1e\x81q\xd3\x8e\xc5\
\x16[\xed\xa1,OR\x19\xf3c\xd6}\xad\x9f\xe1#\
\xe6\x07Pt\xe6\x9dl\x10\x12\x1e\x8c=\xaf\xc9p\x16\
%\xd7L\x22SLb\xd6[k\xf0\xf7W\x96\xe2\xab\
My\x98\x89:\xc4\xc9eZ\x11>\x90\xc9\xf4\x01\xfd\
\x19L\xdav\x02\xce\x99~*\xa6\x9fv\x22F\x8f\x1c\
\xc9jb\xb7\x1f\x02\xf1\xa8\xbcP\x986\xdf\x8b\xec\xde\
\x1f\xc0\x1bo\xbd\x8b__\xf7G\xbc\xf9\xd6\xfb\x88\xa6\
\x1a\x184z\x89\xa0\xd2}b\xe7k\x95\x1d\x07\xeb\x5c\
#\xcbPp\x02k.\xee\xe3\xbf\xe2P\xbc4\xe9j\
\xcfG\x8aq\xfa\xadW\x5c*\x19\x89\xb1;w\x99\x08\
Q|$\xf9\xb3\xa9\xca\xb47]\x9c\xa8\xea\x18\xb4\xc6\
\xd5X*q/usP\x9b\x8d`\xb0e0b\xd3\
\xd0\xdb\x10\xd88\x8c\x7f\x19\xe8\xef\xec@Ss\x03.\
9o:.\xba\xe0\x1c\x0co\xacw\x01wzO\x10\
^\x08\xf1W\xa8\x16\x02=g\xf1\xe7_\xe2\xce\xbb\x1f\
\xc4#\xffx\x0e\xbd\x9d\xdd\x886\x0eG8\x16\x11\xd9\
\x84yN;\x02\xc5\x08\xd9\x038h\xb7Q8\xeb\x88\
\xed0qt=\x9a\xb7\xdd\x0f\x13w>\x8aY\xe7\xd5\
\x15\xaa\xbe.\xca\x06\xb0\x08\x1f\xcd\xfc\x1d\x93\x00\xa4\x9a\
B\xc4\xcf`\x885\x0f9\x99Z;\x9ah`(\xc0\
\xf7>\xfb\x19>\x5c\xde\x8fP\xbc\x1e\xd1\x08\x9d#\x94\
\xe1\x88\x8b\xe9\x99>\x22\xfc>L\x99\xba\x1d\xce\xff\xe1\
\x998\xed\x94\xe30\xac^\x8c\x9f\x92v\x10\x08\x8b.\
=\xaa\x7f\x99\xa1\x88\xf9\xf1K\xeb\xff\x92/\x96\xe1\xc6\
[\xff\x8c\xc7\x9f\x9a\x8d\x82e\x22]_\xcf\x13\xa8\xca\
\x00\xa6\x1at\xf0\xc05\xab\x02\xdeY\x0b\xa6e\xd5\xb6\
kUO5\x89X\xe2\x13\xd4\x86\x1c,\xaa\x0f2\x00\
\xfa\xf6\x8f\xdb\xe4\xf8\xe7d\x03\x183\xad=d\x98M\
R\xa4\xe5\x9bE\x13{\x03\x06\x1blT\xf1D\x84\x04\
\xbc\xcb\x8cH\xc2\x0e\xa0N\x98\xcd\xa0S\xdf6T\x97\
\x86\xbeQji\xd3\xf1l\xe4c\xa0+\xc1\x5c.\x8b\
Bw\x07&m;\x11?\xbe\xf0l\x9cu\xdaIH\
\xd5%5c\x97W\xf4U\xbd\x15\xa2/\x19\x13yB\
\xd1\xc5_,\xc3_\xfe\xfa\x00\x1e\x9a1\x0b=\xad\xdd\
\x0876\xb2@\x17\x06\xae\xc9n(B\xc8\x0d\xf4\xa3\
9\x99\xc7\xa9\x87n\x83c\xf6\xd9\x0a\x13\xa7\xee\x87q\
;\x1f\x0b\xc3 \xa0S\xdd\x0e\xa1]\x03\xb6}\x86\x8f\
\xc8\x15\x981\x00\xe1\xafA\xf1\x10V\x09!\x83\xe0\xd1\
C\x0c\x06<\x95L\xa1} \x86\x07\x9e_\x82g\xde\
\xfc\x0a\x03\xa8c\xc98-\xe67\xc0\x09\xbf\xbf\xaf\x07\
\xc8\xf4a\x87\xa9\x93q\xc1yg\xe1\xf4S\x8fG}\
]\x1d\xeb?\xf9K\x18a\x92\x0cB\xca;T/4\
^\xfd\xc4_\xb5v\x1d\xee\xf8\xcb\x03\xb8\xef\xe1'\xd1\
\xddI\xc1S<\xf7\x82\x9eF\xdd+,\xfa\xa9\xa4\xde\
u*[?{h\x89;d\x1b\xd5h\xa2\x16)\x80\
\x19\xc8]\x12\xa1[f\xd3\xdb\xd1O\xf8\x9a\xed\x88\x01\
\x87/\xa7\xc1R\xd1\x88\x8f\xdee\x93i\x1a#\xb8\xc6\
\xce\xb7\x08\xf3\x89\x96\xbd\x1b,\xd1h\x5c\xafV\x0bi\
\xd9\x8bC(~V\xd9\xaf\x9f\xe8\xdd}t8\xa9\xa7\
\xdfb\x93\x93\x83\x0a\xa5\xb8\xb22\xbd\x982u\x1b\x5c\
|\xdet\x9cq\xca\xf1,\xd8E!\xfaJ\xcc<y\
\x16*S1\x07\x07\xa5+s\xcasO\xe5\xf3e+\
p\xc7\x9f\xef\xc7\xc3\xffx\x06\xbd\x9d\x19\xe6PD\xe9\
\xb5X:,\x22VJ\xb35\xd0\x8d}\xb6O\xe3\xe2\
\xefM\xc3\xfe\x87\x1e\x87\x96m\x0e\x15\xfe\xf9\xe2:J\
\xe2\xd7\xb3k\xc0O\x19,x4TT\x9b\xb5\x90\xcb\
!>|+\xf6w\xbe{=\xd2M-x{Q7\
\xfe\xf4\xc4'\xf8b\xbd\x85x\xb2\x9e\xd2\x80p&B\
)\xc9\xb29\x94\xfa\xba\xb0\xdd6[\xe1\xe2\x0b\xcf\xc1\
\x19\xa7\x1e\x87\x14\x1b\x1f\xcf\x0al\x9a\x11\xbe\x0e\xae\x8c\
4r\x9a\xdch\xc8\xab\xd6\xac\xc5_\xee{\x04\x0f<\
\xf64Z\xd7\xb7#\xd6\xd0\xc8\x80<X\xb6\xa12\x9b\
F\xd0~1\xfe\xebj\xc0\xd7Y\xb7\xba!S\xb70\
\x83\xbf\x01\x1br\xb1\x8b\x05#9f\xdaZ\x18\xa1\xd1\
\xd4*\x0f\xd3\x04B>\xbe\x00\x83\xe5\xa2\xaa\x0d\xf9\x1c\
\xfe\xef(\x83\xdb\x14\xd2\xe0)\x7fg5(.\xce\xac\
\xd7\xa4\x13S\x12\x91L?J\xd9~L\x992\x09?\
\x9c~2N?\xf98\x16\xd6\xaa\x1b\xbb\x1c\x9dXr\
P\x0b\x06%\x02\xa1\xd4X\x04M.\x18\x01\xb9\xbc\xde\
v\xd7}xx\xc6l\xf4\xe7,\xa4\x1b\x1a\x19\xc2\xad\
\x85\x12LJY\xde?\x80\xb1\xe9\x1c.:iW\x5c\
p\xe9\xff\x22=b\x1a\xd7\xcf5u\x8et\xf5\xbe\xb6\
%,\x16 \x12\xca\xb1u/\xe4s@r\x14v?\
\xeab,~\xeb)dZW\xe0\x89\xd77\xe0\xfe\x17\
\xbeD!4\x8ce)\x22b\xa4d\xa1tjQ\xfe\
\xbdq\xe3F\xe2\xc7\x17\x9c\x81s\xa7\x9f\x8a\xfa49\
\x94\xda\x0cH\x85\xf2\x02(\x00V!UJ;\x13\x0f\
\xdaqT\x81\xc5_,\xc5\xbd\xf7?\x8a\xc7\x9ez\x1e\
\xad\x1b;\x10\xado`\x9e\x82\xe4\x13\xc0\xd3\xa5QB\
o\xb7AO\xf9\x89('\x9e\xc1\x1d A\xebl\xd7\
j\xef\xfa\xba\xf4\xd52Q\xa6r\xbd\xf2\xeb\xa0\xc8\xd9\
\x1a\x1b\x15\xfb\xa0\x903\xe2c\xa6\xad0\x8c\xd0V,\
}\x1b;\x1d\x84\xe5\x5c\xd7\x1b}\xae\xea\xdc\x96V\xc7\
\x1a\xef\x9dX\xc70\xeb8e\xe8\xdcN\xde=8w\
\xe6C+AWH\x95D69FW\xdf\xe5\xfcx\
\xea\xd6\xa5\x0a}\xc3\xc90T~\xa3\xe9\x8e\x9f\x17/\
p4\x19\xd2})\x91H\xff\x00J\xd9\x0c&L\x1c\
\x87SO8\x12\xa7\x9f|,&o=Q\xb5E1\
\x06L\x0acNE\xf4\x89Hr\xca`\xb4\xb8!\x8e\
\xc2d\xa9|0\x7f\x01~}\xed\xad\xf8\xe7+o!\
\x96j`\x9e\x8aD|\x91\x10\xbfv+e\xd6\xe3\xe2\
3\x0f\xc1M7\xdf\x093\x94\x14\xa0\x1d\xe4z,T\
\x80\xf6/\xf11\xb9\x02\x87\x09\xab?\x8f\x81R\x14\xbb\
\x1cq9\x86\x8d\x9a\x86\xd7\x9e\xfb\x13\xae\xbd\xf5\x01\xfc\
\xfb\xe3>\xc4\xd2-\x9c9\x11\xe1F\x22\xe8\xeb\xebC\
\xc4\xb4p\xc1\x99\xdf\xc3\xcf\xaf\xf8\x11\xb6h\x19\xe1R\
m\xd4\xad\x87LHI\xb3E\xd2\x0e\xdd\x9a\x88\xbe\xd3\
X\xdex{\x1e\x1ez\xf4)\xcc|~\x0e\xba:\xfa\
\x10mhd\xc9C\xc9\x0fB\x84\xc6( Q\xa9\xa2\
\xba#\x00\xbdj\x98`\x13.\xe7y\x7f\xe3\xa0\x1f\x03\
0\x02n\xb6\xf4\xbfk-\xac75\xb4\xe1\xec'?\
n\xe4\xa1:\xdd\x88/?\xa8\xa0n;\x9e\xb9\xf2\xb6\
K*\x82\xf2:\xbb8`\xc4\xc7\xec\xbc\xc40\xcc\xc9\
\xb4IKR'\xff\xffK\x04)+n3fy\xd8\
\xee\xd7U\xfcN\xee\xcd\xacQ:|h\xd8\xb7rY\
\xf9\xde\xe4DA\x84G\xa7\x1f\xb9\xfc\x16z\xbb\xd18\
,\x85C\x0e\xfc\x16N9\xf1h\x1c\xb4\xff\xde\xa8\x17\
\x063z%/\x89\x86\x85 ;\x84\xc50\xf75\x9d\
\xf9\xee\x07\x1e\xc5\xaf\xae\xfd#:\xba\x07PW_\xcf\
\x82`DD-\x06\xd6\xaf\xc4c\x8f\xde\x8dS\xbfw\
\x22C\xcd\xa58yI8\xc4\x00\xe6\xcf\xbe\x0e\xb1P\
\x81\x01\xa3N9\xf0\x07\xd8b\xeb\x03\xd9`N:\xfd\
\x0c\xcc\xf8\xfb\xbfP7\x9a'Ke\x8eV\xa10\x06\
\xda\xdb\xb1\xeb\xee;\xe2O7\xfc\x0a\xfb\xee\xbdg\xf9\
=\xbe$x\x91\x17\x80>\x93\x99\x8f\xa8\xac\xdb\xb0\x09\
3\x9f\x7f\x09\x8f\xcdx\x16\xef|\xb0\x10v\xdeB\xbc\
\xbe\x81\xf5\x8b\x92\xb5p\xe9D\xe6\xa1\x94\xb3\xc9\x7fw\
T\xae\xa0R~|\x0e\xf6\xa44\xaa\xa9\xad\xaa%?\
\xd5\xcf\x9f\x8e\x03\xbd\xf4jM4\xe2\xaa{\xf0\xa2\x87\
c\x5ctz\xcf\x0f\xe3B&\x0c\x1b]*Ad\x95\
z}\xb9f\x05\x9f\xfc\x8a\xc5u\x87\xaf9\xca\xf8<\
8\x98k\xc8\xea\x85\x03\x9dH\xc6\x22\xc7\xa4\xc00\x86\
Z\xabK\x1aR2\x8dp\x85\xd0\xdc\xb2\xec\x123\xb2\
Q\xa0L\xbc\xb9\x19\x03\xf9<\x9e|\xf6_x\xf2\x99\
\x171i\xd2x|\xe7\xe0\xfdp\xf4w\x0f\xc1^{\
\xec\x8e\x86\x94\x93\xb4\x99NW\xb2\x90K\xbf\x01\x12\xb1\
\xa5\xc3\x11\xdd\xad\x131\x9e}\xe1\x15x\xff?\x0b\x91\
\x186\x8cg\xbd\xa5<\x81\xa1\x04\xd6l\xe8\x16\x9d,\
\xbf'b\x96\xfb\x9c\x8d\x89{\x9e\x8c-\xb6>\x08y\
J\x8d\x1e\x8e`SW\x01f]\x0a\x96M\xa71\xe9\
 6\x06\xba;p\xd1\x8f\xce\xc2\x1f\xae\xf9\x053\x02\
J?\x07\x0e\xc5M(<\x96p\xd3%b%\x89\x87\
3\xa8\xf5\x9b\xda\xf1\xe6[\xefb\xd6\x0bs\xf0\xea\xeb\
\xefa\xe3\xbaM\x00%=M7 \x94&\x87\xa7\x02\
\xfbO\x0a\x0e\x0eQ\xe8\x8b^\x8b\x91X\x7f@\xc8\x0c\
\x83\xf4\x90\xb3\xab\x1a\x10\x1d\xa7\x902z\x0f\xda<\x01\
mV\x93*4\x01\x5c)\x96\xae/j,JR\x92\
\x0c\xd5a\xd4\xbd\x14\xcf\xbaQ\xa0\xe1(\xb2\x08\x18\x83\
\x12\x99\xfd\x82\x14T\xc6T\xbf\x10\xe2J\x15\x8a\x11I\
\x92Q:\xaaF\x8d\xd5\x5c|+Y\x80]\xcfq\xb9\
G0\x01\x8f\x9dc\x10\x0c\xa6\x12\xe7\x96m\xa89\x12\
\xab/|\xaf\x15C\xa0\xf69\x9a\xad\xc9\xae\xf7\xe8\x0a\
v\xc5\xbaV\xfc\xe5/\x0f\xe3/\xf7?\x86m'm\
\x89\x03\xbf\xb5\x17\x0e\xf9\xf6~\xd8k\xcfo`\xcc\xa8\
\x91\xd0\xa1/\xc9\xff\x80\xa1\xdfP`L\xb1\xc8\xa2\x13\
\x09\x92\xec\x943/\xc4\xbf\xe6\xbc\xc1\xf4h\x8e\xbc\x0b\
\x06\xc0\xa1\xfa\xa2\x1b1Ef\x9f-\xa7\x1d\x8a\xadv\
:\x8a\xd5\x19\x16\xa0%\xa4N0\x18\x02\x16\xd3o\xa0\
\xd8\xdf\x87\xdbn\xbd\x06\x97\x9cw&#\xf4<%H\
5\x0dvu\xc9`\xf9\x98dC\xbe\x88\xbc,_\xfd\
\x15\xde|k\x1e^z\xe95\xcc}\xf7?X\xbbv\
\x03K\x8d\x16J\xa5\x90j\x19\xc1R\x85\xcb\xc4\xab\x12\
N\xdc\x83\x1a3\xc4\x22m\x0e\xd2\xbf\x9fL)<\xd0\
\xad\xe2)m\xf8[\xf4]\xeb,%n\xd9M\xdd\xe0\
]A\xd2\x18\xca\xd9UFg\xec\xa7\xd8W5\xce\x0f\
u\x9d\xabn\x5c\xe2\x95!\xeb\x86m\xdb\xb6a\x18\x86\
e\xaf\x0f\x9b66\xc80`\xd9Y\xbf\xfa\xa5D\xe6\
\xdd\xf7\xae\x13T~\x16\xd8!\xb7\xfe\xcf\xc4\xca\xb2@\
\x0c\x9f\x94\xc3\x15\xcaPt4\x1d)EI\x17F\xed\
\xc4^\xf6\xb7.\xea\xebv\x0fy\x9d\xea\xdeC\xdaX\
E\x1anf\x04\x04\xc3\xc63\x13IF\x18_\xac\xdc\
\x80/\x16=\x86{\xee{\x1c#G\x8f\xc4\xae\xd3v\
\xc4\xfe\xfb\xec\x89\xbdw\xdf\x05\xdbM\xde\x1a#\x9a\x87\
s(l\x22V\xa6S\x17P\x9fL\xe0\xacS\xbf\x87\
\x17g\xcd\x81\xd1\xe0\x80\xfc\xbb\xfdm\x9c\xceP$^\
\xfd\xb8\xdd0y\xcfS\x18\xb3\xd0\x03~\x18\xea\x11%\
=1B\xcc\xf0\x97L'q\xd4w\x0fg\xa2=?\
\xf5\xddW\x98\xeb\xd6o`\x09M\xdfy\xff#\xbc\xf5\
\xde\x87X\xb8\xe8\x0btnjg3\x13\xaeK!5\
\x9c;\x01\xb1ta\xe4\xba+6\x94\xc3(\xc5\xcc\x0c\
\x92\xf8\xbd\x07\x93\x83k$\xd7X\xdc@\x08\xd7\xbb\xa0\
]b\xd7r\xc5\xad\xb9\xf0\xc9\xd8\x19\xf5\xbeF\xac\xae\
}0\xd4\x9b(\x1d\x91I\x1d\xfc\x1e{F%\x8fB\
\xfd=\x161*\x98\x99\xfc\xbf\x01#d\xd8\xeb\xc2\xb6\
amR\xe9\x01j!8\xd1\xbe\x97\xe8\x07}\xfd\xe1\
\xfa\xcb!\x08N\x8cnx\xaa\x8a\xb7\x0c\x83\x22|\x09\
\xef,\xd0V\xa5g`%\xd1\xad\x067O%\x99i\
\xa7\xbe\x836\xe4\x07v\xe2\x16\xebx\xa4!\xff\x9d\xbc\
\xfd\xe8\xbdd<\x09#\x99d\x9f\xb5\xf5\xe5\xf1\xcfW\
\xde\xc5?_\x9a\x0b3\x1e\xc5\xa8\xe6&l?y\x22\
\xa6\xed0\x19Sw\x98\x8c\xed\xb7\xdb\x0e\xa3G\x8d\xc0\
\x98-F\x0a\x98G\x96\xa5\x83\xa7\xe3\x22&\xe1\xf1\x98\
\x93\x7f%\x1aFc\xe7o\x9f\x05\x181>/\xdaf\
e\xa9\xc9\xc2\x11\xee\xa6\xcc\xf0\x10B\x08\x85\xe9\x02\xd0\
\xc0\xdau\x1b\xb0r\xd5\x1a,\x5c\xf49>]\xf8\x19\
\x83Q\xffr\xf9*lj\xef\xa6\xb0G\xba\xb7da\
\xb9\xa9\x11-\x5cRa\x96\xff\x92:\xc5\x9c\xe0\x22g\
\x93\x97\xa3\x0d\xd5\xba\xa6\xce~T\xf4(ALT\xbd\
N\xfe\x01\xb5\x9f\xbc6B\xad\x04G\x0f:k[\xa9\
\x0ee\xbe\x18\x82\xf1\xd0UG\x99\xc6\xef\xa9+\x80\xf8\
]\xddb\x0cI\x81\x04\x08\xefP\xf9W\xa9\x9d\x10\xd7\
\xdb-\x9e\xdd\x91\xcc\xc4\xca\xde\xeaE.q\xf4ui\
A\xf4\x1f|\xa5B\x1b\xcc\x0f}\xc5\xe1\x98\x82\xab\xea\
^\x81\x83\x8d\xa0\x92m\xe9\x5cXCCU\xf6\x06\x0d\
\xe7\xcd\xd7H#\x91\x85<\x0c\xcf\xed~\xa9\xcd\x95\x1a\
\x93K[\xab\xd6K\xde.\x97\xa0\x05\xb7\x17\xaeQ\xcc\
\x15\x80o\xdeh(\x02\xb3!!\xee\xfaK\xd8\xd85\
\x80\xb5s?\xc2+/\xbfMW9\x88$chj\
h\xc0\xb8qcY?\xa2\xf5\x8d\xfc~\x9dI\x00\xe4\
\xa2\xeb\xdb,\x92\xa9\x11\xaeM*O\x08\xfe;\x975\
\xe9\x1a\xcf \xf0\x12\xcb\xc0\xd9\xe7_\x8e\xf6\xf6v\xac\
Y\xb7\x01\x1d\x9d\xdd(Qb\xd0P\x9cD\x17\xc4b\
I\xd4\xd5\x93\xc3\x0e\x999\xe8\xca\xa2\xc8|\xfd\xe5\xfc\
\xb2\x19\x110\xd7J\xa4\xd5Oo\x196\xae1\x06\xff\
\xf9r\xe6\xdb\x11\x8d\xdd\x07\x92\xd7^\xe4\xc0\xc4\xf9\xec\
#\xc3MW\xeak?UWE\x90:7=\xbay\
\xc7\xb9-s7\xe2\x8dy\x09\x8c\xe8\x13:F\x99:\
\xe1\xa9\xd2\xd3ew\x9d\x9e\x8b\x01\xb9\xa7\x14\xfc\xbbT\
\x04\xc9\xd9\xcb\xb6\xb3a\xdb(,\x81\x1d\xa6\xfcV\xe4\
\xb8\xee\x08\xe4\x9aX^\x06\x06\xa3O\xb4\x87x\xaa\x11\
\xaa\xafAO\xb9\xab\xba\xe1\x8fU\x1bC,\xden\xeb\
7\x0a.\xb1\xd1'\x9cRGS\xf1\xd3\xf3\xdc+\x22\
O\x17gB\xfc|\xb5\x9d>\x88\xdf=\xdfIM\x9d\
\xb7Mg\xad\x00\xd8\xa4\xfe\x14K\xb0\x0c\x9e\xa8$\x1a\
\x09!\x1eM\xc2H%E\x98l\x01\x1d}Yl\x5c\
\xf09\xcb\xc0\x1bK&\x98ZA\xe2;-t/\xf9\
\xe5\xfb\x14\xaf\xc3\x14w\xd8\xe1\x9fe2\xfd\x08Q\x8c\
\x03\x03\xfb\x09\xb1\x94\xda\xaf\xbc\xf6\x0e\x93.\xa2\xb1\x18\
b\xc9z\x84\xd2\xc3xr\x0f\x81\x00d\xd3\xf5]Q\
\x08\x93\xde\xacOb\xc0\x95\x82\xb9j\x95\x01\x9c5s\
$8G$\x97jW9*\x94\xdb\xc5\xdd\xb3\x08\x9e\
?\x1dp\x1c\xaf\xe4 Q\x8f\x04\xb3\xd7ep\xc3\x0b\
\xf0\xe5\xcc\xb3\x03\x96\xab\xcd\xbb\xb7y\xed\x80,;\x1c\
}\xfa(\xdf\xd1\xb3J\xe9\x13\xc8cm\xb8K7;\
\x03\xe4u)\x19\xfc\xf8\xb3\x9f\x9b%\xd3\xfe\xc2\xb6\xed\
u\xae7e*-\xbf\x16e\xe74\x09\xc1%\x0eU\
)e\xdcM\xb0q1w.\x11U>3To-\
/\x91\xab\xb6\xf5\xbb\x7f\xbf1\x06\xf6\xdd\xbf#\x0a\xf5\
\xd6+\x0a\x06\x80?TnJ2\x10G:\x90\xd4#\
\xc7C\xee\x81V\x89\xc7\xc7\x93\x17 \x15\xc2\x18H\xa5\
\xeaP\x97$(1 \x14\x89\xa1?\x93\x81\xdd\xdf\x8b\
\x91\xcdM\xfe\xe3qA\x99\xb9m)\x13\xc6\x8dB\xa9\
c\x13\x0f\xb5\x15RY]}\x03\x837g\x11\x7f,\
\x93\x0fe-\xa6\xa4\x1e\x92Yr\xa3$?\x89\x1cF\
\xc8\x0d\xc3\x8e\xb4\xa5\x8b\xed\x83+\xe53\xe7\xd4\xc17\
\xba\x93\x02n3\x83~l\xbdM\xe9$\xefVUe\
^\x04\xf7\xf3\xfe\xeb\xab,\x13\x15\xf6\x81N\xf4\xfa\xbe\
/c^:S\xd0\xb2B\xeb=d\xf5\xa8\x1b/\xc7\
\xfc+\x18\x11\xa1V\x16M\x03\x8b\xcd\xba>\xbb\xcd\xb0\
\xac\x15J\xffVo\x0bl?\xd7]\xa4\x83\xa3\xa6\x1b\
)DkZ\xc3\xd5\x8b\x1a\x94\xc8\x8c\xab\xcbQ_\xc7\
\x95_\xd9\x89\xae/\x94Wl\x93\xb3#\xb9r\xc0\x00\
\x5c\xd0\xd0\xdat+\xc6\xe0s\xe2\xfb\xf5I\x13D\xca\
\xa4\x04\xc9\x13UJnE\xfa\xc2z\xa3\xa4\x13Al\
\xb2n&\x09p\x82\xa4$\x99\xfd\xdd]\x18;\x22\x8d\
'\x9f{\x14\xe7N\xff>O\xa7-\x12i\xc8\xe7U\
\xbf\xb4\xdc\x83\xc4\x08J\x85\x22\x03?\xbd\xe1\xd6\xdf1\
\x06\x92\x1f\xe8g\xa2=1\x1cn\xb0\x94\x81Cr\xed\
\x04\xe9k\x12\x90\x1b\x97\xbe\xdc\x93W\xf1~\x9f\xd3.\
\xb8x\x17\x86/\xa6\xc3d\xfd\x19\x84T\x15\x02\x93\xdf\
\xfa\x14oU2\x9f%\xff\xceu\xe4\xb3R\xebU\xb5\
s\x08in\xd1\x9eC\xd1{`\x9511O\xf3\xfa\
\xber\x0bX\x02\xe6\x5c\xa4\xa4\x17t\xc6\xce\x16\x13\xa5\
\x8e\x90\x9d\xdb`vt,\xed1\x0d,#\xa4I\x19\
\xf9)y\x9e\x1a\xbaF\xe5.N\xe7\x00\xc2\x06\x0e\xb6\
L\xd2\xf2{V\xcb.S6X\xc9\x0d1\xc8\xe2s\
\xf2\xcaN\x0d\xf5\xcaF.\x8a>\x1f.\xf3\xbf\x9c;\
\x9d\xcb\x07qC\x9f\xcf%\xe9\x04o\x00Z=\xcb\xcd\
\x148j\xa6\xf8\x8f\xecvQd\xba\xba\xf1\xcdi\x93\
\xf1\xd6KO\xe3\x84\xa3\x0e\xe3LUz\x06\xd5\x80\xeb\
H\xcf\xc6cQ\x5cy\xd9\x05xn\xc6\x83HG\x81\
B\xb6\x9f\x1b\x06I\xadpa\x10\xf2~\xf0\x93W\xfb\
\xdc{ \xf8\xd8~\xd4\xfe\xafQ}\xd4\xe7\xcd!8\
\x89\x14\xac\xed5\x9f5\xf5,S\x8d\xc5P\xffqi\
\xdf\x9d\x1el\xd0\x92\x86\xbe\xa6\xda\x09\xaa\xa4_\x0fz\
P\xb5y\xa9e<\xee9v|TM\x94V\xc7\xcd\
UK\xd8\x8a\x99f\xe9\x0b\x03v\xaf\xc8\xaf\xe3\xae\xd6\
\xa3\xc8\xb9\xc4Zo\x87\x5c\x8d\x92\x01I\x0e\x95\xe7 \
\x93\x12\x83/7\xa3\xae\x99\x8e\xd3\x8fc\xd1\xe5~\x00\
\xb5Jq^=O\x89\xfa\x8a\x91\xf8x;\x04&#\
u\xf4?\xf6\x98dT\xd2\xa8$,\xaaZW\xcb\xb8\
r\xb5\xa2/\xb2\x8b\xd1\xb1\x0d\xe10\xdc2}\xda5\
f\xfe\x09\xa1\xeb\xf6uw`\xc7\xed\xb6\xc4\xac\x19\xf7\
c\xec\xe8-8|9\xcb\xf7\xc0'Q\x8a\xe8\xce\x7f\
\x9e\xf1*j1\x90\xcb\xe5p\xe8A\xfb\xe0\xe9\xc7\x1f\
@\x14\x84\xed/\x92v0f#\x01D\x02\x8c\xa8Z\
G%\x14\x8c\x5c\x0b\xb5\xb95\x15\xac6\xe2\xd4\x002\
\x5c\xcf\xebI\x22\x9c\xbeHU\xb5\x026\x8a/\xb1K\
\x82WG!;4\xf4K8G\xbd\x91%\x90He\
5\xe2\x0f\xa9v\xaa}.\x9a\xd4\x9c\xf4\x06\xa1.V\
.!q\xa2\xcb69h-\x07\xe71\x80\x8f\xd6\xac\
A\x963\x00+\xbf\x08\xb0\x96I\xeatqK\x8f\xd4\
\xeb\x15\xa7ubu\x9f\xf2\x5c$\xf4\xa8RB\xf4\xd1\
Na\x9f\x8c\xab.\x8b\xae'Y\xa8\xcb\xe9G\xeb\x83\
\xfe\xbe\x92<T\x9b\x95\x09R\xfa\xa1x?\x93u\xb9\
\xc5;\xb1)\x84\xc4\xab8vp\xf5\xbe}/#\x1c\
-C\xb22\xaej\xf3\xe7\xa8a\xe5F ;\xc4#\
\x0f)\xd9H}*\x8a\xbf?t\x17\x9a\x87\x0f\xe7Y\
x\x84\xef={Ud\xcf\xd1\xa3\x10yX2\x870\
'Bu\xe6\x1d,\xab.a\x12\x1e\xb8\xff^\xb8\xe3\
\xf6? \x97\xe9\x83-\xae\x15\xd5m\x85\xabo\xce\xd5\
\xad\x8c_p\xc2\xc3\x85\xad\xc7'\x0f!\x15\x95\x97\xa0\
Z\xf1\xdc\xb3\xb3\xbez\x95_\xb9nr\xa2\xbd\xdf\xf9\
$Y1$\x05z\xd2\x83y\xfb[M\xd7\xe7\x87\x80\
\xc3\xd9T\x1f\xb4\xbe\xbb\x0c\xa4\xf2o\xf9\xbb\xce4\xe4\
\x1fz\xfb\xb5q31'\x9a}@\xea\x8e\xe4\x01d\
\x95\xb2!\xc3\x9a\xeb\x08\xf1\xd1\xe22\xd8\xa5\xf7-\xd8\
9&\x85\xeb\x5cZ'H?\x83\x9c_\x7f\xc4\x89\xed\
\x0e\x9c\x91\x9c\xa8|\xe3\xf8\x89:\xea\xb3\x0aN8~\
\x22_Y\xbf\x83\xfa\xa8^\x080\xda\x88\x8d\xe0\xed\x9b\
t\xa8\xd4\xf5-\xbb\xd6\x93\xcc\x13\x88\xa4\xc6\xa1\x1b\x92\
\xc5\xa2KIIr\xf0\xb2A\x8b?\xe4f\xa1\xab\xba\
\x5co\x06W\xff\xfa\xa7\xd8a\xdb\xb0I\x87\xdc\x00\x00\
\x1eTIDATI,\x18H\xc6\x0a\xb0u\xa0\x9c\
z\x14H\x14\x0a\xa9\x84%\xcbV}\x85\xd5k\xd7\xa3\
 \xb2\xeaP\xcc\x01s/\xd6\xa0\x8b\xa2\xe10\x8b-\
8\xfb\xd4\xe3p\xe2\xf1G0\xdb\x02\xe1\x1d0\x9d\xba\
\x125h\x92\x04\x9f#'\x13\xb4\x1f3Vs\xea9\
L\xd4g\x92\x18}\x08_\xaf\xd7\xb5^\xde\xb5\xd3\x0c\
\x9d\xfe\xf7\xf3\xb6v\xbe;\xfb\xbd\xac\xcf\x15\xf6\x15\xe7\
\xe1\x01\x9b\xca#\x01X~4\xa63\x0d\xb5)\xb4\xfa\
\x83<P}?\xd5\xfa-\x98\x12K\xd4\x82\xc2R\xd3\
\xb0\xdf\xd3\xdf3\x1bFmwN\x01\xf1\xdf\xc04\xc7\
X\x86\xcd\xa4\x9e\xa1\xfa\xf9{\xf5!\xdd\xf2[\xb6\xa1\
\xbf\x86\xa2\xb7W\xab1\xc6\xb7\x1e\xf1\xaf\xbc\xcb\xf5Z\
\xf6\x19g\x14G\x0bm~\xae\xd8l\x8e\x90\xa6q|\
\x9dyh(>\xd5\xe6\x8a\xbe&L\x00\x0a.\xdai\
\xfb\xad\xf0\xee\x9c\xa78\xfc\xb8'\xa58\xf9\x0fP\x86\
\x1e\x82$\xff\xc3\xadw\xe1\xbd\xf7\xe7\xa3#\x93C\xc4\
41z\x8b\xe18\xf6\xf0\x83p\xf1\x8f\xceei\xb8\
J\x05\x91\xfaLp\x17b\x0a\x14\xec\xb3p\xd1\x12|\
\xf3\x90\x93`\x87\x13\x94U\x86'~\x09\xe8\xa7\xae\xc7\
*\xc2\xd5\x07[i\x22\xfc\xbe\xd3\xe6E\x8e[\xfe\xac\
u\xae\xfc\xa4\x01\xbbB\xb3\xbe\x92\xc6P\xf6\xaf\xa7\x91\
\xa0\xbe\x0e\xf5\xc6\x22\xa8\x1d\xbf\x16\x0c\x14\x11\xb3\xfb\x1f\
\xd9i\xdd\xd2s\xde\x00\x8aR5\xb7\x0c\x94\x96\x18F\
q\x05\xf3\x99\x12\x8e#j\x01\xfd\xaa\xaa\x04:)t\
W\xaf\xf8\xe41Q\x96\xe9l\xca\x102\x081\x87\xfe\
\x93\xce#\xfag\x81\xef\xf8\x98\xa3]\xee\xc9\xcaz\xe8\
\xe7!\xa8e\x93\xf1\xdbM>\x9b\xc3%\xf6{\xfb\xe6\
\xf1\xe4*\xb3\x03\x947\xef\xad\x9c;v\x90O~6\
\x83\xb3O;\x8e\x85\xd3\xeaa\xb3\xecv\x80\x11p\x08\
\x8f?=\x0b\xdf\xfa\xf6\xd1x\xe2\x89YX\xd3\xda\x83\
|\xdeF\xdf@\x01\x0b?_\x89\xab\xaf\xbe\x19\xfb\x1c\
\xf8?\x98\xff\xd9\x12\x84\x22\xdc\xe1\x88\x19L\xc9\x0b\x90\
\xe5A\x04v\xdaa{\xec\xbf\xcf\x1e\x18\xe8\xede\xea\
C\x99zRF$\x8e\x0d\xc3\x0a89\xd5\xfcTZ\
r\xed4\xf4J\x0a^co\x99\xb4$\x99`@\xfd\
\x86\xcc\x82]a\xbau\x15\xc3\xcb\x0c\x5cc\xf0\xeb\xb6\
F\x94~\x0c\xa4\x92A\xbaR\xdd\xae~z$\x85\x00\
\x1a`=1\xedbO\xc8(\xbeE\xc4\xcf\x11 E\
\xa9\x8f\xe4\x96\x1a\xb6\xf5\xaem\xdb]J\xb2\xd4\xc5\x90\
\xb2\xea<\xa2\xb9\xbe?5\x87\x1e\x97\xd1M\x9f\x0cf\
G\xd2\xee'e\x5c\xbd]{\xf6[G,w\x06\xee\
\x9a\x10\xf8\x8bP\xae\xbaE{eE\x9d\xc2\xfa5S\
Y\x0f\x9c\x7f=\xea\x8d\xde\x9e\xde\xdf`q^\xfbX\
\xb7\x04\xeb-i0\xeb\xfcC\x12\xd7-\xe4\x0a9\xa4\
\x86\xa5p\xe8A\x07(?~\xf9\x1c\xb9\x16\xd3\xe9\xfd\
\xf6\xfb\x1fb\xfayW\xa0\x18\xaaC\xbae\x0b\x86\xb4\
\xc3\xc82\x04\xc4\x13\x09\xa4\xc7\x8c\xc3\xe7\xcb\xd6\xe2{\
\xa7\x9f\x87\xb6\x8e.2\xf6\xbb\xd6\x98l\x07\xd4\x89\xc3\
\x0f\xd9\x17\xc8\x0f\x94\xab-\xbe\x9bN\xe8\xd2\xde!K\
Dh\xed&\xa2\xe2^\xf3)\xbaa\xd7\xa9\x5cKs\
\xafY\xd7\x94\x87c%\xcej\x977nTP\x7fY\
\xfb\x1e\xac\x09\xbf\xd1\xfb\xa9\xb5.\xbb\x99\x97x%S\
\xf2\xd4S\xe9`\xf4\xce\xbbK%\x12\x15\xf0gJ\x08\
\x1b\x85\xa5q\xc3|W>\xabd\xd8\xd5\xabW\xb7F\
\xcc\xc2\x1b\x86a/\xe1\xef\xc8K\xff\xc0)+\x9b,\
\xd5=\xd7\xa2\xe8\xac\xd2\xbd\xa1\xf9\xba\xf0\x8d \x07'\
\xf5\x8e |\xbf2#\x92\xcf\x04W\xebl\xf5\x88A\
g\x18\xba\xb3G\xb9\x05Z*\x0d<'\x9b;\xe6\xba\
z\xf1\x1a\x97\xca\x8c\xa0\x9aS\x8b34\xed%q\xac\
\xe6\xfb\xfb\xb0\xedV\xe30a\xcb\xb1\xc2\xdb\xcb\xc1\xf8\
'\xbd>_(\xe0\x8a_]\x8b\x12\x22\x88R\xde\x02\
\xf2*$\xc9\x80f\x9f\x80H-\x8a\xee+\x22\xdd2\
\x12K\x17\xaf\xc4\x1d\xf7<\xc8\xf0\xfb\xc8\xd9H\xf5O\
\xc8\x8a{|c\x17\x84\x12a\x14K9\xc9=\xd5\x06\
\xe5\xdb\xc5\x91\xa6\xf4\x1e{\x97Fw\x16R\xe3\x17\xa8\
\xe9\xf2\x9dj3Y\xb6\xde.W\xe6\xeakaHc\
\xa58\x81\xfc\x08\xa9b\xfb\x1e_\x8a\xf2\x07\xbcm\xf1\
\xa2\xeb\xfe\xaa\x09\xcf\xb8\xe5\xd1\x22\xd1\xb9\x83\x0e*)\
iygX\xaaE\xf2+\xb2\xfd\x99\xc8\xf7\x87Qz\
\xad\xbe>\xfe\x85|LJ\x00\xf4X1\x04\xba\x0e\xcc\
\x7f\x04X\x94+\x802-\x08k\xafxH\xd3+\x1d\
\x82\xad\x91m\xfb\x1e\xb2\x1c\xd3];GEF\xda*\
\xa7hm-\xfa\xf6\xd9\xcf\xfb\xcd\xd5V\x80x&:\
\xec~FpeV\x8f\xb0\xa6\x97Y\x97\xd5\x1du\xe5\
y\xf2J\x07\xf2>^\xe6\x0c\x90u\x0b\xeb\x04\x7f\x88\
\x22\xfd(\xd4/_\xc0\xd6\x93&2Q\x9d[\xf8\xf9\
\xd7,\xef@\xc8\xc4\x07\x1f}\x82\xf7?\xfc\x0c\xf1T\
\x9a\x01tR\xba\x11\x95\xa6]\xec\x12\xa6F\x14K\x08\
54\xe2\xb9\xd9sX\xb8/\xb3\x03\x88\xed(\x13\x8f\
\x8d\x1d;\x16-\xc3\x871\xa6\x22\x8er\xc7\xda\xac\xc9\
\xe6~{\xc6oM\x5c\xeb@c\xf1\x88\xfa\xb5\x94\xa0\
\xba\xbd\xb7.\xe5/\xa2\xf6\xbd\xe4\xa3\xda\x05\xed-\xb5\
>\x9ew\xbc\xf6\x0b\xf9\x19g\xa0RU\xa1\x9fDw\
\x8eT\xe17\x1e\xd5\x0fz\x99\xfb\xf9\xfaw[\x11W\
\x11a\x14WD\xcc\xc2\x9cE\x8b\x16\xe5\xe5\xf9\xe6\xf2\
\x8d\xb2\x06\xba6FQ\x9ag\xdb\xf6\x17t%\xcf\xec\
\xe0*\xc0\xc0\x89\x8f\xd6\xad\xa85G;\xf9\xad\x80\x0c\
\xb8\x91\xa9\xb5\xb5D\x1e\xb5\xd4UU\xd7\xf7\xe9\xb3\x97\
kW\xdad\xca\x80\x15\xd4\x8e\xe0\xcaA\xf5\xcb6\xf8\
\xa3\xd5\xed\x05\xde\xf7\x82\xe6\xd9]\x17\x99\x93K\x181\
bx\xf9s\xe2\xf7\x85\x9f-\x81\x95\xa7\x14\xdc|\x8e\
\xf9\x8e\xe1\xd9\x1a)\xcb\x00\x9f\x04n\xfc\x0cEcX\
\xbdn\x13\xd6\xac\xe3\xde\xe1*\xd7\x1e#\x16\x8b\xe5A\
llhD\xa9\xc0c\x158\xe1k^\x8bF\xe5q\
\xe8\x0eH\xea\xe6\xcd3\xc6\xc1\x1aq\x83\xe0\xbb\xca\xe1\
\xe7<\x12\xa3\xed\xa9\xc7\xc7\x80\xec}\xdfo\x5cek\
5HoVy[\xa6\xfe\xa7\xeb\x1d>sX\xfe\xbe\
s\x84z\x84S1.:\xfd\x8b\xc5\x08J\x9f\xa0X\
\x9c\xaf\xbf\xeb\xc2\xc5\xea\xe8\xe8\xe8\x0d\x87\xb2\x9f\x99v\
a\x1e\x80^\xc36(\xdb\x12_\xfcj\xe2TE\xa3\
`\xc0\xe7Rd\x96\x8a\xca`q\x01\xcbt}MP\
\xaeA\x04\x94\xadV\xfc~\x90\xb1\x08\x83x\x94??\
\x88\xe1\xfa{\xeeq\xd9\x9c,\xff\xec\x19\x9f\x0d;\x90\
\xcbq\x11\x9e\x89\xeb$\xf2\x92\x81\x8f\x9fT\xdc\x94'\
\x10\xa1,b\x076r\xc5\x02\xb2Y\x9e\x8dH\xd5%\
l4\xe10\x85\x05S\x981?\xb1%\x9aT\xb5\xf1\
\xb0\xed\xac\xed\xa3\xb2\xb1xT\xb9A\xf2\x00U\xa7\xb7\
~\x9d\x09\xc8h\xd4\x8a\xc5pO\xdeP\x99\x92o\xd5\
As\xa3\xc4|=\xa5\xd9\x10\xea\xd7%/]h&\
\x88y\xbb\xd0f\xc2zs\xfd\xfa\xf5m\xfa(u\x09\
\x80}\x18\x0a\x87\xd7D\x90\x9fo\xdb\xa5\xc5\xca}Z\
\x06\x13T\x22\xf2\x1a\xf4\xea2QM\x06+h9\x08\
kQ)\xf4I\xf2\xda\x07\xb4\x06*\x8a\x9d\xbe\xef\xd4\
Xx=\xee\xbf\xdd\xedVx\xd9+!Tx\xd6;\
'\x86\x9fzD\xff\x84#\x0c~\x9c?#\xde\x15}\
\xa1\xc2q\x02x\xae\x012\x04q\xab7\x9d\xfc\x84E\
@\xf8\x01b\x1d\xe8\xca\xafXD:\x9e\xc0\xb0\xc6F\
\xb7\x9dCH\x09\x85|\x9e9\x07Q\xce\x82\xc1\x5c\x83\
J\x9bO\xf9\xa7\x9e_\xb5\xfb\xfe\xc1\x16\xaf\xc8\xac\xaa\
\xae\x81\xe9\xc8\x22\xed\x19~\xaa\x9cQM\x1c\xd7\xdbT\
\x88\xc5\xce\xdf~\xcf+\xd0\x0e\xe5\xd5\xad}\xa6)\x0d\
<\xfbs\xd0\xacx\xf6\x84\x94\x90\xc5&0\xed|>\
l\x94\xe6\xd9F\xf1U\xef\x0b\xde\xa4l\xd8\xb8|y\
{\xcc,~\x1a2\x8b\xaf\xdbv\xa9]\xcf\x99\xea\x17\
\xc3\xec\xdb\x9d\x0a\xf3\x5c\xb6\x81=I\x0f\xfd\xc2\x1a\xf5\
z\xe4\xc6\x96\x13\xe5\xee\x93.\x1c\x8b\x08.5\xc1\xe5\
b\xd4\xe6\xdc\xbb\xaanz\x91\x86Y\x1b\x954\xd8\x1a\
\x18\x5c\x80(+S\x81\xebu\xb1\xf5\x09G\xb1\xa1\x95\
\x18;O/&\x1f\x91\xb0\xdb\xbb\xef\xbe+\xd2\xe9$\
\xc3\xfc\x17\xdf8\xf6\x0biwf\xf8\x01&\x0a\xfd\xbd\
\x98\xbc\xedV\xd8bd\x8bH\xf5%\xa2\xd8\xc4Du\
wu\xa3\xbd\xb3GD\x04\xd6.\x15\xca)\xa9v\x90\
\xa8\xf5\x92\xff\xd5l\x08p\x8c\x8dC\x05\xe1\xa8TX\
\x9dJ\xa5\x94C\xf7\xb1U\xe9<\xcdC\x08~\xea\x91\
\xb0\x84\xf1\xbf\xe5\xfeq=%\xe8OHo\xdeo\xbc\
\xedpIB\xd6O_\x90\xe9\xd7Z\x16\x85\xf5L\xeb\
\x9a5\xcb\xc4c\x0a!\xc2\x1b\x1fE\xef\x97\xccRd\
Y\xd4\x1a\xf8\xc8\xb0\xed\xcfl\x9bk\x81\xbe\x93\x12\xf0\
y\xd0s^\x11M\x8a\xe9\xfeznPMrB\x9c\
M\xe9\xfa\xd65\x9b\x9a\xfc\xea\xc3\x98\xa4s\xd2`K\
U\xeb\xaf\xe8@\x99O\x80\xa4\x80A\xd4_\xe93\xce\
|,\x84c\x09,\xfeb%K\xc4\xc9\x93\x8cX\xea\
:\x90N\xf4\xad\xc6\x8e\xc6\xf4\xd3N@\xa1u#b\
\x91\xb8c\xfcRn\x9f\xd2\xb5\xdf\x86\x9d\xed\xc7\x8f/\
8\x9b\xbb\x07Sl\xbf\x98$\x92\x1e\xa8\x0fK\xbeX\
\x8e\xce\xce^\x16q\x18\x94\xba\xca\xcb\xc0\xd8gb-\
\xfc\x0e\x12\xde\xb2\xb3~\xd2\xf7\x84)7\xb5\xac\x8fx\
Y\xe6}\xe4\xee\xb6\xfem\x88a\x07\xde2\x18\x9e\xbe\
\x97K\x12\xde\x0d\xe6\xad\xc0\xe7\xa3\x0acp\xf5Ss\
Gv\xfe\x94`]\xc1\xe3\xf1~\xa6\x18\x03K\xf9\x9a\
\xeb\x0b\x99\xf99\xc5\x9c\xf5\xb2\xe7k_\x06\xc0\x1e\xd8\
\xb0ai{\x18\xf6\x17a3?\x17\xb0[yZ\x06\
\x9f\xf6\x06\xe9uW\xc9\x22_\xf6\xac<a]R\xa2\
8\x05\x03\xa4\x0a!\xa5z\xac\xb1\xe2\x84\x93\x86\xaa2\
G y\x0a\xcaZ\xfd\xfbT\xcd\x8a\xed\xfeLc8\
\xfaIQ\xc3\x89Y\xcd\xf2\xeb\xfc-\x82\x82K\x04\xc8\
\x13\xc3\x8a\x15k\xf0\x9f\x8f\x16\xb2\x0dE\xf1\xf9\xf2\xc4\
`\xd6}\xab\x84\xeb~\xfd3\xecw\xc8\xbe\xe8]\xfb\
\x15\xc2f\x04\xd1H\x0c\xa1H\x18&A}E\xa3(\
\xd8@\xdf\xfa\xafp\xf1e\xe7\xe3\xf8#\x0fe\xb8}\
\xa1\x88s\x1c\xb3HM\xc3\xc0+o\xbc\x0d\xbbPR\
\xd0\xdd\x81w\xd3~\x22t\x855\x973\xefb\x9a\xda\
t\x19\x95\xc4qq\x03S\xdd\xe9\xc7\x13v\x8d\xf2\x22\
\xa5-\xbf\xdb\x22\xfe\xb3\xfc\xd4\xb0\xfd\xc4o\x97$P\
\xfb\xad\x85j\x9b\xa9g\xda\xef\xde:*\x18\xa7\xc5^\
\xb7M\x94\x10EaQ\xc8\xca\xcdnk[\xbd\xde\xaf\
\xf3A\x11\xd2V)\x19Y\x1e7ro\x9bv\xee\x03\
\x9b \x5c\x85W\x97.6\x07\x89\xd0A\x9c\xd5{\xfa\
W\x16\xd5\xf8dK\xa3\x96\xc3\xe5\x05\x0d\x0b\x00HY\
\x1f\x7f\xc3#:\xeb7\xaa\x8e\xc9\xd9iApX\xf9\
\xb6d1\xb5\x9e\xfa~\xe3\xd1\x81/\xbc3\x12$\xce\
\xea\xa7N\xb59r\xfe\x16N.\x22\x12\xb8X(\xe1\
\xefO\xcd\xd4\x18\x90<\xc1\xf8\x12\xa7\x13I\xcc\x9c\xf1\
7\x9cu\xee)(\x0c\xf4 \xd3\xba\x09\xfd\xed\x1d\xe8\
k\xefD_\xeb&\xa4\xc26n\xb8\xe9\xb7\xb8\xed\x86\
_s\xd0N\xa6s\xf2\x223\x1c\xf5\xf5\x0f\xe0\xb9\xe7\
_F8Y\xc7p\x07*\x89O~\xfd\xf6\x1b\x8f\xd7\
\x17B=_!*N\x17\x93}\xad\xf1\xa8N,\x95\
v\x9e\xed'\xa9V\xe2\xdf\xba\x09\xc8\x8b\xa1\xe1\xc3h\
\x5c\xb7\x13~\xfd\x97)\xba*\xd0I%\xe34\xdb\x16\
\xb6e\x84\xed\xec\xfa0\x8a\xcf\x15\xe2\xf1\x0f\x82\xc6Z\
IQ\xb5G\x8f\x1e=\xae\xdfL\x1c\x93/%.\xb3\
\x8d\xc8\x04y\x0e\xf8\xc5\x06P\x17\x95IH\x1c\xa6C\
\x94\xb0\x9dNh\xf8\xfdZ\xb7\xd4I\xcf~+\xbb\xcb\
\xf1\x1b\x95\x7fO6\xdb\xf7\xbaR\x91s\xe0\x89&\xdc\
\xbc\xf6\xf4q\x08\x1b\x88\xfci\x01Q#\x8fyo\xcc\
\xc2\xe4\x89\xe3Q\xa4;}\x15\x0c$|\x02\x04N\xff\
\xfc\x85\x8b\xf0\xd2\xcb\xaf\xe3\xcb\x95k\x10\x09\x871u\
\xbbI8\xf2\xb0\x830~\xcb\xb1B\xd4\x97\x89Ky\
[\xc5\x5c\x01\x91x\x14w\xdd\xf7\x08.\xba\xe4WH\
\xb5\x8cd\xa9\xc8\xb8\x8b\xc2\xd03:\xe9s\x12\xb8\x16\
5\xee\xa5\xa0\xef\xf5\xed\xf0\xf5\xae\xb7\xad\xb5<\xf8\xe2\
\xb5\x1d\x95\x17\x99\xa1\x993y\x06\xeb\xe9\xc3\x5c\xfc:\
Fo\x84\xec|w\x02\x99'\xc2\x96}\xfb\x86\x0d\xab\
\x17\x05MQ\xe5\xaa\xf6\xdf?<f\xe9\xaa\x1dz\xec\
\xe8\x0f\x8av\xecL\x98\xe1\x14WmyBl\x19\x18\
\xc3k\xe1\xba\xa7\xc4>\xf3\x1b,7\xda\xf1&Mu\
\xf7\xefx\xbd\xa9\xe7\xbdX}\xaa\x0dM\xbc\x0e\xda\x10\
e_\x88\x0f|S\x80I\x00N\xc2\xa6\x0f\xa8\xd3\x97\
\xa1T(vy?\xd5\x18+\x15N\xcd\xda\xc9\xed\xaf\
G;\xf5Hf\xc8\x99 \x11{oG\x1b\x8e>\xea\
 <\xf7\xf8}\xcc\x91\x87\xae\xec\x94U\x99e\x13\x12\
s\xefx\x80\xbb\x0aO\xed%!\xa4\xd9\x93\xb0\xac\x22\
3\x0enh\xef\xc47\xf6=\x02\x9b\xda\xfa\x10I\xc4\
\x192\x90\xb3&\xc1\x93\xe1\xce6\xe1$\xa7`p\xf0\
\xe2\xf5@\xa9\xd2\x87\xc6\xfc\xe6\xa5*c\xd1\xdaQg\
\x86g\x1e\x9d\xc2\xbfTrT\xa0\x9a\xab\xbd\xe7V\xbc\
\x95\x7fK\xa5\xe2\x92\x88}\xdb\x90\xeb\xe60\x80\x90'\
?\x86kzT\x93d\xfa\xcb\x97\xe2\xc8\xcd\x09\xa3\xf0\
\xc7M\xebV\xbf\xc61\xa7\xfdK%\x90$\x03o\xbc\
Q,\x16\xeb\x97&\xc2\xd9\x99!\xe4\xe8V\x80\xd2\xc4\
8\x1b\x8f+\xdc\xd2\x5c#\x16\xd8\xb3%t\xb4q\x09\
\x5c#tJ)\xa8;\x9a\xba\xb3H.\x1b\x80\xda\x1c\
\x9a\x18\x1e\xd4k\xedy\xe5\x9c\x22\xfb\xe1\x13M&\x19\
\x8f\x8b\xcf\xc8g*\xe8\x93AZ\xa4\xd8\x9e\xea\xd4R\
\x8a\x8aO\x87\xcb\xf5aG9\x0d\x12\xfd\x9c\x8d\x22\x9d\
M\xb8ND9\x01\xeb\x86\x0d\xc3\xccg\xff\x89\x9b\xef\
\xbc\x8f\xa5\x0f/\x14\x0b\x9a\xc9\x8a\xeb\x93\xe4\x0cD\xd2\
\x00I\x08$\xea\x13\xd1\xd3\xef,a\xa7\xc9\x19\x06S\
 \x09B\x84\x0c\x0c,e\x9c\x81s/\xba\x02k\xd7\
lB\x94\x00G\xd5\x9d\x95\x06\x0a\xe2\xab\xdb;!\xc0\
N/<\xceW\x9a\xe1\xce\xc5\x08\x02\xa6\xb8\xfa\xbcT\
\x10\x8d=\xc1H\x86\x9csY\x87\x87\xa1\x95\xfb\x0d\xc8\
\xc5A \xf1\xf3-S]\x22\xaat\x1b\xc5\xe7B\x8e\
\x93\x1bj\xfdN~N/\x92\x06\xa9\x90\xeeP4\xa2\
F~i\x14\xc5\xe7\xe3a|(\x88\xdf\x18\x0a\x03`\
\xado\xdc\xb8 c\x84\xc3\x0bb\xa1\xdc\xdf\x0d;\xbf\
P\xe2^s\x148]\xf7vf\xa2L\x02\x90\xcfp\
\x8f\x22\x85\x97\xc0\xe7[\xae\x86\x03m\xe5Rsu\x8e\
\xa7\x0f\xa3\xc2\x1c\xcb+\x1ay\x0f+\xb3\x16\xa9\xdf\xf9\
\x8eu\xe9\xca\xea\xfe^\xdfH\xbe\xa7\x8c\xce\xea\x03:\
\xe1\xe9s\xd0A\xa9\xeb\x82\x0aO\xcfs\x95\xa4W\xc9\
\x89\xc9\xad\x5c:L\x94\x08\xd6FbX3\xae\xfc\xe5\
\xb5x\xec\xa9Y\x88Ec\x0c\xa9\x97\xa2\x01\x1d\xe3(\
\x07\x02a\x0e=\xa10\x93\x1c\xe8w\x8e\xf4#\xfbl\
0\xb0Q\x96\xe9'\x1c\xc1\xf9\x97\xfe\x12\xcf\xcf\x9c\x83\
\xbaa\xc3\x85\xee\xaf\x13Be\xcb>\xb4M\xca7,\
\xff\x949\x98\xc8u\xf0l~\xd7\xcb5\x16_\x17n\
\x0d\xefQ\x1e.\xfa\xc1b{\xebp\xad\xbd\xdf\x98\xb4\
\xfd.\x83\xd7\xd4\xb8\x9c)\x19\x8aBD\xa8W\xae\xb1\
\xb8\x02\xbf\x1c\xa0\x95\xb2\xc2OS\xd1Y\xcb\x88\xd8\xf9\
\x0dQ\x14f\x17a\xbe\xbaz\xf5\xea\xceJ\xc22k\
\xb7J\xbf8\x13X\xbe\xbc\xcd4\xacyI\xe4\xffa\
X\xf95L\x07\x80)!\x04y~\x1b\xd7\x15\x89\xa7\
\x06m\x81\x9c\x93B\xf7\x9d\xd6\x1f\x17\xd7\x1eB\xec\x09\
\x9a\xd1\x1a\xae\x92\x15L\xb7\xdb2+\x00-\xc5\x93*\
\xd2\x8b\xcd_\x95\xd9\xf0\xb6#*\x96\x1b\xcb/v\xc0\
\x91Z\xfc;\xec\xded\xcc\xbd\xce\xd3\x86{\xb3\xea\xd2\
\x92\xce3\xd88\xd9\xc9\x1cB(Q\x8f\xb3\xce\xbd\x14\
\xf7<\xf88#`:\xd9\x19\x82\xaf'A\x80kj\
\xc5\x89C\x12\x01I\x06\x84$\x94\x19(\xe0\xf4s/\
\xc5}w?\x8c\xba\x11[\xb0\x0c\xbf\xa2%\xf5\xbf\x0a\
\xb3\xa3\x81h\xf2\xa0#\xf6\xae\x90\xee\xd4\x86\xd7\xd7D\
g\xf8\x83Q\xbb4\xe2\xf0\x06s9\x83u[\xd2+\
\xf7\x1c\xbe\xde\x88J\xe2RT\xe5p\xc0`U\xc1S\
G\x90?\xbf\xde1\x09b\xaa\xfd\xad\xce)\xfdY-\
\xdf\x01\xf5 l\xe7\xba\xe2F\xfeY\xb3Tz\xb2m\
\xdd\x8a\xa5\xd5\x88\x9fJ-8\xa9\xac/\xad--\xab\
\x0d\xa34'f\xe6\x9e1\xacl\x97-v\xbf\xf2\xda\
\x12\xffx\xc5\xff2JU\x5cY?>\x9c\xc1IC\
\x07\xfb]\xd5\xe1\xdf\xa9J\xc5\x89\xa2\xe3z\xa8\xa3\xa6\
\x88\xcf\xb5H;\x97D\x17\xb4\xf14\xc8.\xd7\xef\xfa\
#.\xbd\xd2+\x08V#\x98\xf2\x91q\xb1\xcf\xc1\xbd\
\xe7\x8c@\xa0\x03\xcb\x07\xf4\xc3\x989\x0bQ\x0aob\
\x02)\x9c\x7f\xc9\x958\xeb\xc2\xcb\xb1\xfa\xab\xb5\xccq\
G\xea\xfe\x5c\xec/\xa0X\xc8\xa3X\xcc3\x83\x1e\xc1\
\x87\xd1\xe6d\x12A(\x8cw\xe6}\x88\x03\x0e;\x01\
\x8f>\xf24\xeaZF\xc2*\x89\x1c~\x1a\xc0G\x90\
gZ\x90\xce\x5c\x16y\xa1\x84\xc6!\xba\xfe\xe9Uy\
\xb0*y\x18\xba\x9e\x10\xc4a@\xd5v\xbe\xed\xd9v\
:\x13v1\x01\x11M\xa8\xda\xaca\x0cA\x16}Y\
\x89\x8e=H\x98\xfe\xba3\x1b\x02\xd4W\x18%\x84\x91\
\xcd\xc7\x8d\xc2\xcbV\xa9\xf8\xc4\x981#?\x16\xfc\xa3\
\xea\x86\xabu\xda\x19\xe5\x8c\x1d;6Q\x04v\xcf\x95\
bgg\x8d\xf8\xf10\x22)\xb7\x96\xee\xf3\x9a!\x02\
|\xca\xb4oA\x8c\xfa\xf8\xe4G\x9aqd\xa8E\x9d\
\xf6\xcc\x92*$\x157\xfbT\xd9{]\xb7\x1a\x9e\xd1\
\xb88\xbb\xc7\x90\xe8\xd4\x1fd\xc4\x12\x03\x1a\xc48\xbc\
u\x89\xae:\xf9\xee\xb4\xfe\xa9\x04j\xfa\xd4\x0a\xb1\x80\
m`\xd3D\xa6\xab\x13\xa3G\xb7\xe0\xac\xd3O\xc4I\
\xc7\xfe\x0f\xa6N\x99\x1cx\x17O \xa0\xe4K\xf0\xe0\
\xa33\xf0\xf7\xa7_\xc4@\xbe\x84T*\xc5\xa2\x04e\
\xa2\x0c\xa9&\xb9\xf39z\x0a\x9b \x89\x16\xe4\x84\x9b\
\xa8\x1c}\x15\xd6v\xb3\xbc3\xf5$\xb5b>\xca\x8c\
\x8aeu\xdb\x9e=\xa9\xde.\xeb\x97><\xfd\xb3j\
\xd7\xe2\xd5\x8a\xb7n>\xb3r\xae\xbc7a\xde\xee\x93\
\x9f?#\xfe\xd7B(\xddi\xda\x85\x7f\xaf_\xbf\xbe\
\xbf\x96\xd3\x9f\xb5=\x98~R\x85\xc3\x87ON\x87\xe3\
\x03\xbb\xe7\xed\xc8YYD\x8f\x81\x19\xa3\x9b\x01u\xe2\
\xe9{\x9f/\x86W\xc7s\xf2\xfei\xd5\xb2\x9f\x94\xfe\
\xda\x89\x8c\xf2Y\x1a\xcdK\xcc\xd1/}\x8c#\xde[\
\x04\xbfI\xf6y\xc6\x7f\x83\xb8\xeb\x95\xef{\xeb\xf4\x96\
\xcd\xdd\x14\xae\xb1\x88\x8e\x95\xd9(\xd8\x03>m\xcb\x93\
\x89\xbc\x84CQ\xe4\x0bE\xe4\xfaz\x91jHb\xc7\
\xed\xb6\xc1N;l\x83\xf1\xe3\xc7\xa2\xb1\xbe\x91\xa9\x05\
\x1d\x1d]\xf8r\xf9\x0a|\xbcp1\x16\x7f\xb9\x0a\xc5\
l\x01u\x8d\x8d\xcc\xc6g\x15\x8b\x81\x1b\xdew\xdc\xb2\
\xdfZ\xff\xfd\xe6\xc4\xfb\xf7`\xafJ\xd5\xfe\x92\xc8\xb7\
j\xf1$\xca\xa6\x03\xaf\xbeY\x0c\x05\x9e9W\xcc\x97\
\x7f\xa1\xf2Zo\xce:\xcbTc\xbe{\xd5\xd4TY\
\xb9\x01\xb8\x18b\xdbL\xe7\xcf\xc6\x91\x7f\xd94\x0a\x7f\
-\xe6\x92\xaf\xb7\xb7\x7f\xde[+\xf1;\xe3\x18,\x13\
\x98<9\x1d\xea\x1d\xd8\xa3\x88\xf0\x999\xc4\x8e\xb4\x8c\
X\x83d\xb7\xccI@;\xfch\x17\xb1+?}\xbc\
.\xc3\x9cX>)Z\x89\xf8\xf2Z&\xd3\xcfz\x1a\
D\x9c\xb5\x12\xf9`\xdaTz\xa7g\xb6\x83\xfaTk\
\xfdA\xa5\x1a\x91\xb8\x98\x9a\xec\x980\xfa\x91\x0f\x00\x89\
\xf9\x03\xfd\xfd@v\x00\xb0r<\x1a\x9c\x1c\x08X@\
P\x04F\x22\x81d\xb2\x0e\x14XH\xa9\xcb\xab\xaaE\
\xb5\x8c\x87U\x10P\x8f\xdfZ\x0cb}\xf8x\xa5\xa5\
^c\x00zu:\xd2\xf9`\xd6\xc2v\x0b\x04\xfak\
zKR\x22\x1cL)\x97\x18\x1d\xc9H{J\x10=\
\x7f\xd8\xdd\x0e]\xe8\x96(\xc8g a\x17^6\xcd\
\xd2\xbd\x85Dtn\xc7\xd2\xa5=\x83!~\xd9\xca`\
\x0bk`\xfc\xf8\xf1\x8d\xfdyk\x0f\x0b\xa1\x93\xb2f\
\xe2H\x0b\xb1\x11l8\xcc\xc8O\x18\xff\xc2\x0a\xef\xab\
!\xc8\x94E$&:\xa2\xad\x1d\xa8\x07W\xe9\x91h\
B\x11\x80\xf6\x99\xb29\x0c\xb1\xf8K\x18B\xda\xd1\xac\
s\xae\x05\x95\xb3\xa4\x0fe\x08j@\x99\xe4'\xeaP\
\x1aI\x05\xc3\x93\xb3\x0bd\x0e\x03n#`1e,\
\x83'OI.\x0c\xd9\xec\x1f\xa6\xe7\xabKr\xc7f\
1T\x9e)}\x14T\x8f\xbc\xf3\xe5\x01\x89\xadu\xaa\
\xfc$\x08=koE\xa63\xa4q\xf0\xa2\xe6S\xd9\
\x14\x8663\xce\x9e\xd2\xe4`\xe9\xd5)\x1a\xf2e\xf0\
\x0a\xc5\xa1\x88\x88\x9dm\x8b\xa2\xf0R\x08\xf6\x13\xd9\x8c\
\xf1Vw\xf7\xaa\xae\xc1\x12\xbf\xbb\x07\x83\x1c\x0354\
l\xe2\xc4\x86\xc8@a\x8f\xa2\x19:6oG\x8f.\
\x19\xf1\xd1@X\xecK\xde]\x07\x1dEh6\xea\xfe\
_\xea\xb0Z\xe6\x06\xdd(W\xb1e\xedo\xed\x14\x96\
\xea\xb0K]\xf0\x10S\xd0\xc4\xd62k\xde\x13\xd6\xd1\
\x87\xb5\xefUg\x06W\xbc}p\xfd\xedw8\xc8\xe4\
\x8f\x92\x87\x96\xbd\xe7\x90\xbf\xadmZ\xb5\xf94\xbb\x86\
\xa3\xdc\x93\xb8Ybb\xe7 \xf7\x91\xd3\xbeX\x00\xa1\
\xb4h\xae\xd1N\xe2Q\x97\x88\xab\x8d\xa7\x96\xba]g\
\x8a\xdb$\xe2\xd4YA\xf4\x1f\xecZC^\xd5\xcaq\
\xe9\x0b/\x070\xa8\xf5\xd6\x19\x88\xbb3\x8a'\xf8\xf7\
]\xc8\x0a\x05+b\xe5\x17G\x91\x7f\x06\xb0\xe6\x94r\
\xb1\x05\x94\xddk(\xc4\xaf\xda\x1cba\x0d65m\
]\x1f\x8e\xe5\xf6,\x19\xc6\xe1E\xc4\x8f\xcc#6\x09\
FX\x0d\x83\x19\x81(p\x84\x98\x81]n\x1f`z\
\x8d\xd4q\x86\xd2\x09/\xa7\x97ZD\x05\xe9A\xe9\xd5\
\x9ek\xc82:+\xb3\x0f\xb8\xe78P\xcd\xf8\xba\x8a\
\xd8\x5c\xccH)nH$3\xb3\x5c\xf3\xe8u-u\
tE\x9d\x01p\x01M\x1f\x9f[\xcc\xf4nl'C\
nm\xd7\x5ce\xa2-\xdck!\xebq\xbd\xa3\xf5{\
0\x22\xba\xdbn\xc0'J2\x93\xa1\xe8\xe3\x86\x8fj\
\xe7Z{Q\xf7P\x0c\xbb>\xad\xf9\xcc\xa5\x1b{R\
6\xa5\xf8\x9ca\x19\x86\x95\xeb\x8f\xa1\xf0v\x14\xc5'\
L;\xffN(\x14Z\xb5f\xcd\x9a\x81\xcd\xeb\xc9\xe6\
\x15\xd6\xbfQ\xa3F%Kft'\xdb\xc2\x01E#\
rD\xde\x88\xedf\x81\xf2W\x13\xb0\x18\x8f#rm\
8%\x98\xbaO|\xbe\xff\xf4\x1b\x83\x1a\x8a\x947\xc8\
\x9a/-\xd5\x0chP\xe4\xd0\x1b\xc2\x08e\xeb\x92\xe0\
\xd4\x87\x9biT\xaaT*\xd5[\xeb\x1ds-m\xb8\
\xea\xd4\xe7\x9e\x11\xbcOlE\x95\x22\xe9\xc15W\xec\
\x0bQ\xef\xd7%\x86\xeb\x12\x84\xa8?\xd0\xa88\xc8\xa3\
\xd0\xd0\xea\xd2\xedSz\xfd\xfc\xa6hp5{\xfd\xfd\
\xfd\x99\x8c\x83\xc6\xa4\xb7\xc9\xc7\xc1,\x03\x14\xeae\x87\
\xec\xfc\xaa\xb8Q|!\x5c\x1ax!\x14J,\x5c\xbb\
\xb6a#\xf0!\x013nV\xf9:\xb6\xb2\x98\x95\x13\
C-[\xce\x1bo\x14\x8d=Jv\xe8\xf0\xac\x11;\
\xc8Bt\xb4m\x84\xc440\xea4\xe4@\x9d\xfc\xe5\
\xdeA{\xa6X\x00a\xc8\xd84g>\x9dURw\
\xb1\x83\xb4$\x97\x05d\x08i\xc4\xcfr]\x8d\x80\x82\
\xea\xe7}\xd66A\x80\xb9Jn<\xd7&\x96\x12\x80\
\xbeP\xb2\xdd\x80C\xc8_\x8f\xf6\xb9~s\xec\xad\xea\
a\xd7\x06\xf5n\xde\xaa\xc1+\xde\xb9\x1f\x92DZ[\
\xf1\xc6u\xf8\x9c\x9c\x83-\x86\xa6\x1ay%H\xb66\
_\xd3h\xf4uU3\xe4Ugd\x22_\xd36L\
\xab\x90\x8f \xff~\x14\xa5\xc7#\xc8\xbekY\xc9\xb5\
\x14\xae\xaf\x83zln\x7f\xbe\xaezX\xa7\xc7\x8e\x1d\
\xdbT,b\xaa\x15\x0e\x1f\x98\xb7#\x87\x16\xec\xe8\x0e\
\x96\x11\xadg\x10TL\x0d`\xde\xdc\x82\xedU\xeaT\
uI\xc0+\x9e\xd6J\xf4^\xc0\x87Z\xa3\xd96\xf7\
\xa4\xf1\xd6\xe5k\x15\x17\x15\xebr\x92T\x01d\xdb4\
\x93%!\xdc\x13c\x94\xdf\xb3\x93J\xc5i\xf0\x0a\xe5\
\xdch\xf677\x91\xc8]\x170\x18\x97\x88^e\xae\
|\xd51\xf6w\xb0\xa2\xecWg\xe0ZjR\x98\xde\
\xf5j\xebQ\xa9\xdf\xb6\xf8\xe9b\xbe>\x87\x88\x9f\xef\
\xc4`\xf6\x8d\x9ft\x04\x9f\x0c\xc7\xc2\xd3\xcb0\x8c\x12\
\x9d\xfa\x9b\xc8\xd0\x17F\xf1I\x94\x8cO-\xab\xbf\xad\
\xb5\xb5\xb5\x0f_c\xf9\xba\x85Y\xbe\x06\xbb\xed\x16i\
^\xb5a\xabp8\xb4S1\x14\xde+oG\xf6*\
\x22\xba\xad\x0d\xb3\xd90B&\xb3?s\xe3\x8ar\x1e\
\x08\xdc\x22\xf24\xa9u\xb2k8\x95\x15\xc4V@\x9d\
J\x83\xf6\x88\xde.Q1@,\x0f\xaa7\xb0=}\
3\x88\xbf\xa9n\xe9\x9c$\xc5O\x19=G\x04\x1eb\
D/\xb4{\xbb\x9a\x0dC\xf7\xcf\x90\xf0^\x9a\xe1\xd5\
\xdb\xbfA\x1b\xb5\xfc\xae\xb5\xca\x06_\xb6~\xbe\x84\x1f\
(2\x07\x8d\xb06F_q\xad\xed\xca\xccF\xf5\x8b\
W\xa6\x0d\xa5v\xf6_]*\xe58\xc2\xcc\xd3\xc3.\
\xd8\xa6\x91\xef\x88\xd8\xc5\x8f\xa2F\xf1\x9ff\xc9\x9ak\
\x9a\xa5\x15\xeb\xd6\xad\xeb\xa6\xc8l|\xcd\xe5\xbf\xa0\xcd\
:3CNC\x91\xc8\xc08\xdb\xb4'\x15\xed\xc8\x0e\
\x05#\xb2O\x11\x91=\x81H3\xb74\xf3\x00U\x1a\
>\xb9\x00)\xd7_\x8f\xfe\xe8\x16w\x9d\x07|\x1ds\
\x5c\x012\xfc_I@\x95\x8b\x14\xf2\xdcf\xf5r=\
Y\xf3\xc0\xfc:f\xcb\xbb\xd94\xe6\xc3z\xc5n|\
\xf5\xd4\xd4\x92\x198\xb6\x0f\x1fW\x18\xa7\xbf\x15\xa4,\
9Ru\x9b1D\x99&He\xf2\x1d\xe0f\x96j\
\x92\x9e~\xf3P\xab*ch\xa3v\xd9\x00\x18\x8c\xba\
_\xcf\x9d\xf7k5\x99\x048;\x89)\xa7\x0b\xe5\x12\
(qG\xc4\xce/\x88\xda\xc59\x06\xac\xb7\x0aFi\
I\xa7i\xb6a3\x0d}\x15\xfb\xf5\xdf\xaaXWw\
\x9b\x9a\xb6NG\x22\x85&#b\x8c\xcf[\xe6~\x05\
#zh\x09\x91\xa96\xcc\x06\x05\xef\xa3v\xb0\xe0\xdd\
\xca\x03\xceQ\x09\x04\xa7t1\x00\xb7x\xe9\x90\x89\x12\
\x1c\xe4g\x81\x91}<\x93\x8e\x1b\xef\xad\x86Q\xe9\x7f\
\x8b\xfe\xf2S\xbc\x5c\xefW\x8f\xf9\x5c\x13\xfa\xfb\x19\x08\
\xc6'\xea\xd3%\x00\x88\xdf\xf9g\xd2\x81\xaa\x0a\xe1\x06\
\xe8\xc6\xbad\xa0f\xd9\xf7d\xd6\xf1\x17uj\x0f\xd8\
A\x02c\xd0O\xa0\x90\xe0\xa6\x5c\xd7\xf6\x9f+\xff>\
z>\xd7C\xc65\xbc\x09\xa6:zN}\xf7\xef\x9c\
\xf3\xe9\xeb`\x04\x5c\xdf*\xb1_`W8\xaa\x15\x19\
\xb6e\x1a;9`\xb7\xee#-S2hJ\xd9\xb0\
x\xbf\xc5\x14\x90\xa8\xcf\xee\xf5s\x11;\xbf:b\x14\
\xde\x0a\x11\xf1[\xa1O\xf2\xa9\xc8\xda\x8e\xa5K{\xff\
{\x86\x141\xb4\xfff\xe5\xde\x03i\xe4\xc8\x91\xc9P\
(\xd4T\x08\x85\xb6\xb7J\x91\xfd\xf3F\xe8\x1b\x16\x22\
\xe3-\x84G\x01f\xbd\xd6%!q\xb1\x0c\xbc\xda\x9d\
\x89n\x8a\xf1R!OT\xc1\xc5[\xa7i=\x16 \
\xb8{\x84\x8e\x1f\x0c\x07Vm\x88\x1c\x1eehN\x00\
\x15Oi/\xef\xd2\x1d\x0f\x941\xb0\xec\xdc\xaf]4\
\x95|Wt X}\x91\x0c\xc0\xb1KTLtR\
f\xa0,\xefSM\xb6\x17\x8fK\xaf\xff\x18\xb4zj\
\xb0c\xe8&\x0fK\xbc\x13\x5c\xb7\x18\xb76\xd7\x84?\
(\x0e*\xc1\x00\x04\x98\x8c\x1dxk\xc1n\xc2$3\
\x97/\x1av\xd16\xecBg\xc4\xb4V\x84QX`\
\xc2z\xcf\xb2\xf0A!\x82\x15\xdd\xabWw\x7f]F\
\xbe\xff\xd3\x0c@o\xc7\x99\xa2\xad\xb7\x8e\x8d\x19\x18\x18\
Q\xb0\xedq\xb6\x11\x1bS\xb0#\xdb\x17`~\x0b\x08\
\xedh\xc1\x1c\x01\xd3\x8c\x90\xac\xcd\xb8\xa8\xb3\xcb\xdd\x15\
2S\xa2\x0e\xc1\xe94\xc5=\xf4\x04\xabu\xc3\xbf\xf8\
\x16\xee\x8a)\xd3\x81\xdb\x83\x14]\x83\x09\xaeV\xcby\
9\x03\xd0\xdb\x95'\x17gR\xdc8J\xc6T\xcd=\
T5!\x1d}\x82\x19\x9e\xc3T4\xb1\xd8\xc5>\xf8\
n\x0f\x8aZ\xab\xe5:\xd2\xd5\xa5\xa1i\x15e\xf3\xc2\
\xda\xf68=Unx0\x8c\x06\xfe\xf5j\xa7\xba\x03\
[\xa1\xa3[I\x09L\xd5\xa2A\xd5KqDH\xa9\
6\x89\xf8&L\xbbP0\x8d\xe2\xc6\x90]\x9c\x1f5\
K\xef\xc2.,4\xac\xc8\xb2B!\xbeF\xf8\xf1W\
\x18\xcd\xff\xbd\x0c \xa8\x98c\xc7\x8e\x8dE\x0b\xd1t\
&\x92\xdf\xaaP\x8a\xecX2B\xd3,\x84v\xb2\x10\
\xd9\xca60\xdcF(\xc1\x04J).\xaa\xd4\xc5\x02\
u\x87+\xcc\xe2\x10\x93\x19\xef\xc4I\xa51\x80rx\
\xe7A\x12\xb3W\xe6\x90\x1b\x8bDq\xa9\xb7K\x1dT\
0\xfeA1\x00\xd1\x80\x12^X?\x9d\xd8[\xbe\xf9\
%q*\x19\x89\xb7(\xfaQ\xcbn\xf1\x12\xa7.\xaa\
\xb2n\x0c\xc2\x0f\xa3Vo;\x15\x96\xabT\xba\xa1\xe1\
\x08\x06\xb7'\x02\xcc\x14\x98\x8c\x04Zq\xa4\x1be\x19\
\xd2oE\x8c`\x06\xaf\x0c\x7f$\xbe\x1b\xa6\xb8]\xe1\
\xf3#\xf8\x90\xf0_g\x0cY\x13\x13 ,Z\xec\x90\
\xb2a\x15s\xa6Q\xea1Ql\x0f\xd9\xd6\x86\x10\xac\
\xcf\x0d\xa34\xcf(\xda\x1f\xa6\x0a\xd1\xd5\xcb;w\xeb\
\x03\x9e\x94\x90]>z\xd6\xff\xbb\x0c\xa0\x8c\xda\xa6L\
A\xb4\xb3sT}\xc94G\x17\x11\xda\xd6\xb6\xc2\x13\
KFx\xb4\x0ds\x84\x0d\x0c\xb3a6\xd90\x9al\
\x98\x8d\x86\x81:\xc0\x88\xd9\x06BnX$7\xa2\x90\
c\xb1\x13a\xa9~\x22\xae\xb65\x83\xe6\xbel\xabH\
\xe2\xf1Z\x04}%q?\xc3\x81\xdb0E\xc8\xbb~\
\x08a\x92\xb0\xd9^%m\x88 \xbf=\xd5I\xb9@\
\x89\xe7\xbe\xdf\xf3\xdf\x84\xd5C6\xecr\xbf\xe6.\xaf\
\xb5\xed=\xd5'\xdd\xfc\xa2\xab*\x9a\xce]\xae\xc2\x0c\
\xc2,X\xf5\x1c\xacVSu\x9a\xb2\xf5\x1a\x14\xdc\x99\
{.\x94\x04\xa0\xe9\xf5\xd2i\xcd`\x00\x89\xc8\x03v\
\x9fa\xdb\x9d\x86m\xb5\x19F\xa9\xd54J\xada\xd8\
_\x85`\xad4K\x85U\xa1\x90\xbd>\x9b\xcd\xae\xef\
\xe8\xe8\xe8\x19t'\xff\x1f\x95\x00*\x0e~\xb7\xdd\x10\
Y\xbdzD,e\x18u}\xb1X\xaa\x98\xb3\x93f\
$\xd6\x9c\xb7\xcd\xf1\xa6mom\x1b\xc6x\xcb0F\
\xc0\x06E#\xa6`\x18I\xc0\x8c[(\xc5\x0c\xdb\x88\
P*;\x83]70\x5c\x5c\x0e\x96.,>\x9a6\
-\xc4k\xadp\xe3\x03\x91\x9a\xdc\xe6\xac\x9f\x02}\x97\
\x1f\xd2J\x9d\xd3s\x9b\xb9}\xc5\xe4\xe5\x8e\xcc\x7f&\
Q|\xd9\xfb\xcc\x90\xe7\xb0\x1d\xc7x\xa8\xe7;\x11\xee\
S\x92oI\xd4.\xe7\xf4\xf7\x02\x8e\xf9\xa4K\xe2\xe2\
\x01I\x09\x0e\xee\x81\x00\xae\xe3\x15;\xae\xee\x0cLZ\
\xa5\xa3v\xb8\xaa\xd78&\x0c\xb4\x1a\x00\xac\xaa\xc3{\
\xc1\xc8X\xa4\xba\xc9\xe1}e.\xcc\x16\xebQ\xf9u\
\xa46wj\xb4\x02$C\xcc\xa2\xa6\xea\xc8'd\x00\
4\x9f*f\x7f\x14\x9f\xe9WK^U\x11| r\
\xc2D\x82r\x9bnX\x15K\xe57\xaf\x22\x86\x85\xcd\
?\xc5\xbb\x96\xf26\xec~\xc3F\x1f`w\x99\xb0\xd6\
\x18\xb0\xbf4l|\x19\xb2\xad\xb5\xa6et\x16B\xd9\
\xaet\xa4\xbf7\x1a\x1d\xd1\xbft\xe9R\x99\x92\xc9\x7f\
\xa8\xff\x07\xcb\xff\x07\xd79z)\x97\xb1\xf2\xe3\x00\x00\
\x00\x00IEND\xaeB`\x82\
\x00\x00\x0b2\
\x89\
PNG\x0d\x0a\x1a\x0a\x00\x00\x00\x0dIHDR\x00\
\x00\x00\x80\x00\x00\x00\x80\x08\x06\x00\x00\x00\xc3>a\xcb\
\x00\x00\x00\x09pHYs\x00\x00\x0e\xc4\x00\x00\x0e\xc4\
\x01\x95+\x0e\x1b\x00\x00\x0a\xe4IDATx\x9c\xed\
\x9d{p\x13\xc7\x1d\xc7\xbf+\xc9\x12\x92}\x86\x80e\
lS\x93\x90\xf0\xb0]:\xb8\x10\x87$\x86\xcc\x90W\
\x07\x9a\x98\x86\xc9\x90\x94\xd0a:t\x86\xd2\xb1\x0bm\
q\x0d\x85\x8e\xd04<\x5c\xe8\x04\x06\x17\x86\xce0\xd3\
)$4LC\xc0M0\x04\x18\x02\x84\xf2\x08\x90`\
\xc0\xc6<\x0d\xe6\x11\xb0\xec`\xce\x96lI\xd6\xf6\x0f\
cY\xb6eI\xd6\xe3\xf6N\xb7\x9f\xbf\xa4\xbb\xbd\xdd\
\xaf\xee\xf7\x9d\xdd\xbd\xbd\xdd\x15\xc0\xe1p\xd4\x0b\x89Y\
\xce\x16\x8b.\xd9l\x98@\xa9f2\x08\xb2\x012\x86\
\x82f\x12@\x00\x90\x04 !fe+\x13\x17\x80f\
\x0a\x88\x04\xa4\x0e\xa05\xa0\xa8&\xc4s\xf4Q}\xdb\
\x19X\xad\xeeX\x14\x1a]\x03X,z!\xc54\x0d\
\x84\xbe\x07\xe0u\x00\xc9Q\xcd_\xbd<\x02\xf0\x05(\
\xf9P\xb4\xd9\xf7\xc0juF+\xe3\xa8\x18@\xd8\xbc\
6\x85\xb8]\x0b)%\xf3\x01\x0c\x8eF\x9e\x9c>i\
$\x84n\xa2\xba\x84u\xe2\xbcE\xb6H3\x8b\xc8\x00\
\xe6\xbf[\x92Z=\xc6\xa5\x94\xe0\xb7\x040E*\x86\
\x13:\x14\xb0\x13\xd0\xf5&\x87n\xc5\xfd\xe2\xe2\x96p\
\xf3\x09\xdb\x00\xc2\x86\xd2\x02BPFA3\xc3\xcd\x83\
\x139\x04\xa4\x8eR\x14\x8aE%\xe5\xe1]\xdf_,\
\x16\x8d\x90b\x5c\x01\x82\xc5\xe1\x14\xc8\x89\x15t\x95X\
\xdf\xba\x0cV\xab\xa7?W\xf5\xcb\x00)[J\x856\
\x87g\x1b@\x0a\xfa'\x8e#\x11\xbb\x0dF\xf2\x0b\xdb\
\xdc\x121\xd4\x0bB6\xc0\xc0\x0dkFx\xe0)\x07\
\xa1c\xc3\xd3\xc6\x91\x04J.h\xa0)h**\xbe\
\x11J\xf2\x90\x0c0p\xc3\x9a\x11\x1e\xd2~\x02@j\
D\xe28R\xf1@\xab\xa5\x13\x1f\xce_R\x1b,\xa1\
&X\x82\x94-\xa5\x82\x07\x9er\xf0\xe0+\x89\xd4\xf6\
vR\x9e\xb2\xa5T\x08\x96P\x1b\xf0\xac\xc5\xa2\xd1\xea\
\xb5;@09j\xd28R1\xb4\xdd\x8d\x1cg^\
\xfe\x0e\x1c>L\xfbJ\x14\xb0\x06\x10\xcc\x03\xde\xe7\x1d\
>E3]0\x1b\xff\x12(A\x9f}\x00\xa1l\xf5\
t\x00\xbb\xa2.\x89#=\x94L\xefk\x9c\xc0\xaf\x01\
\x86\xaeY\x93\xe80z\xaa\xf9 O|@@\xea\x8c\
\x0eM\xb6\xbf\x11C\xbfM\x80\xdd\xe8^\xca\x83\x1f?\
P\xd0L\xbb\xd1\xbd\xd4\xdf\xb9^5\x80\xb0ym\x0a\
u\xb9o\xf2\xb1\xfd\xf8\x82\x02v\x92\xa0{\xb2\xe7\x0b\
\xa4^5\x00q\xbb\x16\xf2\xe0\xc7\x1f\x040\x11\x97{\
\x81\x9f\xe3>X,z\xc1l\xbc\x07\xfeJ7^i\
\x14\xeb\x1d\xe9\xbe\xf3\x09\xba\xd5\x00B\x8ai\x1ax\xf0\
\xe3\x99\xc1\x82\xd98\xd5\xf7@\xf7&\xa0c&\x0f'\
\xbe\x99\xed\xfb\xa5\xcb\x00\x16\x8b\x0e\x1d\xd3\xb88\xf1\xcd\
k\x8fc\x0d\xc0\xc7\x00\xc9f\xc3\x04\xf09|j`\
`\xf2\x10\xd3\xf8\xce/^\x03P\xaa\xe1\xe3\xfd*\x81\
\x12\xfaR\xe7\xe7\xae&\x80 \x9b\x89\x1a\x8e\xf4h\x90\
\xd5\xf5\xd1\x0b\x19\xc3B\x0b\x87\x01\x14\xdeXw5\x01\
|\xe8WEt\xc5\xda\xdb\x1b|\xbcbG6\x10\x00\
\x93\x86\x0dG\xc1\xd3\xa3\xf1BF&2\x12\x93\x90\xac\
7\xa0\xa1\xd5\x81[b\x13\x0e\xdc\xbc\x8eO\xaf\xd5\xe0\
\xf2\xf7\x0d\xac\xa5*\x10\xe2\x8d\xb5\xce\xe7h\x12\x03%\
~\xc9\xcf\xc8\xc4\x8a\xfc)\x18\x9f\x9a\xde\xeb\x5czb\
\x12\xd2\x13\x9301m\x18\xfe4q2>\xb9R\x85\
\xe5\xc7\x8f\xe0\x96\xd8\xc4@\xa9b\xf1\x1a\xc0w H\
\x16k\xf5\xfe\xf8\xec\x8b\xd8\xf3\xd6,\xbf\xc1\xef\x09\x01\
\xf0\xf6\xa8\x1c\x1c{\xe7\x97xu\xf8\xd3\xb1\x17\x17?\
xc\x1dtN\xa0\x94\x94Nz\x05\xcb&N\xee\xf7\
b\x85\x81\x06\x03\xfe\xf3\xc6\xdb\x98\x9d\xfd\xa3\x98\xe8\x8a\
gt\xc1\x93H\xc3\x9c\x9cq\x98?\xee\xd9\xb0\xaf\xd7\
\x10\x82\xb2)S\xe1\xa1\x14\x1f]\xba\x80\x8cD\x01\x13\
\x86\xa6#\xcd\x94\x08cB\x02l\x0e;\xae7=\xc4\
\xe9\xfbw\xe1\xf6\xf4k\xedD\x5c#\x0b\x03\x0c\x19`\
\xc4\xca\xfc)\x11\xe7\xa3!\x04\x1b_\x9e\x86\x85?\x9e\
\x88\xac\xc1)~\xd34\xbb\x9c(\xbfv\x19\x1f\x9c=\
\x81\x1a\xde\x81\x94G\x13\xf0\x87\x09/@\xd0\x1b\xa2\x92\
\x97\x86\x90>\x83\x0f\x00I\x09z\xcc\xca\x1a\x8bS\xb3\
~\x85\x95\xf9/C\xaf\xd5bX\x92\x80q\xe6\xa1\xd0\
k\x03O\x92\x8eG\x98\xd7\x00\x1aB0st\x8e\xe4\
\xe5\x12\x00\x85\xb9y\x989:\x07\xa9\xa6D\x00\xc0\xc3\
\xb6V\x14\x1d\xda\x8b\xdd\xd7j$\xd7\xc3\x0a\xe65\xc0\
\xf8\xd4to\x00X\xe0[\xf6 \xc3\x00ly\xedM\
d\x07\xa8A\xe2\x0d\xe6\x06\x189\xe8\x89\xa0i\x9a]\
NL/\xff\x18\x19\xff\xf8\x00\x8b\xbf:\x08\x0f\xeds\
\x9dC\xc4\xe8\xb5Z\xcc\x18\xa5\x9e\xd7\x22\xcc\x0d\x90\x96\
\x18|\xfc\xe9\xa3K\x17p\xa8\xae\x16\xcd.'6\x9e\
;\x8d\xf9\x07\xf7\xc4\xd4\x04\x89:Y\x0c\x89H\x02s\
\x03\x18C\xb8\xd9\x0d\xad\x8en\xdf\xb7\xd7\x5c\xc0\xd2c\
\x87b%\x09\x07\xebBZX\x1b\x1707@\xb8$\
hc#\xfd_U\x958x\x8b\x1b@\xf6L\xf9\xc1\
SQ\xcfs\xc7\xe5*,\xf8ro\xd4\xf3\x953\x8a\
5\xc0\x88\x81\x83\xa2\x9a\xdf\x8e\xcbU\x98w\xe03\xb4\
\xc7\xb0o!G\x14k\x80Tc\xf4\x1e\x1d\xd5\x1a|\
@\xc1\x06p\xb4Gg\xe3L5\x07\x1fP\xb0\x01\xbe\
ki\x8e8\x0f\xb5\x07\x1fP\xb0\x01\xbe\xbe\x7f7\xa2\
\xeby\xf0;P\xac\x01\xf6\xdf\xbc\x1e\xf6\xb5<\xf8]\
(\xd6\x00\x15\xb5WQ'>\xea\xf7u<\xf8\xddQ\
\xac\x01\xdc\x1e\x0fV\x7f}\xac_\xd7\xf0\xe0\xf7F\xb1\
\x06\x00\x80\xad\xd5\x95\xf8\xec\xfa\x95\x90\xd2\xf2\xe0\xfbG\
\xd1\x06\x00\x80\xe3\xf7n\x07M\xc3\x83\xdf7\x8a7\xc0\
\xf3\xe9\xc3\x02\x9e\xe7\xc1\x0f\x8c\xe2\x0d\xd0\xd8\xe3M\xa1\
/<\xf8\xc1Q\xbc\x01\xfeYu\xce\xef,_\x1e\xfc\
\xd0P\xbc\x01\xce\xdc\xbf\x87\xf7*>\xc5\xed\xe6\x8eG\
B\xbb\xcb\x85\xf7O\x1e\xe5\xc1\x0f\x11\xe6\x93B\xa3A\
E\xedUT\xd4^\xc5\xe0\x01F<lk\x8d\xe9l\
\xa1x#.\x0c\xd0I\xa0\xfe\x00\xc7?\x8ao\x028\
\x91\xc1\x0d\xa0r\xb8\x01T\x0e7\x80\xca\xe1\x06P9\
\xdc\x00*\x87\xc9c\xa0N\xa3Aan\x1ef\x8c\xcc\
B\xce`s\xd0\xf4K\xf2\xf2\xb1$/_\x02e\xd2\
\xe2loGUc=v^\xbd\x84\x0d\xdf\x9cb2\
p%\xb9\x01t\x1a\x0d\xfe;\xfd]\xe4g\xf0M\xc9\
\xf4Z-r\xcdi\xc85\xa7\xe1'O>\x837v\
m\x97\xdc\x04\x927\x01\x85\xb9y<\xf8~\xc8\xcf\xc8\
Da\xees\x92\x97+\xb9\x01f\x8c\xcc\x0a\x9eH\xa5\
\xb0\xb87\x92\x1b`\xd4 \xfew\x04}1\xea\x09\xe9\
\xef\x8d\xe4\x06\xb8\xf2\xb0Q\xea\x22\x15\xc3\x95\xef\xa5\xbf\
7\x92\x1b`\xe7\xd5KR\x17\xa9\x18X\xdc\x1b\xc9\x0d\
\xb0\xe1\x9bS8v\xb7N\xeabe\xcf\xb1\xbbu(\
\xfb\xf6\x94\xe4\xe5J\xfe\x18\xd8N)\xde\xdc\xfdo\x14\
\xe6\xe6\xe1\xadg\xb2\xf0\xc3!fU\xee\xce\x05t\x8c\
\x03\x5cl\xe8\x18\x07(\xfbV%\xe3\x00@\xc7\x9c\xfe\
ugOb\xdd\xd9\x93X\xf2\xdc\xa4\xb8\x1c\xe4\x09\x85\
\xbf\x9d=\x81U\xa7\xbeb\xaa\x81\x0f\x05\xab\x1cn\x00\
\x95\xc3\x0d\xa0r\xb8\x01T\x0e7\x80\xcaao\x005\
O\xe1\x96\xc1ogn\x80\x9e\x9b@\xaa\x099\xfcv\
\xe6\x06\xb8\xdb\x22\xb2\x96\xc0\x8c;\xcd\xec\x7f;s\x03\
\x84\xb3\xcbG\xbc\xd0\xb9\x9c\x8d%\xcc\x0dp\xde\xf6\x00\
\xf7\xa2\xb0\xe3\x97\xd2\xb8\xd7\xd2\x8c\xf3\xb6\x07\xace\xb0\
7\x80\x87R\x94\xab\xe8\x0f\x1a:)\xbfV#\x8b5\
\x8c\xcc\x0d\x00tl\xf5\xc2\xfeVH\x87\x87Rl\xad\
\xaed-\x03\x80L\x0cPi{\x80\xadU\xf2\xb8!\
R\xb0\xb5\xba\x12\x952\xa8\xfe\x01\x99\x18\x00\x00\x96\x9f\
8\xac\x8a\xd5\xbd\x8d\xad\x0e,?~\x98\xb5\x0c/\xb2\
1\x80\xcda\xc7\xbb{v\xc2\xe1\x8e\xce\x1e\xc0r\xc4\
\xe1v\xe3\x9d\xcf?\x91\xc5\xf3\x7f'\xb21\x00\x00\x9c\
\xb8w\x1bs\xf6\xedb-#f\xcc\xd9\xb7\x0b'\xbf\
\xbb\xc3ZF7de\x00\x00\xd8[{\x8d\xb5\x84\x98\
!\xc7\xdf&;\x03p\xa4\x85\x1b@\xe5(v\x8f\xa0\
\x9f\xee\xda\xceZB7>\xff\xd9\xcfYK\x08\x0b\xc5\
\x1a\xe0\xe8\x9d[\xac%\xc4\x05\xb2l\x02\x9c\xed\xed\x11\
\x9dg\x81\x125\x0325@Uc}\xc0\xf3\x17\x1b\
\x02\x9fg\x81\x125\x0325@\xb0%Rr\x5c^\
\xa6D\xcd@w\x03\xb8\x98\xa9\xe8A\xa0\xe5c\xac\x96\
P\x05Ca\x9a\xbd\xb1\xf6\xae\xc92L{\xf5w\x00\
\x8cL\xe4\xf4\x80\x02\xf8\xf8\xf2E\xb4\xb8]\x18d\x18\
\x00A\xaf\xc7\xc5\x86zl<w\x1a\x0b\xbf\xdc'\xcb\
=\x80\x15\xa6\xb9\xc9\xb9\xe7\xc0_\x01\x80t\x1eI*\
[}\x93\x00\xc3\xd9i\xe2H\x07\xbd)\x16.y\x0a\
\xf0i\x02\x08\x08_\xb2\xab\x1a\xbab\xed\xd3\x07\xa0\xea\
\x9b\x96\xa3V\x08\xbc\xb1\xee2\x00E5\x131\x1c\xe9\
\xf1\xc0\xfbH\xd2\xd5\x04\x10\xcfQ6j8RC(\
9\xd2\xf9\xd9k\x80G\xf5mg\x00\xb0\x9f\xa7\xcc\x89\
5M\x8f\xd2F\x9c\xe9\xfc\xd2\xd5\x04X\xadn\x00_\
\xb0P\xc4\x91\x94\xfd\x989\xd3;.\xdd}$\x90\x92\
\x0f%\x97\xc3\x91\x9am\xbe_\xba\x19@\xb4\xd9\xf7\x00\
\xe0\xfb\xb8\xc5/\x0db\xbd\xa3\xc2\xf7@\xf7\x1a\xc0j\
u\x12B7I*\x89#\x19\x04\xd8\x04\xab\xd5\xe9{\
\xac\xd7\xcb \xaaKXG\x01\xbbt\xb28R@\x01\
;M\xd0\xad\xefy\xbc\x97\x01\xc4y\x8bl\x04\xb4W\
B\x8e\xb2!\xa0\xeb\xc5y\x8bl=\x8f\xfb}\x1dl\
r\xe8V\xf0\xa1\xe1\xf8\x81\x02\xb7L\x0e\xdd\x0a\x7f\xe7\
\xfc\x1a\xe0~qq\x0b\xa5(\x8c\xad,\x8eT\x10J\
\x8a\xee\x17\x17\xb7\xf8;\xd7\xe7\x16\x9d\xce\x8a\x035\x86\
i\xaf\x18\x0029v\xd28\x12\xb0R,Z\xdcg\
\xc7>\xe0\x8c \xb1\xbeu\x19@\xcb\xa3\xaf\x89#\x11\
\xbb\xc5z\xc7\x9f\x03% \x81N\x02@\xca\x96R\xa1\
\xcd\x8e\xff\x81\xd0\xb1\xd1\xd3\xc5\x91\x80\xf3\x06#\xc9\xb7\
\xcd-\x09\xb8\x0fM\xd09\x81\xb6\xb9%\xa2\x06\x9a\x02\
\x00\xf2X\xcf\xcc\x09\x85\x07Z--\x08\x16| \xc4\
I\xa1ME\xc574T\xfb<(\xb9\x10\xb96N\
\x8c9\xaf\xd5\xd2\x89\x0f\xe7/\xa9\x0d%q\xc8\xb3\x82\
\x9b\x8a\x8ao\x18Lx\x91\xf7\x09d\xcdn\x83\x91\xe4\
\x87\x1a| \xc0S\x80?\xec\xe5\x07\x9c\xce\xbcI;\
\x0c\x89:=\x7f:\x90\x1d+\xc5z\xc7\xaf\xed\xbf_\
\xd6\xd6\x9f\x8b\x82v\x02\xfbB\xd8PZ@\x08\xca(\
(\xff\x0f8\x86\x10\x90:JQ(\x16\x95\x84U3\
\x87\xbd0D,*)7:4\xd9\x00]\xc5\xdf\x1d\
HO\xc7=\xa7\xab\x8c\x0eMv\xb8\xc1\x07\x22\xa8\x01\
|\x116\xafM!.\xf7\x02\x0a\xfc\x06\x00\xff_\xb8\
\xd8\xd2H\x80\x8d4A\xe7wl\xbf\xbfD\xc5\x00^\
,\x16\xbd`6N\x050\x1b\xc0\xeb\x00\x92\xa3\x9a\xbf\
zi\x02\xb0\x1f\xc06\xb1\xdeQ\xd1\xf3\x95n$D\
\xd7\x00\xbeX,\xba\xe4!\xa6\xf1\x94\xd0\x97\xa0A\x16\
(\xc6\x004\x13 \x02\x00\x01@B\xcc\xcaV&.\
\x00\x22@E\x80\xd4\x81\xa0\x06\x1e\x5c\x22\x94\x1cy\xd4\
`?\xfbx\xca\x1e\x87\xc3\xe1D\x91\xff\x03o\xd9\xcc\
\x1e\x96\xc9]\x90\x00\x00\x00\x00IEND\xaeB`\
\x82\
\x00\x00\x0a\xb8\
\x89\
PNG\x0d\x0a\x1a\x0a\x00\x00\x00\x0dIHDR\x00\
\x00\x00\x80\x00\x00\x00\x80\x08\x06\x00\x00\x00\xc3>a\xcb\
\x00\x00\x00\x09pHYs\x00\x00\x0e\xc4\x00\x00\x0e\xc4\
\x01\x95+\x0e\x1b\x00\x00\x0ajIDATx\x9c\xed\
\x9d{l\x14\xd7\x15\xc6\xbf3\xbb\xde\xf5\xdb\x98\xb5\xc1\
`\x9c@\xea\x07X\x01*\x02%\x85&u\x22A\x85\
\x15\x81\xfa M\x0aT\x04h\xda&$Tj+\x91\
\x02r\xac\xf0\xa8\xd4\x87B\x95\x96\x06\x01!\x01\x14\x90\
\xab*\xa0\xc8\x08\xcc\x1f4\xa4\x09\x81@\x15\x88\xc0\x06\
\xab\x10lS\xc0^\x83\xd7\x8f}\xcf\xe9\x1fk;\xeb\
\xc7\xaew\xc7\xbb\xf3\xf0\xdc\x9fdivv\xe6\xce\xa7\
{>\xdf;\xf7\xde3;\x80@ 0/\x94\xac\x82\
+\xaa\xd8\xdar\xcb\xf9\x18$~\x02\xa0\x19\x0c.#\
\xa0\x88\x80,\x062\x01\xa4$\xeb\xda\x06\xc5O@\x17\
\x03\x9d\x0c4\x11\xa8\x01\xe0\xab\x90\xe9L\xe1C\x8e\x0b\
\xa7\xab)\x90\x8c\x8b&\xd4\x00\xe5\xcb\xd9\x16\xc8vV\
2c\x05\x88\x17\x03\xc8Nd\xf9&\xc6\x05\xa6\x93D\
8du9j\xaf\xd4\x90/Q\x05'\xc4\x00\xa5/\
\xb6\xe4q\xd0\xfe+\x80\x7f\x09`|\x22\xca\x14D\xa4\
\x1d\xa0]d\xf1\xbeymwa\xdbh\x0b\x1b\x95\x01\
\xca_\xba\x97\x19\xf0`\x13\x13\xbd\x0a }\xb4b\x04\
q\xd1\xc3\xe0\x9d\xe9>y\xdb\xa5\x03\x05\xddJ\x0bQ\
l\x80\xe25\xadK\x89\xf0\x16\x80\x22\xa5e\x08\x12B\
\x133\xd67\xee\xcb?\xa6\xe4\xe4\xf8\x0dP\xc5Ri\
S\xeb6&\xda\xa8\xe4\x82\x82\xe4\xc0\xe0\x1d\x8dS\xf2\
7\xa3\x9a\xe4x\xce\x8b\xcb\x00ekZ\xb3d\xc2A\
\x00K\xe3R'P\x05\x02\x8e\x12cU\xc3\xbe\xfc\xce\
8\xce\x89\x8d\xb2uw\xa6\xc9,\x1d\x03\xe8Qe\xf2\
\x04\xea\xc0_J$/m\xd8Sp#\x96\xa3c2\
@\xd9\xba;\xd3d\xd9r\x16\x84\x09\xa3\x13'P\x05\
\xc6=\x8b\x1c\x98_\xbf\x7f\xd2\xcd\x91\x0e\x1d\xd1\x00\xa1\
f\x9f?\x11\xff\xf9\xc6\x82\x89.[d^8Rw\
 E-\xa5\x8a\xa5P\x9f/\x82o4\x88y&\x13\
\x0e\xa0\x8a\xa3\xc68\xea\x97\xc5\xcd\xad[!n\xf8\x0c\
\x0b\x03\xcb\x8a[\x9coD;&b\x17P\xbc\xaem\
\x191\x7f\x90xY\x02\xb5a\xc6\xb2H\xf3\x04\xc3\x1a\
`\xd6\xaa;\x19n\x9b\xe5*\xc4$\xcfX\xa1)\xcd\
\x17\x9c1\xdc\x8c\xe1\xb0]@\x8fM\xda\x04\x11\xfc\xb1\
DQoL\x870\xa4\x05\x08-\xec\xd8\xbe\x82\x98\xdb\
\x1fk\xf4\x90\xc5\xf7\xf0\xe0\x05\xa4!-@hUO\
\x04\x7f\x0c\x92\xceA\xfb\x86\xc1;\x07\xb4\x00\xe5\xcb\xd9\
\xe6\xcfn\xfb\x1f\xc4\x92\xeeX\xa5=\xc5\x957)<\
\x9f`@\x0b\x10\xc8vVB\x04\x7f,3\xde\x97\xe3\
\x5c\x12\xbec\x80\x01\x98\xb1B]=\x02\xb5!\x19+\
\xc3?\xf7\x1b\xa0\xa2\x8a\xad\xbdi\x5c\x82\xb1\x0c\xf1\xa2\
\x8a*\xb6\xf6}\xec\xdf\x08%p\x8e\x8d\x1c\xbe\xa2|\
\x0bfN\xb5\xc2\x91-!;\x8d E\x9f\xf0\x8e\x88\
,\x03.7\xc3\xe9\x92q\xf9f\x00M\xad\xc1\xc4\x0a\
\xd5\x86\x9c\xdb\xcd\xce9\x00\xce\x01a\x06\x08e\xef\x1a\
\x97\x89\xb9\x12\x9e\xfbn*\xbe\xbf \x15\x93\xc7+\x8c\
\xf8\x08\xb48e|\xf0\xa9\x07\x87\xff\xe5\xc1\xdd\xfbq\
\xe5]\xe8\x0a\x06?\x89!\x06\x00\xcd\x00X#I\xca\
\x91\x08X\xbd(\x0d\x1b\x96\xa5#\xcd\x9e\xb4,w\x00\
@\xa1C\xc2\xcb\xcf\xa4c\xcd\xa24\xec<\xda\x83w\
\xea\xdc`\xe3U\x19\x880\xbdo\xbb\xdf\x00\xbdy\xfb\
\x86\x22\xc5\x0a\xfcam\x16*\xe7\xd9U\xbdn\x9a\x9d\
\xb0\xf1\xd9\x0c\xcc\x9af\xc5o\xf7v\xc2\x9f\x94\x8c\xfd\
\xe4\xc1\x8c\xb2\xbe\xed\xfe\xb6\x92\x0c8\xf5\xbb\xe9\xb9L\
\xd5\x83\x1fN\xe5<;~\xf7\xe3L\xcd\xae\xaf\x94\xf0\
X\x87\x1b K\x1b9\xca\x98[\x92\x82\x9fT\xa4j\
-\x03+\x9eJ\xc5c%\xc6z\xc8\x89\xc3b-\x85\
\xed4\x94\x95W>\xad}\xf0\xfbX\xa5#-1\xd2\
o\x80\xb0\x9b@c=\xab\xf7\xcdo\x8c,\xb7\xf6\xbc\
\x17\xff\xfc\xc4\x0b\xafO\xd9\x9d\x9a\xddF\xf8\xe1B;\
\x96\xcc\x8d\xde\xcd\xcc~\xc4PU\x07\x84\xc5\xda\x1a\xed\
(=S\x90;\xf2Po\xe3;]\xf0(\x0c~\x1f\
\xe7\x1a\xfc#\x1a`R\x92\x86\x9dj`X\xe5R\x0c\
C\x96\xd1\x06?\xd62b\xd1\xa2W\x0ck\x00Ab\
\x10\x0609\xc2\x00&G\x18\xc0\xe4\x08\x03\x98\x1ca\
\x00\x93#\x0c`r\x84\x01L\x8e\xeef\x02s2\x08\
\xb3\xa7\xa5`b\xae\x84q\x19\x84T\x9b\xf2Y\x96W\
\x96\xaa\x97\xdd\x1e\xe9Z\x1e\x1f\xe3A7\xe3\xee}\x19\
_\xdc\xf0\xa3\xa3[_\x09\x04\xfd\xb5[\xb2\xb6U3\
e\xb9\x99\x12~\xf4\x1d;\x96};\x15%\x93- \
\x03\xcf\xacE\x83\x19\xb8~;\x88\xa3\x9fz\xf0\x8f\x8f\
\xbd\xb8\xdf\xa5]V\xd1\xf5\xbd\xf9\x04hl\x00\xab\x05\
X\xfb\xbd4\xbc\xfcL\xfa\xa8\xfe\xd3\x8d\x88\xc7\xc7\xf8\
\xeb\x87=\xd8{\xc2\x8d\x80\x06\xa9\x86}\x06\xd0\xac\x0b\
pdI\xd8\xbd!\x1b3\xa7\xea\xae\x17R\x85T\x1b\
\xe1\xd7?\xc8\xc0\xe29v\xfcl\xa7\x0b\xed\x9d\xda\xb4\
\x06\x9a\xdc\x04\xe6fJ8\xfcZ\x8ei\x83\x1f\xce\xcc\
\xa9V\x1c\xde\x98\x83\xdcLm\xee\xc75\xb9\xea\xef\xd7\
d\xe2\xe1\x09\x16-.\xadK\xa6N\xb4`\xc7\x0b\xda\
\xe4\xe3\xa8n\x80\x05\xe5)xj\x96M\xed\xcb\xea\x9e\
\xa7g\xdb\xb0\xa0\x5c\xfd\xc4\x12\xd5\x0d\xf0\xec\x13\x86K\
\x9fR\x0d-\xeaFu\x03\x88~?2\x8fjP7\
\xaa\x1b`\xb2C\xf4\xfd\x91(\xd4\xa0nT7\x80E\
L>GD\x8b\xba\x11\xe109\xc2\x00&G\x18\xc0\
\xe4\x08\x03\x98\x1ca\x00\x93c\xe8AyP\x06\x8e\x7f\
\xee\xc5g\xf5~4\xb5\x05\x11TiU\xcdb\x01\x8a\
\xf2,\x98?=\x05K\xe6\xda\x0d=\xb21\xac\x01\x1e\
t1V\xfd\xb1\x03\x0d\xcdZ=\x9c\xef\xc7\x91\x8f<\
x\xbb\xd6\x8d\x03\xbf\xc9\xc1\xb8Lc.g\x1b\xd6\xbb\
\xaf\x1f\xea\xd20\xf8_\xd3\xd0\x1c\xc0\xeb\x87\xba\xb4\x96\
\xa1\x18\xc3\x1a\xe0\xdfW\x12\xf6\xee\xc4Q\xa3'-\xf1\
bX\x03\x94L\xd6O\xefUZ\xa8\x1f-\xf1bX\
\x03l~>\x03\xe9I\xfeQ\xa8X\xc8H%l~\
>Ck\x19\x8a1\xacu\xcb\x1f\xb2\xe2\xc3\xeaqx\
\xbb\xd6\x8ds\xd7\xfchj\x0d\xaa\x96[g\xb5\x84~\
\x8b\xf0[\xa5)\xf8ye\x1a\xa6\xe4\x19w\x81\xcb\xb0\
\x06\x00\x80)y\x16\xbc\xf1SC\xfd\xb2\x8d\xee0l\
\x17 H\x0c\xc2\x00&G\x18\xc0\xe4\x08\x03\x98\x1ca\
\x00\x93#\x0c`r\x84\x01L\x8e0\x80\xc9\x11\x060\
9\xc2\x00&\xc7\xd0S\xc1\x22#h\xf4\x18\xd6\x00\x22\
#(1\x18\xd6\xbb\x22#(1\x18\xd6\x00z\xca\xc2\
\xd1\x93\x96x1\xac\x01DFPb0\xac\x01DF\
Pb0\xacuEFPb0\xac\x01\x00\x91\x11\x94\
\x08\x0c\xdb\x05\x08\x12\x830\x80\xc9\x11\x0609\xc2\x00\
&G\x18\xc0\xe4\x08\x03\x98\x1ca\x00\x93#\x0c`r\
T7@G\x8f\xbe\xde\x98\xa1'\xb4\xa8\x1b\xd5\x0dp\
\xeb\x9e\x06oG0\x08_\xddU\xbfnT7\xc0\xc9\
\x8b^\xb5/i\x18\xea4\xa8\x1b\xd5\x0dPs\xc6\x8b\
N\xb7\xe8\x06\x06\xd3\xe9f\xd4|l\x02\x03\xb4w\xca\
\xd8\xf2\x9eq3h\x92\xc5\x96\xf7\xba4ym\x8c&\
\xa3\x80\xda\xf3^l?\xd2\x0d\x16\x0d\x01\x98\x81\xedG\
\xbaQ{^\x9b\xaeQ\xb3a\xe0\xfe:7\xd6\xefr\
\xa1\xcd\xa5\xdd\xab\xd3\xb4\xa6\xcd%c\xfd.\x17\xf6\xd7\
\xb95\xd3\x10\x9e\x0f\xe0\x07\xa0\xea;K\xea.\xfa\xf0\
Y\xfd}\xfc\xa22\x1d\xcb\x9fHEN\x86\xf6\x19>\
j\xd0\xd1\xcd\xa89\xe3\xc1\xdfk{\xe0\xd2fX\xec\
\xef\xdb\xe8\xaf\xf1\xd2\xb5\xad\xed\x0c\xe4j\xa1\x06\x00\xec\
)\x84\x8aY6\xcc-\xb1b\xf6#)\x988NB\
n\xe6\xe8\xde\x1c\xaa\x07<>\xc6\xfd.\xc6\xdd\x072\
\xbe\xf8\xaf\x1f\x9f_\x0f\xe0\xf4%\x1f\xbc~M\xfb\xbf\
\xf6\xeb{\xf3\x1d@X\x0b\xc0@'44\x80\xd7\xcf\
8q\xc1\x8b\x13\x17\x06\xf6\x85\xe7\xff\xe2@Nzl\
&\xe8\xe8a\xcc{\xd5\x99\x0cy\xba\xd5\xa3\x04\x0a\xc5\
\x1a@\xd8=\x00\x03M\xda\xc8\x89\xce\xa9\xff\xc4~s\
\x14\xcf\xb1J\xd1\x9b\x1e%\x84\xc7\xba\xdf\x00\x04j\xd0\
FNt\xb6\xbe\xdf\x8d\xabM#?\x00r\xe5V\x00\
[\xdf\xef6\x9d\x1e%\x10\xa1?\xd6a\xa3\x00\xbe\xaa\
\x85\x98\x91\xe8\xf60V\xff\xc9\x85wO\xb9\x87\xed7\
\xbd~\xc6\xbb\xa7\xdcX\xfd\xe7\x0et{\x92\xdf\xaf\xea\
M\x8f\x12\x98Q\xdf\xb7\xfd\xf5\xcb\xa3_h\x9b\x0f\x89\
\xcfj#)6r3%<>=\x05S\xf2B\xbe\
mn\x93q\xb6\xde\xaf\xd9[\xb8\xf5\xa6'V\x084\
\xff\xda\xde\xbcs\xa1\xed^*\xaa\xd8\xda\xd2\xdc\xe6\x04\
\x90\xad\x992\x81\x1at\x5cw\xe59PCA \xac\
\x0b8]M\x010\x9d\xd4N\x97@\x15\x98\xea\xfa\x82\
\x0f\x0c\x9a\x09$\xc2!\xf5\x15\x09\xd4\x84%\x1c\x0c\xff\
<\xc0\x00V\x97\xa3\x16@\xbb\xaa\x8a\x04*\xc2N[\
\x87\xe3x\xf8\x9e\x01\x06\xb8RC>\x80v\xa9+J\
\xa0\x1e\xd2\xaeP\x8c\xc3\xf6\x0c>\x84,\xde7\x01\xf4\
\xa8\xa6I\xa0\x16=d\xf1\xee\x1c\xbcs\x88\x01\xae\xed\
.lc\xf0\x90\x03\x05\xc6\x86\xc1;\xaf\xed.l\x1b\
\xbc\x7f\xd8\xe5\xe0t\x9f\xbc\x0d:\x9d\x1a\x16(\xe2V\
oL\x870\xac\x01.\x1d(\xe8f\xc6\xfa\xe4j\x12\
\xa8\x053^\xb9t\xa0`\xd8y\xe9\x88\x09!\x8d\xfb\
\xf2\x8f1xG\xf2d\x09\xd4\x80\x89\xb67\xee\xcb?\
\x16\xe9\xfb\xa8\x19A\x8dS\xf27\x03\x88x\xb2@\xdf\
\x10p\xb4\xb1\xd0\xb1%\xda1\xd1S\xc2\xaaI\x96\x18\
+\x01\xfe2\xa1\xca\x04I\x87\x89.\x13c\x15\xaa)\
\xea\xc2DL\x99\x0de\xeb\xeeL\x93e\xcbY\x10&\
$F\x9e \xa90\xeeY\xe4\xc0\xfc\xfa\xfd\x93n\x8e\
thLI\xa1\x0d{\x0anHR\xf0q\xd1\x12\xe8\
\x1f&\xba\x1ck\xf0\x818\xb2\x82\x1b\xf6\x14\xdc\x90\x98\
\x16@\xdc\x13\xe8\x16\x02\x8eZd^\x18k\xf0{\xcf\
\x89\x93*\x96\x8a\x9b[\xb7\x12\xe8\xb5\xb8\xcf\x15$\x0d\
&\xda\xdeX\xe8\xd82R\x9f?\x18\xc5)\xb7\xc5k\
Z\x97\x12\xe1-\x00EJ\xcb\x10$\x84&f\xac\x8f\
6\xd4\x8b\x86\xe2\x07C\x1a\xf7\xe5\x1fK\xf3\x05g\xf4\
\xce\x15\x88\xb5\x03\xf5\xe9a\xf0\x8e4_p\x86\xd2\xe0\
\x03\xa3h\x01\xc2)}\xb1%\x8f\x83\xf6\x0d\x00\xbf\x04\
`|\x22\xca\x14D\xa4\x1d\xa0\xbf\x91\xc5;\xec\xdc~\
\xbc$\xf4\xa9\x8b\xf2\xe5l\xf3\xe58\x97\x90\x8c\x95 \
^\x0c\x91^\x96(:\xc0T\xc7\x12\x0e\xda:\x1c\xc7\
\x07/\xe9\x8e\x86\xa4=vSQ\xc5\xd6\xdb\xcd\xce9\
\x0c~\x92\x08\xd3\x99QF@\x11\x03Y\x08\xfd\xa9\xfa\
\x18\x9a\x01\xf0\x03\xe8$\xa0\x93\x81&\x2240\xa3\x9e\
@\x1fM\x9e\xe2\xb8x\xba\x9a\xb4\x7f9\x82@ \x18\
c\xfc\x1fmU\x8e9l[5'\x00\x00\x00\x00I\
END\xaeB`\x82\
\x00\x00\x09\xc5\
\x89\
PNG\x0d\x0a\x1a\x0a\x00\x00\x00\x0dIHDR\x00\
\x00\x00\x80\x00\x00\x00\x80\x08\x06\x00\x00\x00\xc3>a\xcb\
\x00\x00\x00\x09pHYs\x00\x00\x0e\xc4\x00\x00\x0e\xc4\
\x01\x95+\x0e\x1b\x00\x00\x09wIDATx\x9c\xed\
\xddol\x13\xe7\x1d\x07\xf0\xefsw\xbe\xfc\xc1\xf9k\
\xc2(\x85Q4\xb1\x10V&\x01\x9bZ\x12\x91\xa5Z\
E\x07\xd2\xa0{3\xd4\x0d\xdel/\xa6V\xd0N\xda\
\x86Z\x91\xca\xb2H`jyQ\xb4j\xbc\x9a\x84\x04\
\xecM\xb5j\xa4\x1b\x15\xa9VE\xe9R\x90Z\xca\x18\
\x88\x7f\xd2\x08\x90\x96\x96$N\xe2\xfc1\xf6\xf9\xee\x9e\
\xbd\xb8\xc4qb\xc7\xb1\x9d\xf3\x9d\xef\xee\xf7\x91\x90\x9c\
\xcb\xf9\xfc\x93\x9f/\xcf=w\xf7\xdc\x05 \x84x\x17\
+\xd6\x86\x83m\x5c\xd2\xd5\xf0V]c\xdb\xc1\xd0\xc4\
\x18\x1a\xc1\xb1\x06@\x15\x00?\x00_\xb1>\xdb\xa1\x12\
\x00&\x01L\x80a\x80s\xdc\x06\xc7MA\xe4\x9f\x08\
R\xe0r\xa8\x87\xa9\xc5\xf8PS\x03\x10\xdc\xc8e\xad\
&\xbc\x0b\x8c\xfd\x12\xc0\x0e\x00\xd5fn\xdf\xc3\xc6\x01\
t\x83\xf3\xb3b$p>t\x83)fm\xd8\x94\x00\
\x04\xdb\xc6\x97k\x8a\xfa[\x80\xbf\x0c\xa0\xde\x8cm\x92\
\x05\x8d\x00\xec\xa4(K\xef\x84z\xaa\x87\x97\xba\xb1%\
\x05 \xd86\xe8\xd7\x13\xc2a\xce\xd9\xab\x00*\x97Z\
\x0c\xc9K\x14\x9c\x9d\x88U)\x9d\xc7\xbbWN\x15\xba\
\x91\x82\x03\xd0\xde2\xb4\x1b\x5cx\x17\xc0\x9aB\xb7A\
L1\x00\xa6\x1f\xe8\xe8k\xe8*\xe4\xcdy\x07 \x08\
.\xe8-\xe1N\xce\xd9\xeb\x85| )\x12\xce\x8e\x89\
\x17\xeb\xdaC`z>o\xcb+\x00\x87Z\x86\xaad\
.\x9e\x01\xf8\xee\xfc\xaa#V``\xe7\xe2L\xdb\xff\
V_\xc3D\xee\xef\xc9Q{\xeb\xd8:\xa8Z\x17\x80\
\xa7\x0b\xaa\x8eX\xe5:$qwGom\x7f.+\
\xe7\x14\x80\xe9\xc6\xbf\x04`\xc5\x92J#V\x19\x14u\
\xe1\x99\xd0\xa5\xba{\x8b\xad(,\xb6\xc2\xa1\x96\xa1\xaa\
\xe9\xff\xf9\xd4\xf8\xce\xb1B\x13\xf4\xaeC-CU\x8b\
\xad\x985\x00Ap\xc1\xd8\xe7S\xb7\xef@\x9b\xca\xb8\
x:\x08\x9e\xb5\x8d\xb3\xfeR\xdb6\xdaA\x03>\xe7\
\xe2\xe0{\xf4\xe6\xd1#\xd9\xd6Yp\x0cp\xb8yx\
\x0f\x03\xfb\xbb\xf9e\x11\xcb1}\xcfB\xe7\x092\x06\
\xe0\xf7;\xbeYV>\xe9\xbb\x09:\xc9\xe3\x16\x031\
\x7f\xa2)\xd3\x19\xc3\x8c\xbb\x80\xf2\x09\xf90\xa8\xf1\xdd\
d\xcdt\x9b\xa6I\xeb\x01\x8c\x0b;\x89\xfb\xa0s\xfb\
n\x13\x15e\xdf\xda\xf9\x17\x90\xd2z\x00\xe3\xaa\x1e5\
\xbe\x0bU\xeaJ\xe2\xb5\xf9\x0b\xe7\xf4\x00\xc1\x8d\x5c\xd6\
jG\xbe\x06]\xd2u\xab\x11q\xac\xfe\x89\xd4\xf9\x04\
sz\x00\xad&\xbc\x0b\xd4\xf8nV\xaf\xd6\x86w\xa6\
.\x98\xbb\x0b0f\xf2\x10\x17c`\xfb\xe6\xfe<-\
\xd8\xc6%M\x19\x09\x83\xa6q\xb9]D\x94\xeb\x97\xcf\
\xcc1L\xf6\x00\xba\x1a\xde\x0aj|/\xa8Q\xe3\xe1\
-3?\xcc\x06@c\xdb\xed\xa9\x87X\x8f\xb5\xce\xbc\
\x9a\x1d\x0304\xd9R\x0b\xb1\x1c\x036\xcc\xbcN\x06\
\x8014\xdaS\x0e\xb1\x5cJ[\xcf\xf6\x00\x9cN\xfd\
zH\xb2\xadS\x0f\x03\x17\x9d<@\x5c#\xd9\xd6\xa9\
\x01\xf0\xdbP\x08\xb1G\xc6\x00\xd0\xbdz\xde\x91l\xeb\
E\xe7\x04\x12w\xa3\x00x\x9cc\x03P\x15\x10\xb0\xf1\
G2V5Jv\x97\xe2h\x8e\xfc\xf6\x1a\x9b}\xf8\
\xf9\x11?\xe4r\xe3R\xc6\x95\xf3q\xbc\xdfY\xf0\xfd\
\x91\x9e\xe6\xc8\x1e\xe0\xc5\xd7\x97%\x1b\x1f\x006\xef*\
\xc3\xfagi\x0c[\x08\xc7\x05\xa0\xbaA\x80?\x90^\
\xf6\xea\x0d\x8e\xec\xccl\xe7\xb8oMX\xa0\xe2\xb6_\
W`C\xab\x0f\x0fok\xf8\xea\x96\x8a\x87\xb74<\
\xba\xabBKX[\x9f\xd38.\x00\x0b\x11\x04`U\
\xa3\x84U\x8d\x12~\xb0\xbb\x0c\x00\xa0%\x80GwU\
\x0aE\x16%\x15\x80\xe7\x7fS\x81\xb5\x9b\xd2\xf7\xe5C\
\xf75|p|\x0a\x9c\xe7\xb7=\xd1G\xa1XLI\
\x05\xa0\xe5\xa5\x0aH\x19\xc6rOm\x96\xd0}2\x8a\
\xd8d\x9e\x09\xc8\x80B1WI\x05\xc0.^\x0e\x85\
\xad\x01\xf0\xd7\x0b\xd8y\xb0\x12\xeb\xb6J\xf0\x95\xb1\x8c\
\xff\xfbg\xfc\xee\xfdZ\x80\x03l\x81\xe3\x16U\xe1P\
Mn\x9c\xfa\xd5\x22\xeaW\x8bx\xfa\xc7\xb2\xb1`\xe9\
\x1dPR4\xc2q\xf5B\x1c=\xa7\x1eC\xd7\xcc\xdb\
n\xbel\x0b\x00c\xc0KG\xfd\xf8\xf6\xa6\xdcJ(\
_\x96\xfdY\x16\x92\xcc \xc9fTf\x8dr?\xc3\
s\xbf\xaa\x80\xae\x01=\xa7\x1e\xdbV\x87m\xe7\x01\xaa\
\x1b\x84\x9c\x1b\xdf\xcd6=oojm\x0b\x80\x123\
\xb1?u0\xe5\xb1\xbd\xdf\x83m\x01x<\xce\xf1y\
W\xdc\xae\x8f/\x19\xff>\x1b\xb3\xf5\xf3m\xed\x83?\
x{\x0a_\xddT\xb1n\x8b\x0f\xber \xb0ZD\
Eu\xfa\xbe^\x89r\x0c\xde3FJ\x92\x8fa\xe5\
z\xd1x-3TT\xa5\xaf\xff\xe5\x0d\x15\x13\xe1\xbc\
\x1e\x97\x97\x13\xc6\x8c\x81+\xe7\xc0\xe4\xc8\xd2\xb6\x1f\x1d\
\xe3\xb8\xda\xad\xa0\xff\x0b{\x0f+l\x0d\x80\xae\x03\x9f\
w\xc5\x0b\xee\x09\x9aZe\xfc\xe2X\xfaL\xb6\xde\xd3\
1\xdc\xec5\xedy\xcaIO\xac\x17\xf1\xca\xa9\x1a\x00\
@\xe7\x0b\xa3\xa6\x9c\x97\xb0\x9b\xe3.\x06\x11s9n\
\x18^\xeegh\xde[\x0e\x00\xa8\xaca\xb8w\xc5x\
\x8c\xfe\xe8\xd7:\xc6\xbe1v\x13\xc3\xf7m<\xb0v\
\x18\xe7\x05\xa0\xca8~\x9e\xaf\xff\xcac|\xfc\x17\xfb\
\x8e\xa7\x9d\x8av\x01\x1eG\x01\xf08\x0a\x80\xc7Q\x00\
<\x8e\x02\xe0q\x14\x00\x8f\xa3\x00x\x1c\x05\xc0\xe3(\
\x00\x1eG\x01\xf08\x0a\x80\xc7Q\x00<\xceq\x17\x83\
\xec\xa4s\xe0\xce\xc5\x04t\x15\x90+\x98+\xe6\x03P\
\x00r\xd4\xbc\xb7\x1c;^\xae\x848=u}\xdd\xd6\
\x1a\x9c\xfb\xe3\x14\xae\xfd\xcb\xfc\x89'V\xa2]@\x0e\
\xd6~_\xc2O\x0e\x1a\x8d\x1f\x8fr\xa8\x0aGY%\
\xc3\xcf\x0e/C\xfd\x93\xce\xfe\x0a\x9d]\xbdE6=\
/\x831\xe0\xd1]\x0do\xfdt\x0co\xbf8\x86h\
\x84\xc3W\xc6\xd0\xb4\xddA7#d@\x01\xc8\x81\xbf\
\xde\xf8\x9a\x86\xeeiPb\x1c\xd1\x08\xc7\xe8Cc\xd6\
Q\xa6g\x158\x09\x8d\x01r\xf0\xe0\x9a\x8a\xef='\
\xa3i\xbb\x8c\x9d\xafV\xa2\xac\x92\xe1\xc9&\xe3\xab{\
\xf0_\xd5\xe6\xea\x96\x86\x02\x90\x83\xcf\xce\xc5\xf1\xddm\
>|\xe7\x87\xbe\xe4|D\x00\xb8zA\xc1\xad>\x1a\
\x04\xba^\x22\xc6q\xfa\x0f\x13\xc9{\x13\x00\xe0\x7f\x9f\
%\xf0\xb7#\x93\xe0\xe6\xdf~`)\x0a@\x8e\xb4\x04\
\x10\x1d\x9d=\xee\x1f\x1f\xd6\xf3~`E)\xa2\x00\xe4\
A\x89\xcf\xb6x\xc2%\x13\x90)\x00y\xb8\xf2\xcf8\
8\x074\x15\xf8\xcf\x05w\xdc\xd7H\x83\xc0<\x5c\xff\
X\xc1\xc3;\x11\xa8\x0a\xc7\xf8\xa0\xc3w\xfe\xd3(\x00\
y\x1a\xf9\xd2]w\x1d\xd1.\xc0\xe3(\x00\x1eG\x01\
\xf08\x0a\x80\xc7Q\x00<\x8e\x02\xe0q\x14\x00\x8f\xa3\
\x00x\x1c\x05\xc0\xe3(\x00\x1e\xe7\xb8S\xc1\x91G:\
:_\x18M[\xae:{^\x86m\x1c\x17\x00\xae\xc3\
\x15\xf3\xf1KEI\x07\xc0\x1f\x10\x0az\x02\xf8\xd4(\
G\x82\x9eE\x9c\x93\x92\x0e\xc0\xde\x90\x1fOm\xce\xbf\
\xc4\xbf\xbe1Y\x94'\x85\xba\x11\x0d\x02=\xae\xa4\x03\
\xc0\xdd0\xe9\xae\xc4\x95t\x00\x06\xfb\xdd5\xf9\xa2\x14\
\x95t\x00z\xcf\xc401\xec\x8e\xa9W\xa5\xaa\xa4\x07\
\x81\xe3\x83:\xfe\xb4?\x82\x8d\xad2j\xbe\x95{V\
\xe9a\xd1\xb9+\xe9\x00\x00\xc6_\x16\xb9\xfc\x0fw\xcc\
\xc0-E%\xbd\x0b \xc5\x97\x1a\x00\x97\xfdID\x92\
E\xb2\xadS\x030iC!\xc4\x1e\x133/\x84L\
\x0b\x89\xebe\x08\x00\xc3\x80-\xa5\x10;$\xdb:\x19\
\x00\xceq\xdb\x9eZ\x88\xe5R\xdaZHYx\xd3\x96\
b\x88\xe58pk\xe6u2\x00\x82\xc8?\xb1\xa7\x1c\
b=\xde;\xf3j6\x00R\xe02\x80q[\xea!\
V\x8a\xdcY\x1d\xb8<\xf3C2\x00\xa1\x1e\xa6\x02\xe8\
\xb6\xa5$b\xa5\x8f\xde{\x8f%\xcf\x95\xcf=\x13\xc8\
\xf9Y\xcb\xcb!\x96\xe2\xe0gR\x7f\x9e\x13\x001\x12\
8\x0f`\xc4\xd2\x8a\x88\x95\xc2\xd2X\xe0\xc3\xd4\x05s\
\x02\x10\xba\xc1\x14\x80\x9d\xb4\xb6&b\x15\x06\x9c4\xda\
xV\xda\xc5 Q\x96\xde\x01\x10\xb5\xac*b\x95\xa8\
 \xfbN\xcc_\x98\x16\x80PO\xf508K[\x91\
8\x1cg'B=\xd5\xc3\xf3\x17g\xbc\x1c\x1c\xabR\
:\x01:5\xec\x22\x0f\xa6\xdb4M\xc6\x00\x1c\xef^\
9\x05\xa6\x1f(nM\xc42L?x\xbc{\xe5T\
\xa6_-8!\xa4\xa3\xaf\xa1\x0b\x9c\x1d+^U\xc4\
\x0a\x0c\xechG_C\xd7B\xbf\xcf:#H\xbcX\
\xd7\x0e\xb0\x05\xdfLJ\x1b\x03;'|Z\xf7f\xb6\
u\xb2\x06 \x04\xa6+L\xdb\x07\xe0\xba\xa9\x95\x11+\
\x5c\x8b3m\x7f\x08,\xeb\xb4j\x96\xcb\x96\xda[\xc7\
\xd6A\xd5.\x01XaJi\xa4\xd8\x06E]x&\
t\xa9\xee\xdeb+\xe64)\xb4\xa3\xb7\xb6\x1f\x92\xf8\
,\xa8'p\x82k\xb96>\x90\xc7\xac\xe0\x8e\xde\xda\
~\x85\xe9\xcd4&(]\x0c\xec\x9c\xc2\xf4\x96\x5c\x1b\
\xdfxO\x9e\x82\xe0\x82\xb6m\xb4\x03\x8c\xbf\x91\xef{\
I\xf10\xb0\xa3\xc2\xa7uo.\xb6\xcfO\x7f_\x81\
\xda[\x86v\x83\x0b\xef\x02XS\xe86\x88)\x06\xc0\
\xf4\x03\xd9\x0e\xf5\xb2)\xf8\xc6\x90\x8e\xbe\x86\xae\x98?\
\xd14}\xae\x80\xae\x1dX/\x0a\xce\x8e\xc5\xfc\x89\xa6\
B\x1b\x1fXB\x0f\x90*\xd86\xbe\x5cW\x12\xafq\
\xe0\x15\x00\xf5fl\x93,h\x84\x01\x7f\x16d_\xc6\
s\xfb\xf92%\x003\x82\x1b\xb9\xac\xd6\x86w2\xb0\
}\x00v\x00\xa86s\xfb\x1e\x16\x01\xf0\x11\x07?#\
\x8d\x05>\x9c\x7fIw)L\x0d@\xaa`\x1b\x97\xd4\
xx\x0b\xc0Z\x19\xb0\x01\x0c\x8d0\xc6\x0bU\xd3\xff\
|\xc5\xfal\x87J\xc0\xb8ac\x02\xc0\x008n\x1b\
\xb3wy\xafT\x16\xf8bz\xca\x1e!\x84\x98\xe8\xff\
\xa1\xaf\x04\xe4n\x0f\xd2&\x00\x00\x00\x00IEND\
\xaeB`\x82\
\x00\x00\x0ey\
\x89\
PNG\x0d\x0a\x1a\x0a\x00\x00\x00\x0dIHDR\x00\
\x00\x00\x80\x00\x00\x00\x80\x08\x06\x00\x00\x00\xc3>a\xcb\
\x00\x00\x00\x09pHYs\x00\x00\x0e\xc4\x00\x00\x0e\xc4\
\x01\x95+\x0e\x1b\x00\x00\x0e+IDATx\x9c\xed\
\x9d{PSW\x1e\xc7\xbf'\x09y\xf0\x90*\x14E\
\xc1GY+(\xd2\x8aS\xc5VX\x5c\xeb\xa3jq\
\xd42+\xdb\xda\xe9X\xb5\xa3R[\xdbn\xd7V-\
\xa3\x1d\xb5\xdb\xa5\xabu\xb0X\xaan\xa7jq\x87\xea\
.\xf1\xc1CQ\x1e\xbeW\xc5\x8aU\xac\x0fT\xf0E\
A\xcb#\x09\x09&g\xff@\x22(\x90\x04n\xce\xb9\
\xc1\xfb\x99a\x86\xdc\xdc\xdc\xdf\x17\xce\xf7\xfe\xee\xcd9\
\xbfs. !!\xf1\xe4B\x9cu\xe0\xe8\xe8\x04\x85\
\xd2\xa7b(\xe44\x92X\x10B\x08\x1d@\x81@\x00\
^\x00<\x01\xb89+\xb6\x8bR\x0f\xa0\x16@\x0d\x01\
J)%\x17\xa8\x0c\xe7a&\x05\xa6J\xdf\x93\xb9\xb9\
\xcb\xee;#\xa8\xa0\x06\x88\x8d\x8dUV\x11\xdf\x092\
J_\xa7 c\x01t\x11\xf2\xf8O0\xd5\x044\xdb\
B\xc8VoZ\xb1'--\xcd$\xd4\x81\x051\xc0\
\xa4\xb89\xbe\xf5\xf7e\xef\x03d.\x80nB\x1cS\
\xa2U\xee\x024\xd9MaY\xb3+5\xa5\xa2\xa3\x07\
\xeb\x90\x01\xa2c\xe7y\xaa\x81\xc5\x14t\x01\x00\xf7\x8e\
\x8a\x91p\x08=%\xf8\x1a*\x8f\x15\xd9\x9b\x13u\xed\
=H\xbb\x0d0>vn\x0c\x05\x92\xd0p]\x97\xe0\
G)\x01\xe23\xd3\x92\xb5\xed\xf9\xb0\xdc\xd1\x0f$$\
$\xc84~\x83VR`\x1d\x00\xef\xf6\x04\x95\x10\x14\
o\x00qA\xa1/\xa8\xdexm\xe2\x81\xbc\xbc<\xea\
\xc8\x87\x1d\xca\x00113\xbd\x8c*\xd5\x16\x001\x8e\
|N\x82\x154]e4\xcd\xd0j7\xd5\xd8\xfb\x09\
\xbb\x0d066\xbe\x1f\x81Y\x0b \xb4]\xda$X\
q\x96B\x1e\x93\x9d\x96Tb\xcf\xcev\x19\xe0A\xe3\
\x1f\x05\xe0\xd7!i\x12\xac('r:<s\xdb\xfa\
\xab\xb6v\x94\xd9\xda!&f\xa6\xd7\x833_j|\
\xd7\xc1\xcfb\x866&f\xa6\x97\xad\x1d\xdb4@B\
B\x82\xec\xc15_J\xfb.\x06\x01\x19lT)7\
'$$\xb4\xd9\xc6m~\x0bPu\x1f\xb8\x82\x00\xb3\
\x84\x95&\xc1\x0e\x12\x5cV\xaes\xbb|\xee\xc4\xfeV\
\xf7h\xed\x8dq\xaf\xcd\x9f\x0cb\xf9\xafs\x84I\xb0\
\x84\x00\x93[\xeb'h\xd1\x00cg|\xe4A\xeat\
\xe7!u\xf2t\x16J\xa9\xda#\xa4\xa5\x1e\xc3\x96\xaf\
\x0fF\xddbH\x8d\xdf\x99\x08|\xd0\xa6\x8f\xf1X\x06\
h\x18\xd8\x91_\x83\xd4\xb7\xdf\xd9\xd0\xbb)\xcc}\x1e\
\x1d@z,\x034\x8c\xeaI\x8d\xdf\x09q7\x99\xe5\
\xef=\xba\xb1Y\x06\x88\x8d\x8dUV\xc3\xf7\x16\xa4!\
\xdd\xce\xca\xdd.\xa8\xf0oZO\xd0,\x03T\x11\xdf\
\x09\x90\x1a\xbf3\xd3\xad\x9a\xfa\xbd\xd2tC3\x03\xc8\
(}\x9d\xad\x1e\x09\xd6\x10b~\xa3\xe9k\xab\x01\xa2\
\xa3\x13\x14\x0f\xca\xb8$:1\x14dLtt\x82\xa2\
\xf1\xb5\xd5\x00J\x9f\x8a\xa1\x90j\xf8\x9e\x04\xbcUO\
\xdf\x09o|\xf1\xf0\x12 \xa7\x91\x5c\xe4H0\x87\x12\
YT\xe3\xefV\x03\x10\x0bB\xf8\xc8\x91`\x0e\xa5\xc1\
\x8d\xbf>4\x00\xa1\x03\xf8\xa8\x91`\x0d\x01\xacmm\
5\x00\x95\xba~\x9f$\xacm\xadh\xb2\xd1f\xf1\x80\
\xab!\x93\xc9\x10\xd47\x00\xcf\xf4\x09@`\xaf\xee\x08\
\xe8\xd9\x1d=\xfc|\xe1\xaeQC\xa3QA\xa3Q\x03\
\x00\x0c\x86:\x18\x0cF\xe8\x0du\xb8]^\x81\xb2\x9b\
wPz\xe3\x0e\xae\x5c+\xc3\xe5\xabe\xb0X,\x9c\
\xff\x12\xc1\xb1\xb6uS\x03xr\x10\x228>]\xbd\
12b\x08\x9e\x0f\x0dF\xd8\xa0\xfe\xf0p\xd7\xd8\xfc\
\x8c\x97\xa7\x07\xbc<=\x00\x00}{\xf7l\xf6\x9eN\
o\xc0\x99_.\xe2\xf4\xd9b\x1c<Z\x88\xca{U\
N\xd1\xcd\x18\xab\x01\xac]\xc1\xe3b\xe7:TN,\
&\x94J7DF\x84ct\xd40\x0c\x19\x1c\x0cB\
\x9c3\xe5\x91R\x8a\xc2\xa2b\xe4\xe4\x1fG\xc1\xd1S\
0\x99\xea\x9d\x12\x87\x05Yi\xc9\x04h\x9e\x01\x5c\x0e\
\x8dF\x8dIc#1u\xd2ht\xf5v~\x17\x06\
!\x04\xe1a!\x08\x0f\x0b\xc1\xac\x19S\xb0}g\x0e\
v\xef-\x80\xc1P\xe7\xf4\xd8\xce\xc2%3\x80B.\
\xc7\xe4\x09\xa3\x107u<<=\xf8\x0e\x5c\xd6\xea\xf4\
H\xdd\x91\x89\xf4=\x07p\xdfl\xe6\xaa\xc5\x11\x5c6\
\x03\x0c\x1e\xd8\x1f\xf1oOG\x9f@\x7f\xdeR\x00\x00\
\x9e\x1e\xee\x98=c*\xc6F\x8f@\xd2\x86T\x14\x9d\
\xbf\xc4[\x92C\xb8\x8c\x01\x94nn\x98\xf3\xe64L\
\x1a\x17e{g\x0e\xf4\x09\xf4\xc7?\x96}\x80]Y\
\xf9H\xf9a;L\xf5\xaeq\x7f\xe0\x12\x06\xe8\xe5\xef\
\x87O\x17\xceBP\xdf\x00\xdeRl2i\x5c\x14B\
\x9e\xed\x87\x95k6\xe2\xc6\xadr\xderlbsb\
\x08o\xc2\xc3B\x90\xf4\xc5\x22\x97h\xfcF\x82\xfa\x05\
\x22\xe9\x8bE\x1828\xd8\xf6\xce\x9c\x11\xb5\x01\xa2F\
\x0c\xc5\xf2O\xe6Y;l\x5c\x09\x8dF\x8d\xcf?\x9d\
\x8f\xa8\x11CyKi\x13\xd1^\x02&\xbc<\x12\xef\
\xce\x8es\xdawz\x16(\xe4r|\xf2\xfeLx\xb8\
\xab\x91\x91s\x88\xb7\x9c\x16\x11e\x06\xf8\xe3\x8bC]\
\xbe\xf1\x1b!\x84`\xc1\x9c\xbf\x886\x13\x88\xce\x00\xe1\
a!\xf8\xeb\xbbou\x8a\xc6o\x84\x10\x82\x8f\x17\xbc\
%\xca{\x02Q\x19\xa0\x97\xbf\x1f\x96~8\x1b\x0a\xb9\
\xc3\x0b\x978Ly\xc5]d\xe4\x1cBF\xce!\x94\
W\xdcuz<\x85\x5c\x8e\xcf>\x9a\x83\x9e=\x9ev\
z,G\x10\xcd=\x80\xd2\xcd\x0d\x9f.\x9c\xc5\xe4\x86\
/\xff\xc8I|\xf5\xcdf\x18\x8d\x0d\xd5\xd1*\x95\x12\
\x1f\xce\x9b\xe1\xf44\xad\xd1\xa8\xb1x\xe1,,\x5c\x92\
(\x9a~\x02\xd1d\x809oNc\xf2U\xaf\xa6V\
\x875\xeb\xb7Z\x1b\x1f\x00\x8cF\x13\xd6\xac\xdf\x8a\x9a\
\xdav/\xb6e7A\xfd\x021\xfb\xcd\xa9N\x8fc\
/\xa20\xc0\xe0\x81\xfd\x99\xf5\xf0\x9d\xff\xb5\x04\xfa\x16\
\x06o\xf4\x86:\x14_\xb4kU\x95\x0e\xf3\xea\xb8?\
bp\xc8\x1f\x98\xc4\xb2\x05w\x03(\xe4r\xc4\xbf=\
\x9dY\xbc\xaa\x9a\xdaV\xdf\xfb\xbd\xba\xf5\xf7\x84&~\
V\x1c\x93{\x1d[p7\xc0\xe4\x09\xa3D3\xb0\xc3\
\x92>\x81\xfe\x98<a\x14o\x19|\x0d\xa0\xd1\xa8\x11\
7u<O\x09\x5c\x99>e\x1c4j\x15W\x0d\x5c\
\x0d0qL$\xf7\xf1|\x9exyz`\xe2\x18\xbe\
\xd31\xb8\x19@\xa9t\xc3\xb4WG\xf3\x0a/\x1a\xa6\
\xc5\xbc\x0c\xa5\x92\xdf\xca\xf9\xdc\x0c\x10\x19\x11\xce\xa4\x8c\
K\xect\xf5\xee\x82\x91\xc3\x87p\x8b\xcf\xcd\x00\xa3\xa3\
\x86\xf1\x0a-:FG\x0d\xe7\x16\x9b\x8b\x01|\xbaz\
\x8b\xb2_\x9c\x17\xe1a\xc1\xe8\xd6\x95\xcf\xba\xdb\x5c\x0c\
02bH\xa7\x1a\xec\xe9(\x84\x10DF\xf0\xb9\x0c\
p1\xc0\xf3\xa1\xd2\xd9\xff(\xcf\x85\xf2\x99\x9a\xc9\xdc\
\x002\x99\x0ca\x83\xfa\xb3\x0e+z\xc2\x06>\x0b\x99\
\x8c\xfd\xf9\xc8<bP\xdf\x00\xbb\xa6k=ixz\
h\xb8\xd4=27\xc03}\x5c\xa7\xb8\x935\xfd\xfa\
\xf4b\x1e\x93\xb9\x01\x02{ug\x1d\xd2e\x08\xec\xd9\
\x83yL\xe6\x06\x08\xe8)\x19\xa05x\xfco\x98\x1b\
\xa0\x87\x9f/\xeb\x90.C\x0f?\x1f\xe61\x99\x1b\xc0\
\xdd\x05k\xfcY\xe1\xee\xce\xfe\x7f\xc3\xdc\x00\x1a\x0d\xdf\
\xe1\xcf\xb6\xc8\xc9;\xc6u\x01\x08\x8d\xfa\x890\x80x\
3\xc0\xe9\xb3\x17\xf0\xce\x07\xcb\x91}\xe0\x08\x97\xf8\xee\
\x1cN\x0e\xee\x15A\xac\xb1u\x0fR\xab3\xe0\x9f\xc9\
\x9b\xb1t\xd5:T\xde\xfd\x9d\x91*~07\x00\xef\
\xd54B\xfa\xf7\xb5k\x18\xfa\x7f\x85\xbf\xe0\x9d\x0f?\
G\xd6\x81\xc3\x0cT5\xa07\x18\x99\xc5j\x84\x83\x01\
\xd8\xff\x91MQ(\x14X\xfe\xc9<\xbbz#ku\
\x06\xacN\xde\x82%+\x93PQ\xe9\xfcl`\xa8c\
\x7fr07@K%\xd9\xac\xe9\xffLo|\xfb\xd5\
R\x0c}n\xa0]\xfb\x9f8}\xae!\x1b\xecwn\
6\xd0\xeb\x9f\x00\x03\xdc.\xef\xf0#\xef\x05\xc1\xd7\xe7\
)\xacX\x1c\x8f\xf7\xdfy\xdd\xael\xa0\xd3\x1b\xb0z\
\xfd\x16,^\xe1\xbclp\xbb\xbc\xd2)\xc7m\x0b\xe6\
\x06(\xbby\x87u\xc86\x19?\xfa%\x87\xb2\xc1\xc9\
\x9f\x1b\xb2A\xa6\x13\xa6{\xf3\xf8\xdf07@\xe9\x0d\
q\x19\x00h_6X\xf3\xedV\xacZ\xb3Q\xd0U\
DKo\xde\x16\xecX\xf6\xc2\xdc\x00W\xae\x95\xb1\x0e\
i7\x8ef\x83\xbc\xc3'\xb1}g\x8e`\xf1K\xae\
\xdd\x10\xecX\xf6\xc2\xdc\x00\x97\xaf\x96A\xa77\xb0\x0e\
k7\x8ef\x83\x83\xc7\x0a\x05\x89[\xab3\xe0\xf2U\
\xf6'\x07s\x03X,\x16\x9c\xf9\xe5\x22\xeb\xb0\x0ec\
o6\xa0T\x98\xf55\xcf\x9c\xfb\x95\xcb\xa2\xd4\x5cz\
\x02O\x9f-\xe6\x11\xd6a\xec\xc9\x06Q#\xc2[\xdc\
\xee(?\x9f\xbd \xc8q\x1c\x85\x8b\x01\x0e\x1e-\x14\
\xec\xccaAc6\x18\x16\x1ej\xadf&\x84\xe0O\
\x91\xc30uR\xc7g7QJQpT\x98K\x89\
\xa3pY!\xa4\xf2^\x15\x0a\x8b\x8a\x11\x1e\xe6:O\
\xa9\xf1\xf5y\x0a\xcb\x17\xcd\xc3\xf5\xb2[(\xbbU\x8e\
\x00\x7f?\xf4\x0e\x10fV\xf3\xa93\xc5\xb8\xcbi\x14\
\x92\xdb\x1219\xf9\xc7]\xca\x00\x8d\xf4\x0e\xf0\x17\xac\
\xe1\x1b\xc9\xc9?&\xe8\xf1\x1c\x81\xdbh`\xc1\xd1S\
\xb8WU\xcd+\xbch\xb8WU-\xd87\x89\xf6\xc0\
\xcd\x00&S\xbd\xa0\xdf\xa1]\x95\xed\xda}\x5c\x1f<\
\xc1\xb5\x1e`\xf7\xde\x02\xd4\xea\xf4<%p\xa5\xa6V\
\x87\xdd{\x0b\xb8j\xe0j\x00\x83\xa1\x0e\xa9;2y\
J\xe0\xca\xb6\xffd\xc1P\xc7wx\x9c{EP\xfa\
\x9e\x03\xb8Vz\x8b\xb7\x0c\xe6\x5c+\xbd\x85\xf4=\x07\
x\xcb\xe0o\x80\xfbf3\x926n\xe3-\x839I\
\x1bRE\xf1\x88\x19\xee\x06\x00\x80\xa2s\x17\xb1++\
\x9f\xb7\x0cf\xec\xcc\xca\x13\xcd\xa3eDa\x00\x00H\
\xf9a;\x97\xc1\x10\xd6\x5c.)\xc5w?\xec\xe0-\
\xc3\x8ah\x0c`\xaa\xaf\xc7\xca\xd5\x1b\xb8\x17\x8d:\x13\
\x83\xa1\x0e+Vo\x10\xcd:\xc1\x80\x88\x0c\x00\x007\
n\x95\xe3\xf3\xaf\xbe\x13\xc5\xb5Qh\xee\x9b\xcdX\x9e\
\x98\x82\x9b\xb7\x7f\xe3-\xa5\x19\xa22\x00\x00\x9c:s\
\x1e_\xae\xfd\xde\xa5\x06\x8blA)\xc5\x97k\xbfG\
a\x91\xf8FAEg\x00\xa0a9\xf7\xb5)?v\
\x0a\x13PJ\xb16\xe5G\xe4\x1f9\xc9[J\x8b\x88\
\xe6y\x01\x8f\x92\x91s\x08:}\x1d>^\xf0\x96(\
\x16Un\x0f\xf7\xcdf\xfc}\xed\xbfPp\xe4\x14o\
)\xad\x22Z\x03\x00\x0d\x99\xa0\xa6V\x87\xcf>\x9a#\
\xea9\x85-a0\xd4ayb\x8a(\xd3~SD\
y\x09hJaQ1\xe2\x17}\x81\xcb%\xa5\xbc\xa5\
\xd8\xcd\xe5\x92R\xcc\xff\xdb*\xd17>\xe0\x02\x06\x00\
\x1a\xbe\x1d,\x5c\x92\x88\x9dYy\xbc\xa5\xd8dgV\
\x1e\x16.I\x14\xdd\xdd~k\x88\xfa\x12\xd0\x14S}\
=\xd6m\xfc7\xf2\x0f\x9fD\xfc\xac8\xd1=c\xe0\
j\xe9M\xac\xdb\xb0M4=|\xf6\xe22\x06h\xa4\
\xe8\xfc%\xcc\xffx%&O\x18\x85\xe9S\xc6\xc1\xcb\
\xd3\x83\xab\x9e\x9aZ\x1dRwdB\x9b\x91\xeb\x92\xfd\
\x17.g\x00\xa0\xe1\xeez\xfb\xce}\xd8\xb3\xef &\
\x8e\x89\xc4\xb4WG3_y\xfc^U5\xb6k\xf7\
a\xf7\xde\x02\xeeC\xba\x1d\xc1%\x0d\xd0\x88\xc1P\x87\
\x9f\xb4{\xa1\xcd\xcc\xc5\xc8\xe1C0:j8\xc2\xc3\
\x82\x9d\xb6\x0e1\xa5\x14\xa7\xce\x14#'\xff\x18\x0e\x1e\
+\xe4Z\xc9#\x14M\x0dP\x0f\x80\xdf\x93\x0b:\x80\
\xc9T\x8f\xfd\x05\xc7\xb1\xbf\xe08|\xbazcd\xc4\
\x10<\x17:\x00a\x03\x9f\x85\xa7G\xc7V%\xad\xd5\
\x19p\xe6\xdc\xaf\xf8\xf9\xec\x05\x14\x1c-\xe4V\xbd+\
0V\xe765@-\x80\xae\xec\xb5\x08K\xe5\xbd*\
\xa4g\xe4\x22=#\x172\x99\x0cA}\x03\xd0\xafO\
/\x04\xf6\xec\x81\x80\x9e\xdd\xd1\xc3\xcf\x07\xee\xeejh\
\xd4j\xeb\x9a<z\x83\x11\x86\xba:\xe8\xf5u\xb8]\
^\x89\xb2\x9bwPz\xf36J\xae\xdd\xc0\xe5\xabe\
\x5cf\xec8\x99\x9a\xc6_\x14\x8flty\x034\xc5\
b\xb1\xe0\xe2\x95\xeb\xb8x\xe5:o)b\xc3j\x00\
k?\x00\x01\x5c\xa7\xa7E\xa2\xa3X\xdb\xdaj\x00J\
\x09\x9f\xc9i\x12\xcc\xa1\x80\xb5\xad\x1f\x1a@\x86\xf3|\
\xe4H0\x87\x10k\x1f\xf5\xc3\xae`3\xe1[\xa0.\
\xc1\x0cB-\xd6\x02L\xab\x01L\x95\xbe'\x01Hs\
\xb5:?U]Pi-N\xb0\x1a 7w\xd9}\
\x02\x9a\xcdG\x93\x04+\x08\xe8\xde\xb4\xb44k\x9fu\
\xb3\xd1@\x0b![\xd9K\x92`\x09\xa5\xf2-M_\
73\x807\xad\xd8\x03\xe0.SE\x12,\xa9\xecB\
\xca3\x9anhf\x80\xb4\xb44\x13@\x93\xd9j\x92\
`\x05%Hnh\xe3\x87<V\x10\xe2\xa6\xb0\xac\x01\
\xf0\xe4N\xd9\xed\xbc\xe8\x95r\xf3\xd7\x8fn|\xcc\x00\
\xbbRS*(\xc1c;J\xb86\x94\xe0\xeb]\xa9\
)\x8f\xad\xd3\xdbrI\x98\xcac\x05\xa4\xae\xe1\xce\xc4\
\xf5\x07m\xfa\x18-\x1a {s\xa2\x8e\x00\xf1\xce\xd5\
$\xc1\x0a\x02\xbc\x9b\xbd9Q\xd7\xd2{\xad\x16\xdc_\
:w\xe2BP\xe8\x0b*\x02D:O\x9a\x84\xd3\xa1\
X\x99\xf5Sr\xab7\xf6mV\x05\x8f\x08\xf1[\x02\
@+\xb8(\x09F\xd0\xf4\x88A~K\xdb\xda\xc3f\
\xedTL\xccL/\xa3Ju\x18@\xa8`\xba$\x9c\
\x0e\x05-R\x1bM/i\xb5\x9bj\xda\xda\xcf\xe6\xbc\
\x00\xadvS\x0d\x85<\x06@\xb9`\xea$\x9cM\xb9\
L\x8e\x18[\x8d\x0f\xd891$;-\xa9\x84B\x1e\
\x01\xe0l\x87\xa5I8\x15\x0aZD\xe4tx\xe6\xb6\
\xf5W\xed\xd9\xdf\xee\x99A\xd9iI%*\xa3\xf1E\
H\xf7\x04\x22\x86\xa6\xab\x8d\xa6\x97\xecm|\xc0\xc1\xa9\
aZ\xed\xa6\x9a\x88\x81~S(\xc1*\x87\xb5I8\
\x17\x8a\x95\x11\x03\xbbO\xb5'\xed7\xa5\xdd\x05\xf4\xe3\
c\xe7\xc6P \x09@`{\x8f!!\x08\xa5\x04\x88\
\xcfLKnWfn\xf7\xc4\xfbK\xe7N\x5c\x08\x1a\
\x1a\x9d\x02s=!\xc0P\xb8\xe8\x9c\x02\x17FO\x09\
\x12\xa1\xf6\xf8sV\xea\xdav\xdf\x9b\x092\x85fR\
\xdc\x1c_\x93Y\xfe\x1e\xa1\x98\x07\xa0\x9b\x10\xc7\x94h\
\x95\xbb\x94\xe0\x1b\xa5\xdc\xdcb\xdf\xbe\xa3\x08:\x87*\
66VYM\xfd^!\xc4\xfc\x06\x05\x19\x0b\x80\xed\
\x84\xbd\xceK\x15\x01\xddK\xa9|K\x17R\x9e\xf1\xe8\
\x90nGp\xce$:\x00\xd1\xd1\x09\x0a\xd5\xd3w\xc2\
)\x91E\x81\xd2`\x02\x0c@\xc3\xfd\x82\xd7\x83\x1f\xe9\
\x92\xd1\x9cz4L\xd8\xa8\x01PJ\x81\x0b \xa4\x98\
PK\xbe\xf1\xb7\xee\xa7rs\x97\xdd\xe7\xacOBB\
\xa2\xd3\xf1\x7f0p\x8e\xbc\xe0Fm\xe1\x00\x00\x00\x00\
IEND\xaeB`\x82\
\x00\x00\x0c\xab\
\x89\
PNG\x0d\x0a\x1a\x0a\x00\x00\x00\x0dIHDR\x00\
\x00\x00\x80\x00\x00\x00\x80\x08\x06\x00\x00\x00\xc3>a\xcb\
\x00\x00\x00\x09pHYs\x00\x00\x0e\xc4\x00\x00\x0e\xc4\
\x01\x95+\x0e\x1b\x00\x00\x0c]IDATx\x9c\xed\
\x9d{pT\xd5\x1d\xc7\xbf\xe7\xee\xded\x93\xec.I\
\xd8\xcd\x8b\x89\x8fZ\x08\x14\x1f3RJ\x06\x06JQ\
t\xb0\x9d\xa0\x9dRA\xc4\x01\xb5\xa3T*\x91\xc1\xa9\
\xad(uT\xa2\x8eZqTT\xa4\x8c&\xa9\xb1\x99\
\x16M\xa70\x82U\x04G\xa4\xad\xaf\xa2B\xac\xcaK\
 /B\xb2\xbb\xd9lrw\xef\xe9\x1fI\xd6\xddd\
\xb3\xcfs\x9f{>\x7fm\xee\x9e\xf3;gr\xbe{\
\xee\xf7\x9e\xfb\xbb\xe7\x02\x1c\x0e'{!J\x05\xa6\xf3\
am/s\xce \x08\xcd%\xc04\x80TQ\xa0\x92\
\x00\x0e\x00v\x00\xa2Rm\x1b\x14\x09\x80\x8f\x02^\x02\
\x9c\x04h+\x05\x0eSX\xf6\x97\xb6y>${\x11\
T\xa2Q\xa6\x02\xa0K\x90\xd3au\x5cC(]\x0e\
\xe0*\x00N\x96\xf1\xb3\x18\x0f\x80\xdd\x94\x90\xc6\x92\xa0\
w'i\xc6 \xab\xc0L\x04pj\x99\xc3%\x82\xd6\
R\x8a\xd5\x04(f\x11\x93\x13\x1b\x0at\x13\x82-\x12\
\xc8S\x93^\xf5ve\x1a/#\x01t,q\xdba\
\xf5\xdf\x0bJ\xee\x04\x90\x9fig8)\xe1\x07\xe8f\
Y\xb4?\x5cV\xdf\xde\x97n\x90\xb4\x05\xd0\xb9\xd4Q\
CA\x9f\x01P\x99n\x0c\x0e\x13N\x12\x905\xee&\
oK:\x95S\x16\x00\xdd\x08\xa1\xf3\xcb\x82\x87A\xc9\
=\xe94\xc8Q\x0aZ\xe7\xae\xea\xdb@\x1e\x80\x9cJ\
\xad\x94\x04\xd0Y\xe3r\xc8\xf9\x81\x06\x02\xd4\xa4\xd69\
\x8e\x1a\x10\xe0\x0d\xf8m+\xdc-]\xde\x14\xea$G\
\xdb\x92\x09\x17\x0a\x96P\x0b\x80\x8b\xd3\xea\x1dG->\
\x93C\x96\x9a\xb2\xe6\xde\xa3\xc9\x14NJ\x00\xc3\x83\xff\
\x01\x80\x92\x8c\xba\xc6Q\x8b\x8e\x10\xac\xb3\xca\x9bz\x8e\
%*($*\xd0Y\xe3r\x0c\xff\xf2\xf9\xe0\x1b\x87\
\x12\x0b\x0d\xb6t\xd6\xb8\x1c\x89\x0a\xc6\x15\x00\xdd\x08A\
\xce\x0f4\x80O\xfb\xc6\x83\xe0\x12\xe4\x07\xea\xe9\xc6\xf8\
c\x1c\xf7\xcb\xce\xd6\x82\x87\xb8\xe13.\x14X\xdc\xd9\
j\x7f0^\x99q=@\xdb\xf5\x8e\xc5\x02\xa1\xaf\xb3\
\xef\x16Gm\x08\xc8\xe2\xf1\xd6\x09b\x0a\xa0mEi\
\x81 \xf5\x1d\x06_\xe41\x0b'e\xb1`Z\xac\x15\
\xc3\x98\xa7\x00A\xf2\xdd\x0b>\xf8f\xa2rxL\xc7\
0f\x068\xb5\xcc\xe1\x12)=\x0e\xbe\xb6o6\xfc\
\x12!\xe7\x8f\xbe\x814f\x06\x10Ak\xc1\x07\xdf\x8c\
\xe4\x8b\x94\xae\x1d}0j\x06\xa0K\x90\xd3a\xb1\x9f\
\xe1\xb7t\xcd\x09\x05\xbaKB\xbe\xf2\xc8|\x82\xa8\x19\
\xa0\xc3\xea\xb8\x86\x0f\xbey!@q\xbb\xe0X\x14y\
,J\x00\xc3\x99<\x1c\x13#\x10zc\xd4\xdf#\x1f\
\xe8|X1\x94\xc6\xc517\x0b\x87\xc7\x1a@\x84\x00\
\xda\xcb\x9c3\xc0s\xf8\xb2\x81\x09g+\x9c\x97\x8f\xfc\
\x11\x16\x00Ah\xae6\xfd\xe1\xa8MH\x0e\xcd\x1b\xf9\
\x1c\x9e\x0a\x86R\xb7\xb3\x0f\xc1^\x0c\xa1\xb0\x14$\xdf\
\x09\xb9\xa7\x1d\xa1\xee\xd3@\x90Y\xd2\xad.!\xc0\xd4\
\x91\xcf\xd6\x88\xc3UZtF\x0b\xac\x95\xd3a\xbbb\
\x15r.Y\x00K\xc5\xe4\xe8/)E\xa8\xf3\x04\x06\
\x0e\xee@`o=B\xa7\xbf\xd4\xa6\x93\x8a\xf2\xddX\
\x87\xd7\x01\xda\x97\xda\x8f\x13\xe0<m:\xa4\x0e\x96\x8a\
\xc9\xb0\xdf\xf4(r.[\x98t\x1d\xe9\xf3}\xf0n\
[\x8b\xd0\x99\xaf\x14\xec\x99\xba\x10\x90\xe3\xee&\xef\x05\
@\x94\x07@\xc2\xe4\x01\xc3B\x04\xe4/^\x87\xa2G\
\x0e\xa44\xf8\x00 N\x9f\x87\xa2G\x0f \xef\x9a5\
\x80`Q\xa8\x83\xea\x22\x83\x86\xc7:\xe2\x14\x00\xbb\x06\
}Q\x1c\xc1\xe9\x82\xe3\x8e\xad\xc8\xb9\xf4\xca\xb4c\x10\
\xd1\x06\xfb\x8a:\x88\x17\xcd\x80\xe7\xd9[\x019\xc4\xb0\
\x87\xea\x13\xf9c\x8f\x14\x80\xe9\x9e\xd5\xb3VN\xc7\x84\
{\xfe\x06\xa1\xb8\x82I\xbc\xdc\xd9\xbf\x80#8\x08\xef\
\xf3\xab\x01\x9aR\xf6\xb5\xde\x08\x8fu\xc2\x9c@#\xe3\
\x5c\xfb2\xb3\xc1\x1f\xc16\xef\x06\xd8W=\xc14\xa6\
\x96\x98V\x00\xc4V\x00\xcb$e.l\xf2\x16\xde\x0a\
\xdb\x157+\x12[mL+\x00\x1a\xe8S\xd4\xb9;\
V=\x0e\xb1\xaaZ\xb1\xf8jaZ\x01\x00\x80\xe7\xe9\
\x95\x90{\xda\x94\x09n\x11\xe1\xacm\x80PT\xaeL\
|\x950\xb5\x00\x82\xc7>\xc5\xb9\xdf\xce\xc6\xe0\xa1\xb7\
\x15\x89/\x14\x96\xc2yW#\x88\x98\xabH|50\
\xb5\x00\x00@\xf6t\xa2\xb7\xee:\xf4\xfd\xe5AE\x9c\
\xbb8y&\xec+\x1fg\x1eW-L/\x00\x00\x00\
\x95\xe1\xdf\xf1\x18z\x1e\xfa\x19\xe4\x9ev\xe6\xe1m\x0b\
V\x1a\xd6\x14f\x87\x00\x86\x91\xbe\xd8\x8f\x9e\xfb\x17@\
\xee>\xcd<\xb6QMaV\x09\x00\x00B\x9d'\xe0\
k\xdc\xc0>\xb0AMa\xd6\x09\x00\x00\x06\xff\xfdw\
\xd0\xc1~\xe6q\x85\xc2R8k\xeb\x0du\xcf +\
\x05@\xa5\x00\xe4\xce\x13\x8a\xc4\x16\xa7\xccB\xde\xa2;\
\x14\x89\xad\x04Y)\x00\x00\xa0\x83~\xc5b\x17\xfcr\
\x03\x88\xbdH\xb1\xf8,\xc9Z\x01\x80R\xc5B\x93\x9c\
<\xe4\xfd\xe4&\xc5\xe2\xb3$k\x05 \xf7\xf5(\x1a\
?w\xce\xf5\x8a\xc6gE\xd6\x0a\x80z\xcf*\x1a\xdf\
z\xde\xc5 \xf9\xfaO\xb2\xceZ\x01\x04\x8f}\xaal\
\x03\x84\xc0z\xfe%\xca\xb6\xc1\x80\xac\x15\xc0\xe0\x17\xef\
)\xde\x86\xe0t+\xdeF\xa6d\xad\x00\x82\xdf|\x8c\
P\xdb7\x8a\xb6a\x84+\x81\xac\x15\x00\xa8\x8c\xfe=\
[\x15m\x82\x10\xfd\xff{\xf5\xdfC\x05\x09\xecy\xc9\
\xa4y\xff\xc9\x93\xd5\x02\xa0R`(\xc13\xa4\xc8\xbb\
\x18\x0cAV\x0b\x00\x00\xa4\xff\xfd\x0b\xbez\x85\xf6\xbd\
\xb6\xe6(\x13\x97!Y#\x80\x9c\xcb\x16\x02\x96\xd8\x99\
\xef\xfd\xbb_D\xe0\xddF\xe6m\xe6/^\x07\xa1\xb0\
,\xea\x18\xc9\xcd\x07t\xe4\x0d\xf4\xd3\x13\x05\x11\xab\xaa\
1\xe1\xee\xd7`_Q\x17\xbb\x00\xa5\xf0m\xabE\xf0\
\xeb\x0f\x99\xb6+\x14\x96\x0d\xdd\x1d\xb4\xe6@\xac\xaaF\
\xd1\xa6}pm?\x03\xd7K'\xe0X\xfd<H\x9e\
\xf6\xcf\xe2\x84\x9f\x0d\xecXjWnq\x5cC\x84\xa2\
r\x14m\xda\x0f\xa1\xb0\x14\x00\xe0}\xfe\xf6q\x7f\xed\
B\xf1$\x14\xd5\xedg~\xfd.}\xb1\x7f(Yd\
\xd4\x0c\x14<\xf99z6.\x04\xedOzwwf\
\x944\xf9\x08`\xf2\x19\x80\x88\xb9p\xde\xd5\x18\x1e|\
\x00\xb0\xdf\xb2\x19\xd6\x8bf\xc4,/w\x9f\x82\xe7\xc9\
\xe5\xccM\xa1\xf8\x83\xb91O?\xd6\xca\xe9C\xcf\x1c\
j\x88\xa9\x05`_\xf98\xc4\xc93\xa3\x8e\x111\x17\
\x13\xd6\xfd\x19\xc2\x84\xd8\x9b\x9fK\xad\x07\xe0{\xf9n\
5\xba\x07\x00\xc8\xff\xe9\x9d\x80\xc5\x9a\xb8\xa0B\x98V\
\x00\xb6+n\x86m\xc1\xca\x98\xdf\x09\xc5\x15C\xe7\xe6\
\xf1L\xe1[\xdb\x14_$\x1a\x81\xe4\xd9aqk\xf7\
T\xbe)\x05 VU\xc3\xb1*~\xaa\xb68uv\
|S\xb8}=\x02\xef\xbc\xa2@\xef\xc6\x22L\xd4n\
W^\xd3\x09@(*\x87\xb3\xb6a\xdc_w$y\
W\xdf\x06\xdb\x8f\xc7\xd9\x19\x8f\xca\xf0n]\x03\xef\x96\
\xdbA\x15\xce\x1d\x90\xcf\x9eT4~<\xb4;\xf9(\
@,\xd3\x97\x08\xfb-\x9b\x11\xfc\xf6H\xecK@J\
\x11\xd8\xd7\x88\x81\x83;\x90;\xb3\x06\xe2\xd4\xd9\x10\xdc\
\x95 \xa2-\x5c\xc4Z9=\xa3\x9b>4\xd0\x87\x90\
B\xf9\x89\xc9`*\x01\xc42}\x89\x181\x85\xe7~\
?\x17roG\xcc2t\xc0\x8f\xc0{M\x08\xbc\xd7\
4\xe6;q\xca,\x14\xde\xbf+\xa9\x19'\x16\xfd;\
\x9f\xd1t)\xda4\xa7\x80x\xa6/\x11\x89La<\
\xa4/\x0f\xc2\xbb}}Z\xed\xca\xe7\xce\xc0\xff\x8f\xa7\
\xd3\xaa\xcb\x0aS\x08 \x19\xd3\x970F<S\x98\x80\
\xc0\xdb\xdb!\x1dN1\xc1$8\x08\xcf\x937\x80\xfa\
=i\xb5\xc9\x0a\xc3\x0b \x15\xd3\x97\x88\xb8\xa60\x0e\
\x16W%\xc4\xc9?J\xa9\x8ew[-\xa4\xaf\xfe\x93\
r[\xac1\xb4\x00\xd21}\x89\xb0\x9e\x7fi\xcau\
\xf2\x16\xdd\x91\xd2\x9d\xbf\xfe=[\x11\xd8[\x9fr;\
J`h\x01\xa4c\xfa\xe2!\x1dy?\xad\xe7\x06\xad\
\x17$/\x1a\xa9\xf5\x00|\xaf\xe8\xe7\xb5\xcb\x86\x15@\
&\xa6/\x16r\xf7)x\x9eZ\x01\x84\xa4\x94\xeb\x0a\
\xae\xe4V\xf2\xe4\xee\xd3Cm\xe8h+ZC\x0a\x80\
\x85\xe9\x8b\x84J\x03\xe8}r\xf9\xb8\x97\x81\x89\x90\xcf\
~\x9b\xb8Pp\x10\x9e?.Wd\x7f\x82L0\x9c\
\x00X\x9a\xbe\x11|\xdb\xd6f\x94\x0b\x10<\xf1Y\xc2\
2z1}\xa31\x94\x00\x940}\xfdo\xbe\x90q\
6P\xff\xaeg\xe3.\xe6\xe8\xc9\xf4\x8d\xc6P\x02P\
\xc4\xf4\xd5\xff.\xe38\xa1\xb6o\xd0\xb7\xe3\xb1\x98\xdf\
\x0d~\xb2[W\xa6o4\x86Y\x0a\xd6\x93\xe9\x8b\x85\
\xff\xafu\x90{\xda\x90\x7f\xedzX\x5c\xe7A\xf6u\
#\xf0N=\xfa^\xfb\x83\xae\xb3\x8e\x0d\x91\x12&V\
U\xa3\xf0\xbe\x9d\xcc\xce\xfbT\x1a@\xcf\x03W3\xcf\
\x01\x1cApL\x84\xec;\xa7\xeb\xfd\x84GR\xc2t\
?\x03\xe8\xd1\xf4%BV\xf8\xc9c\x96\xe8\xda\x03\xe8\
\xd5\xf4\x99\x09]\x0b@\xaf\xa6\xcfL\xe8V\x00z7\
}fA\x97\x02\x10\xa7\xcc\xd2\xd5J\x9f\x99\xd1\x9d\x00\
\x84\xa2r8\xefj4\x94\xe932\xba\x12\x007}\
\xea\xa3+\x01p\xd3\xa7>\xba\x11\x007}\xda\xa0\x0b\
\x01\x88\xdf\xff!7}\x1a\xa1\xb9\x00\x88h\x83c\xf5\
\x0b\xdc\xf4i\x84\xe6\x02\xb0\xcd\xbf\x11\x96\x8a)\xcc\xe2\
)\xb5\xd9\x83Y\xd1^\x00\x0boe\x16K:\xf2\xbe\
\xaeo\xbd\xea\x11M\x05 \x14\x96\xc1Z9\x9dI,\
n\xfa\xd2CS\x01X/\xbc\x8cI\x1cn\xfa\xd2G\
\xdb\x19\xc0\xe1b\x12\xc7\xf7'\xf6\xfb\xfbd\x0b\x9a{\
\x80L\xe9\xdf\xfd\x22\x02{\x1b\xb4\xee\x86a\xd1T\x00\
\xb2\xb7+\xa3\xfa\xdc\xf4e\x8e\xa6\x02\x08\x1e\xfd$\xed\
\xba\xdc\xf4\xb1A\xdb\x19\xa0\xa7\x1d\xc1\xe3\x87R\xae\xc7\
M\x1f;4\xf7\x00\x81\xb7\xb6\xa5\x5c\x87\x9b>vh\
/\x80w\x1b\x10\xfa\xf6H\xd2\xe5\xb9\xe9c\x8b\xe6\x02\
\xa0\xd2\x00<\xcf\xfd\x0a4\xd0\x97\xb0\xec\xe0\x7f\xff\xc9\
M\x1fc\x22\x05\xa0\x99\x9b\x0a\x1e\xfd\x04\xbd\x8f\x5c\x0b\
\xf9\xdc\x99q\xcb\x0c\x1c|\x1d\x9e'\x96q\xd3\xc7\x86\
\xf0?1\xf2\xb9\x00\x1f\x00\xcd\xdeq\x22\xb5~\x80\xee\
\xf53\x91w\xf5m\xc8\xad\xbe\x0e\x96\xd2\xef\x81\x0e\xf4\
!\xf8\xf5G\xe8\xdf\xb3\x15\x83\x1f\xbf\xa9U\xd7L\x07\
\x05\xc2\x9b\x13\x87\x9f\x0cj_j?N\x00\xed\xb6\xac\
\xe4\xa8\x06\x019\xeen\xf2^\x00D\x9c\x02\x08\xa0\xdd\
n\x85\x1cU\xa1\xa0\xe1\xb1\x8e\xf0\x00\xb4U\x8b\xcep\
\xb4\xe0\xbb\xb1\x0e\x0b\x80\x02\x87\xb5\xe9\x0cGm(\x10\
\xbe\xee\x8e\x10\x80e\xbf6\xdd\xe1\xa8\x8dE\xb0\xec\x1b\
\xf9\x1c\x16@i\x9b\xe7C\x00\xda\xeeZ\xc8Q\x83\xde\
\x89\x92'\xbc\x8c\xfa\x9d\x09\xdc\x8b \x80\xdd\x9at\x89\
\xa3&{H3B#\x7fD\xad\x04RBx6\xa5\
\xc9\x91)\x89ZG\x8f\x12@I\xd0\xbb\x93\x02\xdd\xea\
v\x89\xa3\x22gKe\xef\xae\xc8\x03Q\x02 \xcd\x18\
$\x04[\xd4\xed\x13GE\xb6\x90fD\xedR9\xe6\
f\x90\x04\xf2\x14\x00\xbfj]\xe2\xa8\x85_\x22d\xf3\
\xe8\x83c\x040\xe9Uo\x17@\xc7\x14\xe4\x18\x1d\xba\
yhl\xa3\x89y;X\x16\xed\x0f\x83/\x0d\x9b\x06\
\x0a\x9c\x18\x1e\xd31\xc4\x14@Y}{\x1f\x01\xd1\xf6\
\x8d\x86\x1cf\x08 \xbf)\xabo\x8f\x99p1nB\
\x88\xbb\xc9\xdb\x02\xd0\xf4^\xa1\xc1\xd1\x13\x9b\x86\xc62\
6q3\x82\xdcU}\x1b(0ne\x8e\xbe!\xc0\
\x1b\xee*\xdf}\x09\xca\xc4\xa7\xb3\xc6\xe5\xa0\xf9\x81\xf7\
\x01\x5c\xcc\xacg\x1c\xe5\xa18D\xfams\xdc-]\
q\xdfL\x9d0'\xd0\xdd\xd2\xe5\x95C\x96\x1a\x00<\
\x07\xdb8t\x84\x88\xb5&\xd1\xe0\x03I&\x85\x965\
\xf7\x1e\x95C\x96j\x00\x897\xc6\xe7h\x0b\xc5\xa1\x10\
\xac\xb3\xca\x9bz\x8e%S<\xe9\xac\xe0\xb2\xe6\xde\xa3\
\xc4o\x9b\xcd=\x81~!\xc0\x1b\xa4\xdf6'\xd9\xc1\
\x07RL\x0bw\xb7tyK\xaa|\xd7\xf1\xab\x03]\
\xb2\xc9U\xe5\xfby2\xd3~$\x09M\xe0xt.\
u\xd4P\xd0g\x00h\xf7\xeak\x0e\x00\x9c$ k\
\xe2]\xea\xc5#\xed\x07C\xdcM\xde\x16Y,\x986\
<\x1b\xf0{\x07\xea\xe3\x07h\x9d,\x16LKw\xf0\
\x81\x0cf\x80HN-s\xb8DJ\xd7R\xe0\xd7\x04\
(f\x11\x93\x13\x1b\x0at\x13\xe09\x89\x90\x98k\xfb\
\xa9\xc2D\x00#\xd0%\xc8i\x17\x1c\x8b\x04Bo\x04\
p\x15\x00'\xcb\xf8YL/\x80=2%\x0d\xa5\xb2\
w\xd7\xe8[\xba\x99\xc0T\x00\x91\xd0\xf9\xb0\x9e\xadp\
^\x1e\x92C\xf3\x080\x15 U\x04\xa4R\x06u\x10\
\xc0\x01\x80\xdd\xc6\x80\xe6@\xa2\x80W\x00\xf1\x0e\xe5\xed\
\xd3V\x0a\x1c\xb1\x08\x96}\x13O{>\x1aN\xd9\xe3\
p8\x1c\x86\xfc\x1fa|;\xd5Ll[\xf1\x00\x00\
\x00\x00IEND\xaeB`\x82\
\x00\x00\x0d1\
\x89\
PNG\x0d\x0a\x1a\x0a\x00\x00\x00\x0dIHDR\x00\
\x00\x00\x80\x00\x00\x00\x80\x08\x06\x00\x00\x00\xc3>a\xcb\
\x00\x00\x00\x09pHYs\x00\x00\x0e\xc4\x00\x00\x0e\xc4\
\x01\x95+\x0e\x1b\x00\x00\x0c\xe3IDATx\x9c\xed\
\x9d{pT\xd5\x1d\xc7\xbf\xe7\xee\xcdn\xf6\x95@\x92\
MH#F,S\x12\x0d\x84!\x09(Eg\xa83\
Z\xa8\xc2\xa8\x05\xed(3Vm;*\xf8\xe8\x10S\
G\x9d\x98\xa9\xe8P\x9c\x0a\x96\x96:8\x15[\x9di\
\x15\x1f0\x8a\x0aj\x10\x99j\x09\xa0\x90\xf0\x08AH\
\xb2`\xc8k\xc3f\xb3\xaf\xec\xbd{\xfaG\x92eC\
v\xb3\x8f\xdc\xdds\xef\xcd\xfd\xfc\x93\xdd{\xcf\xe3;\
9\xdf=\xf7\xdc\xdf9\xf7\x5c@CCc\xf2BR\
Up}-x\xab%\xa3\x22H\xe9\x0d\x14\xb4\x94\x80\
\xcc\x02\xc8t\x80Z\x01X\x00d\xa4\xaan\x85\x12\x00\
0\x00\x10\x17@\xed\x14\xb4\x99\x80\x9c\xe0\x08\xf9\xca5\
\x108\xb4\xb8\x0eB**\x95\xd4\x00M\xb5\xd0\xbbM\
\xba\xa5\xe0\xc8=\x84\xe2f\x00YR\x96?\x89\xe9\xa7\
\x04\xbb\x11\xa4o\x99=\xe2\xae\xb2:\x0cJU\xb0$\
\x068\xf8\x12\xf2\xa8\xc8?N\x09\x1e\x02\x90#E\x99\
\x1aQq\x10\x8a-D'l\xac\x5c\x8b\x9e\x89\x166\
!\x034\xd5\xc2\xe21\xf3O\x03x\x14\x80i\xa2b\
4\x12\xc2\x03\x82M\x06\x08\xeb\xca\xab\xe1N\xb6\x90\xa4\
\x0d\xd0\xb0^\xb7\x8c\x12n3@\xa7'[\x86\x86\x14\
\x10;\xa1\xc1\xd5U5\xe2\xce\xa4r'\x9a\x81\xd6\x82\
k0\xf3\xeb\x00\xfc!\x99\x0a5R\x04\xc1\x8bU\x03\
\xc23\xa4\x0e\xc1\xc4\xb2%\xc0\xfe\xf5\xb0\xea\x09\xff&\
\x80e\x09\x89\xd3H\x0b\x14\xd8\x11\xa0\xc2\xaaE5p\
\xc5\x9b'n\x03\xfcoC\xe6\x0cB\x85\x9d\x00\xca\x92\
R\xa7\x91.\x9a(\xe1\x97-\xa8\xf6\x9d\x8d'q\x5c\
\x06\x18n\xfco\x00\xe4OH\x9aF\xba\xe8\x12E~\
\xc1\xf5O\xf9Zc%\xe4b%\xd8\xbf\x1e\xd6\xe1_\
\xbe\xd6\xf8\xca!_\xa7\x13v\xee_\x0fk\xac\x84\xe3\
\x1a\x80\xd6\x82\x1b\xbe\xe6k\xdd\xbe\xf2\x98\x9dA\xf8\x7f\
\xd1\xda\xf1\xdbx\xdc\x93\x0d\x16\xfeyh\x03>\xc5B\
\x80\xe5\x07\xcc\xfc\x1fc\xa4\x89L\xc3\x06\xddrJ\xc9\
\x07\xd2\xcb\xd2H7\x84\xd2\xe5\xd1\xe2\x04\x11\x0dpd\
\x03\xcc~\x9aqB\x0b\xf2\xa8\x05b7\x90@i\xa4\
\x88a\xc4K\x80\x1f\xfc\xd3Z\xe3\xab\x09:}\xa8M\
\xc72\xa6\x078\xf8\x12\xf2\x82A\xbe\x0dZl_m\
x8N(\xbe|\x02iL\x0f@E\xfeqh\x8d\
\xafFL\xc1 \xff\xd8\xe5\x07G\xf5\x00M\xb5\xd0{\
\xcc|\x07\xb4)]\xb5\xe20\xb9\x85\xc2\xf0\xf5\x04\xa3\
z\x00\xb7I\xb7\x14Z\xe3\xab\x99\x1c\xafE\xb7$\xfc\
\xc0\xe8K\x00G\xeeI\xab\x1c\x8d\xb4\x13\x04\xb97\xfc\
{\xe8\x12P_\x0b\xdel\xe6{\xa1-\xe3R;N\
\xb7[\xc8\x1bYc\xc8\x8f\x1c\x1d^\xc09i\x1a\x9f\
7\xe6\x22\xa7d\x05\x00\x02G\xf3v\x08\x9en\xd6\x92\
\xd2E\xb6\xc5\x941\x0f\x08\x1c\x00\xc2\x0c\x10\xa4\xf4\x06\
v\x9a\xd2\x0bo\xb2\xe1\xdaU_C\x9fU\x0c\x00(\
\xbc\xae\x06\xc7\xffy=\x02\xee\x0e\xc6\xca\xd2\x03%\xf4\
F\x00\x07\x80\xb01\x00\x05-e\xa6(\xcd\xccX\xf2\
Z\xa8\xf1\x01@o)\xc2\xd5\xbf\xd8\xc6NP\x9a!\
\x94\x96\x8c|\x0e\x19`h\xdd\xbe\xfa1\xe5\xcf\xc1\x94\
\xab\x97\x8e9\x9eU\xfc3\x98\x0b\xab\x18(J?A\
\xeeR[\x87\xdd\x05\x90I\x11\xfa\x9dV\xf5\xfb\xa4\xce\
\xa9\x0az\xa9\xad\xc3\x0c@c.\x1eP:z\xeb\x15\
\xc8)Y\x19\xf5\xfc\xd4\x9f\xdc\x0eC\xf6U\xe9\x13\xc4\
\x08\x12\xd6\xd6\xe1q\x00\x0b\x03-i\xa5\xa0b\x0d\x08\
\x17\xfd\x894Bt(\xa8\x1c\x13-U#\x11\x0d\xa0\
\xeag\xf5t\xfa,\xd8\xca\x1f\x8c\x99\xceVv\x1f\xf8\
\xcc\xa9iP\xc4\x94P[\xc7\x5c\x13\xa8\x16l\xe5\x0f\
B\xa7\x8f\x1d\xe6\xe0\xf4\x16\xd8\xe6\xfe6\x0d\x8a\xe4\xc1\
\xa40\x00\xe12PP\xb1&\xee\xf4\x05\xf3\x1e\x01\xd1\
\xe9S\xa8H>L\x0a\x03\xe4\x94\xac\x84\xdezE\xdc\
\xe93\xcc\x85\xc8\xbd\xe6W)T$\x1f&\x85\x01\xa6\
U=\x91x\x9e\xca\xc9qK\xa8z\x03d\x15\xdf\x04\
S~y\xc2\xf9\x8cy\xd7 {\xc6\xcfS\xa0H^\
\xa8\xde\x00\x13\x09\xeeL\x9b\xaf\xfe^@\xd5\x060\xda\
\xca\x90=\xe3\xe6\xa4\xf3g]\xb9\x18\xa6\xfc\xb9\x12*\
\x92\x1f\xaa6\x80\x14\xa1]\xb5\xf7\x02\xaa5\x80\xdeR\
\x84\xdc\xd2\xbb'\x5cN\xce\xac\x15\xd0[\xd5;M\xa2\
Z\x03\xe4W\xac\x1e7\xec\x1b/\x84\xe3QP\xf9\xa8\
\x04\x8a\xe4\x89*\x0d\xa0\xd3[\x91_\xfe\x1b\xc9\xca\xb3\
\xcdy\x00:C\xb6d\xe5\xc9\x09U\x1a o\xce\xfd\
\x926\x98No\x8dk\x1eA\x89\xa8\xce\x00\x84\xe31\
\xadB\xfa.\xbb`\x9e4\x97\x14\xb9\xa1:\x03\xe4\xcc\
Z\x01}\xd6\x95\x92\x97\xab\xb7^\x81\x9c\xd2\xbb$/\
\x975|\xec$\xca\x807\xd9`\xb2\xcdF\xe1\x82'\
SVG\xe1\xfcj\x04\x06:\xe0\xe9>\xaa\x9aU\xc4\
\x8a3\x00\xd1\x19`\xcc-\x85)\x7f\x0e\x8c\xb6\xd90\
\xe5\x95\xc1h\x9b\x8d\x0csA\xca\xeb6\xe6]\x83Y\
+?\x01\x00\x04\xdc\x9d\xf0\xf64\xc1\xd3\xdd\x08ow\
\xe3\xd0\xdf\x9e\xe3\xa0\xa2?\xe5:\xa4D\xd6\x060d\
\x17\xc3\x987\x1b&\xdbl\x18me0\xda\xe6 s\
\xeaL\x10\x8e\xbd\xec\x0cs\x012\xcc\x05\xc8*\xbe)\
t\x8cR\x11>G\x0b\xbc=\x8d\xf0v\x8d\x98\xa2\x11\
~g\x1bC\xa5\xe3\xc3\xfe?\x89\xa1\xd5:F[\xd9\
pC\xcf\x81\xc9V\x06c\xde\xb5\x8a\xbb\xf5\x22D\x07\
cn\x09\x8c\xb9%\xc0\xac\x15\xa1\xe3\xa2\xdf\x09o\xcf\
1x\xba\x9b\xe0\xed>:\xdck4A\x1c\xecg\xa8\
v\x08f\x06\xd0\xe9\xad(Z\xf4\x1c\xa6\xcc\x5c\x0eC\
vq\xec\x0c\x0aFg\xc8\x86\xa5h!,E\x0bG\
\x1d\xf7;\xdbp\xf1\xf4N\x9c\xdf\xff\x1c3303\
\xc0U\xb7lAN\x89\xfaF\xd5\x89`\xc8.FA\
\xc5\x1ad\x98l\xf8\xfe\xc3UL40\xb9\x0d4\xe5\
\x97O\xfa\xc6\x0f'\xa7\xf4\xee\xa4\xd6,H\x01\x13\x03\
d\xe6N\x9a\xa7\xd0\xe2\xc6\x98\xc7f+F&\x06\xf0\
\xf5\x9e`Q\xad\xac\xf1;\xe3\xda\xdaWr\x98\x18\xc0\
\xd3u\x04\xce\xb3\xbbYT-K\xdc\x1d\x070\xf0\xc3\
7L\xeaf\x16\x0an\xfd\xf4w\x18t\x9dcU\xbd\
l\x18t\x9d\xc3\xe9\x1dw\x014\xa1m\xfe%\x83\x99\
\x01\x06]\xe7pj\xfb\xad\x10\xfdNV\x12\x98#\xfa\
\x9d8\xb5\xfdV\xa6?\x04\xa6\x93A\xde\x9echy\
\xffNPQ\xb2\x97`)\x06*\xfa\xd1\xf2\xfe\x9d\xf0\
\xf6\x1cc\xaa\x83\xf9l\xa0\xcb\xfe%\xce\xec\xfa5\x00\
\xcaZJ\x1a\xa18\xb3\xeb~\xb8\xec_\xb2\x16\xc2\xde\
\x00\x00\xe08\xf96\xec{kX\xcbH\x1b\xf6\xfa'\
\xe18\xf96k\x19\x00db\x00\x00\xb8\xd0\xf02:\
\x0f\xbd\xc2ZF\xca\xe9<\xb8\x09\x17\x0end-#\
\x84l\x0c\x00\x00\xed_\xac\x85\xa3y;k\x19)\xc3\
\xd1\xfc\x0e\xda\xeb\xabY\xcb\x18\x85\xac\x0c\x00P\x9c\xf9\
\xe8>\xb8\xce}\xc5Z\x88\xe4\xb8\xec\xfbp\xe6#\xf9\
\x8dudf\x80\xe1\xd1\xf1{w\xc0\xdbs\x9c\xb5\x14\
\xc9\xb8t\xb7#\xbf\xc5\x22\xb23\x00\x00\x88\xfe\x8bC\
\xf7\xc7\x03\xe7YK\x990\x83\x03\xe7\x87\xe3\x1d\x17Y\
K\x89\x88,\x0d\x00\x00\x83.\xbb\xe2\x03Er\x08\xf4\
\xc4B\xb6\x06\x00\x00ow\x13N\x7f\xf0KE\x06\x8a\
\xa888\x14\xe8\xe9nb-e\x5cdm\x00\x00\xe8\
o\xdf\x8b3\x1f?\x00\xb9\x0d\x9e\xc6G>\x81\x9eX\
\xc8\xde\x00\x00\xe08\xf1o\xd8\xf7*\xe7]\xd5\xf6\xbd\
5p\x9c\xfc\x0fk\x19q\xa1\x08\x03\x00\xc0\x85\x86?\
\xa3\xf3\xd0_X\xcb\x88I\xe7\xa1Wp\xa1\xe1e\xd6\
2\xe2F1\x06\x00\x80\xf6\xfa\xb5\xe8k~\x97\xb5\x8c\
\xa88\x9a\xb7\xa3\xfd\x8b\xb5\xace$\x84\xa2\x0c\x00\x1a\
Dw\xe36\xd6*\xa2\xd2\xd3\xf8\x06\x945VQ\x9a\
\x01\x00dN\xfd1k\x09Q\x91\xb3\xb6h(\xce\x00\
\x86\xa93YK\x88\x8a\x9c\xb5ECq\x06\xc8\x9c\x22\
\xdf_\x99\x9c\xb5ECq\x06\x90\xf3\xafL\xce\xda\xa2\
\xa1,\x03\x10\x0e\x86,\xf9>Ff\xc8*\x06!:\
\xd62\x12BQ\x060dM\x97\xf5&\xceD\xa7\x87\
>+\xfe=\x89\xe5\x80\xb2\x0c0E\xfe]\xac\x124\
\x86\xa3(\x03(\xe16K\x09\x1a\xc3Q\x94\x01\x94\xf0\
\xebR\x82\xc6p\x14f\x80\xabYK\x88\x89\xd6\x03\xa4\
\x90L\x05\xdcfi=@\xca 0d\xcf`-\x22\
&\x86)3\x10\xf6Nn\xd9\xa3\x18\x03\xe8-?\x02\
\x97ab-#&\x1co\x84\xdeZ\xc4ZF\xdc(\
\xc6\x00J\xb8\xfe\x8f`PPHX9\x06H\xc1\xe0\
J\xf4_\x84\xe0sH^\xae\x92\x06\x82\x8a1@\xa6\
\x84\x83+JEt}\xfbw\x1c\xddZ\x82\xc6\xad%\
\xe8<\xbc\x194(HV\xbe\x92\x06\x82\x8a1\x80T\
=@\x7f\xebg8\xb6m\x1e\xda>[\x03\xc1\xdb\x0b\
\xc1\xd7\x87\xf6\xcf\x9f@\xd3\xebs\xe1<\xfb\x89$u\
h=@\x0a\x98\xe8T\xab\xaf\xaf\x05-\xef\xdd\x8e\xe6\
w\x96D|\xea\xc8\xe7h\xc6\xa9\xed\xb7\xe1\xd4\xf6\xdb\
\xe0s4O\xa8.\xad\x07H\x01\xc9\x0e\x02E\xffE\
\xd8\xeb\xab\xd1\xf4\x8fr\x5c\xfc\xfe\xc3\x98\xe9\x9dg?\
A\xd3\xebs\xd1\xfe\xf9\x13\x10|}I\xd5\x99\xa9\xa0\
\x01\xab\x22\x0c\xc0\x9bl\x09o\x1bK\xa9\x88\xae\xef^\
\xc5\xd1\xad\xa5\xb8pp#h0\x10\x7f\xde\xa0\x80\xce\
\xc3\x9b\xd1\xf8Z)\xba\xbe\xdd\x92\xf0\xf8\x80\xd3[\x90\
a\x9e\x96P\x1eV(\xc2\x00\x89v\xff\xfdm_\xe0\
\xd8\x1b\x95h\xdb\xb3\x1a\x82\xb7'\xe9z\x05o/\xda\
>{\x14\xc7\xb6\xcd\x83\xb3uOBySq\xd7\x92\
\x0a\x14a\x00}\x9c\x8b@\xfc}\xdf\xa3\xe5\xfd;\xd0\
\xfc\xf6-\x92>\x92\xe5\xed=\x81S\xef,E\xcb\xbb\
\xcb\xe1\xebk\x89+\x8f!\xeb*\xc9\xeaO%\xb2\xd8\
-<&1\xb6P\x13\xfdN\xfc\xf0\xf5:t\x1e\xfe\
kJ\x9f#\xbcxf\x17\x9c\xad{\x90?\xefa\x14\
-|\x06:\xc3\x94\xe8\x89\x19m\xfb\x96(\x8a\xe8\x01\
\x5c\xe7\xf6E|\xbc\x9aR\x11\xddG\xb6\xe2\xe8k\xa5\
\xb8\xd0\xf0rZ\x1e\x22\xa5\xc1\x00:\x0fn\xc2\xd1\xad\
\xa5\xe8\xfa\xeeUP*\x8eI#\xfa\x9d\xe8o\xdf\x9b\
r-R\xa0\x08\x03\x04\xdc\x9dh\xfd\xf4\xa1Q\x83\xb1\
\xfe\xf6z\x1c\x7f\xa3\x0a\xad\xbb\x1ff\xf2\xfa\x16\xc1\xdb\
\x83\xb6=\xabql[\x05\xfa\xdb>\x0f\x1d\xa7TD\
\xeb\xeeG\x10pw\xa4]S2\x84\xa6\xad\x0e\xfc\x89\
\x97\xfd#-\x99Sg\xc2R\xb4\x10\xde\xde\x93pw\
\x1c`-g\x14\xe6\xc2*\x18sK1p\xfe\xbf\xf0\
\xf5\x9df-'&\xf3\x9f\x14\x080z\x0c\x10\x00 \
\xeb\xf7\xa2\xf9\xfaN\xcb\xf6\x9f\xeb\xeeh\x80\xbb\xa3\x81\
\xb5\x8cx\x09\xdd\x13\x87_\x02\x06\x18\x08\xd1`\x83k\
\xe4C\x98\x01\x88+RJ\x0d\xf5A\xc3\xda:\xcc\x00\
\xd4\xceB\x8c\x06\x03\xc8\xa5\xb6\x0e\x19\x80\x82Nl\x06\
DC1p\xc1Km\x1d2\x00\x01\xd1^\xe31I\
\xa0\x84\x9c\x1c\xf9\x1c2\x00G\x88\xfa\xb6\xe7\xd4\x88\x08\
\xa1d\xdf\xc8\xe7\x90\x01\x5c\x03\x81C\x00\xd8\xbf\xc9P\
#\xd58\xcf\xce\x08\x1c\x1a\xf9\x122\xc0\xe2:\x08\x94\
@{\x91\x8f\xca\xa1\x04{V\xaeD(~=:\x14\
\x1c\xa4o\xa5]\x91FZ\xe1@\xdf\x1c\xfd=\x0c\xb3\
G\xdc\x05@\xfae\xb2\x1ar\xa1\xd78 ~\x1c~\
`\x94\x01\xca\xea0H(\xb6\xa4W\x93F\x1a\xd9R\
V\x87QS\xa6cf\x03\x89N\xd8\x08\xc0\x936I\
\x1a\xe9\xc2\xc3q\xc2\xa6\xcb\x0f\x8e1@\xe5Z\xf4\x80\
`LB\x0d\x85C\xb0\xa9r-\xc6\xac\x8f\x8b\xb8\x1e\
\xc0\x00a\x1d@\xb4\xd0\xb0j \xedCm:\x96\x88\
\x06(\xaf\x86\x9b\xd0\xe0\xea\xd4\x8a\xd2H\x17\x84\x06\xd7\
\x94W\xc3\x1d\xe9\x5c\xd4\x15AU5\xe2N\x10\xbc\x98\
:Y\x1a\xe9\x80\x02/T\xd5\x88;\xa3\x9d\x1fwI\
X\xd5\x80\xf0\x0c\x80\xa8\x995\xe4\x0d\x05v\xccw\x0b\
\xcf\x8e\x97f\x5c\x03\x90:\x04\x07\xa9p/\x00y\xbf\
\xf6B#\x12\x8d\x01*\xac\x22u\x18wyr\xccE\
\xa1\x8bj\xe0\xa2\x84_\x06\xa0K2i\x1a\xa9\xa6K\
\x14\xf9e\x8bj\x10s\x91O\x5c\xab\x82\x17T\xfb\xce\
R\xc2_\x07\xad'P\x02\x8d\xa2\xc8/\xb8\xfe)_\
k<\x89\xe3^\x16\xbe\xa0\xdawv\x90\x0a\x0b\xa1\x8d\
\x09d\x0b\x05v\x0cR\xe1\xa7\xf16>\x90\xc4nF\
\xb4\x16\x5c\x83\x85\x7f\x1e\x14O%\x9aW#uP\xe0\
\x85\xf9n\xe1\xd9X\xd7\xfc\xcbIz;\xab\x86\xf5\xba\
e\x94p\x9b\x01:=\xd924\xa4\x80\xd8\x09\x0d\xae\
\x1e\xefVo\xdc\xdc\x13\xa9\xfa\xc8\x06\x98\xfd\xe0\x9f\x06\
\xc5c\x00\xe4\xbf\x85\x97\xba\xf0\x80`\x93\x01\xc2\xbah\
A\x9ex\x90dC\xbb\x83/!/\x18\xe4\x1f\x03\xf0\
0\x80\x1c)\xca\xd4\x88\x8a\x03\xc0\xdf8N\x88\x18\xdb\
O\x14Iw4l\xaa\x85\xdek\xd1-\x09\x82\xdcK\
(n\x06\x90%e\xf9\x93\x18'%\xd8\xc3\x81\xbei\
\x1c\x10?\xbe|Jw\x22\xa4lK\xcb\xfaZ\xf0\x16\
S\xc6<J\xe8\x8d\x84\xd2\x92 Gf\x81\x92\xe9\x04\
\xd4\x0a\xc0\x0a\x99?\x86\xc6\x80\x00\x00\x17\x05q\x81P\
;\x17\xa4\xcd\x94\x90\x93\x84\x92}\x03\x9e\xc0\xe1\xc5u\
\x90n\x1b3\x0d\x0d\x0d\x0d\x00\xc0\xff\x01\x83-\x00\xf2\
?\xba\x17\xbe\x00\x00\x00\x00IEND\xaeB`\x82\
\
"

qt_resource_name = b"\
\x00\x05\
\x00o\xa6S\
\x00i\
\x00c\x00o\x00n\x00s\
\x00\x08\
\x0aaB\x7f\
\x00i\
\x00c\x00o\x00n\x00.\x00i\x00c\x00o\
\x00\x0a\
\x08\x0aO\x87\
\x00r\
\x00e\x00p\x00a\x00i\x00r\x00.\x00p\x00n\x00g\
\x00\x0e\
\x02\xb6-'\
\x00e\
\x00x\x00p\x00e\x00d\x00i\x00t\x00i\x00o\x00n\x00.\x00p\x00n\x00g\
\x00\x0a\
\x09\xe9TG\
\x00a\
\x00k\x00a\x00s\x00h\x00i\x00.\x00p\x00n\x00g\
\x00\x0b\
\x0c\xe2.G\
\x00d\
\x00e\x00f\x00a\x00u\x00l\x00t\x00.\x00p\x00n\x00g\
\x00\x09\
\x00'\x84\xc7\
\x00b\
\x00u\x00i\x00l\x00d\x00.\x00p\x00n\x00g\
\x00\x0b\
\x0eqB\xa7\
\x00f\
\x00a\x00t\x00i\x00g\x00u\x00e\x00.\x00p\x00n\x00g\
"

qt_resource_struct = b"\
\x00\x00\x00\x00\x00\x02\x00\x00\x00\x02\x00\x00\x00\x01\
\x00\x00\x00\x00\x00\x00\x00\x00\
\x00\x00\x00\x00\x00\x02\x00\x00\x00\x06\x00\x00\x00\x03\
\x00\x00\x00\x00\x00\x00\x00\x00\
\x00\x00\x00\x10\x00\x00\x00\x00\x00\x01\x00\x00\x00\x00\
\x00\x00\x01\xa0\x8e\xad?\xd3\
\x00\x00\x00\x98\x00\x00\x00\x00\x00\x01\x00\x01\xd7\xc7\
\x00\x00\x01\xa0\xb0\xd1\xd4f\
\x00\x00\x00@\x00\x00\x00\x00\x00\x01\x00\x01\xb4\xc5\
\x00\x00\x01\xa0\xb0\xd1\xd4f\
\x00\x00\x00&\x00\x00\x00\x00\x00\x01\x00\x01\xa9\x8f\
\x00\x00\x01\xa0\xb0\xd1\xd4f\
\x00\x00\x00b\x00\x00\x00\x00\x00\x01\x00\x01\xbf\x81\
\x00\x00\x01\xa0\xb0\xd1\xd4f\
\x00\x00\x00|\x00\x00\x00\x00\x00\x01\x00\x01\xc9J\
\x00\x00\x01\xa0\xb0\xd1\xd4x\
\x00\x00\x00\xb0\x00\x00\x00\x00\x00\x01\x00\x01\xe4v\
\x00\x00\x01\xa0\xb0\xd1\xd4f\
"

def qInitResources():
    QtCore.qRegisterResourceData(0x03, qt_resource_struct, qt_resource_name, qt_resource_data)

def qCleanupResources():
    QtCore.qUnregisterResourceData(0x03, qt_resource_struct, qt_resource_name, qt_resource_data)

qInitResources()
